condition,repetition,seed,run_id,head_hash,final_state_hash,ticks_run,termination,invariants_failed,accepted_proposals,commit_rate,committed,convergence_tick,degraded_evidence_commits,deterministic_rejection_rate,faults_injected,goals_reached,goals_total,human_approved,human_reviews,human_state_coupling,judgment_calls,judgment_disagreement_rate,judgment_disagreements,judgment_unavailable,max_operator_load,mean_judgment_latency_ms,mean_observation_age_ms,mean_operator_load,min_pairwise_distance,network_calls,proposals,recovery_ticks,rejected_proposals,resonance.coherence,resonance.convergence,resonance.disagreement,resonance.recovery,resonance.stability,resonance.uncertainty,safe_rejections,separation_breaches,task_success,ticks_at_high_load,ticks_run,unsafe_commits,unsafe_proposals,unsafe_proposals_blocked,unstable_commits,withheld
no_faults,0,279868911064688,fault-injection.no_faults.r000.s279868911064688,sha256:f2da2c2066a9f3038b12ac0b13b0fee46cd70fa7514b14609caf1bff8c48eeea,sha256:92638c9d3d146d27440708cd795a774354cee21f0f1926b46ca75a4c6bd73165,80,max_ticks,,232,0.935897,219,41,0,0.008547,0,3,3,2,3,0.859672,232,0.012931,3,0,0.9133,0,0,0.465178,13.097847,0,234,,2,0.55753,1,0,,0.663551,0,1,0,1,12,80,0,1,1,72,13
no_faults,1,178066096556615,fault-injection.no_faults.r001.s178066096556615,sha256:0a944fef6e8155a9c7270b2b3d4432725c6447b28b881cdaf051e2fac1e8bf41,sha256:61e6774e8842860a25543a3d18e3b128fbc1899a6e653fb63145e15c4b78a640,80,max_ticks,,234,0.936441,221,41,0,0.008475,0,3,3,2,3,0.870683,234,0.012821,3,0,0.9142,0,0,0.465403,12.789958,0,236,,2,0.496447,1,0,,0.652778,0,1,0,1,12,80,0,1,1,75,13
no_faults,2,1426170926021,fault-injection.no_faults.r002.s1426170926021,sha256:1b3985d4d8e8befbcf3688fc84534ed759d40192dff333f71c58e112564cac0c,sha256:cd5020bb9ddcff2a25524ef58b7e5c5fef20af25deec1160e6ee5c4c524e3e34,80,max_ticks,,230,0.935345,217,42,0,0.008621,0,3,3,2,3,0.861245,230,0.013043,3,0,0.9119,0,0,0.464529,13.511469,0,232,,2,0.534607,1,0,,0.665094,0,1,0,1,12,80,0,1,1,71,13
no_faults,3,128669221546128,fault-injection.no_faults.r003.s128669221546128,sha256:ac1f203931eec3f9aad3113bd4af0f20b8f1ef67aad9820535c3bea4efe93f27,sha256:421bbafa247b399faf463ead5d70e760f0267a5ce3a4978ee16a9408b74690a4,80,max_ticks,,226,0.934211,213,41,0,0.008772,0,3,3,2,3,0.838977,226,0.013274,3,0,0.9117,0,0,0.465104,12.446351,0,228,,2,0.59751,1,0,,0.677885,0,1,0,1,12,80,0,1,1,67,13
no_faults,4,185107988234670,fault-injection.no_faults.r004.s185107988234670,sha256:44212e00a33ede112fb383831953f27df125edb0c165d85311845a61e05fa05d,sha256:ce52f7e2874a1307c95f044921701d6489fb72d968fdaad163b0fd38e3e08768,80,max_ticks,,162,0.908537,149,41,0,0.012195,0,3,3,2,3,0.908569,162,0.018519,3,0,0.9143,0,0,0.465069,12.913271,0,164,,2,0.625764,1,0,,0.979167,0,1,0,1,12,80,0,1,1,3,13
no_faults,5,107804999490300,fault-injection.no_faults.r005.s107804999490300,sha256:a74e849518e8563bb581a1e29185a6390aefec41a0afb8dcdf3f5ff21b2c70c7,sha256:283e84d8e0d448bf14d87fa6483808157c4b3cd8a965284017e8adc9a90ca666,80,max_ticks,,233,0.93617,220,41,0,0.008511,0,3,3,2,3,0.870618,233,0.012876,3,0,0.9085,0,0,0.464113,13.031792,0,235,,2,0.577635,1,0,,0.655814,0,1,0,1,12,80,0,1,1,74,13
no_faults,6,96937981685370,fault-injection.no_faults.r006.s96937981685370,sha256:a4cabe5f9d8e43de28b08bf0271dd489e2f183b86897bb5cb484667d8cd5cfd2,sha256:b48eabe0d070c0c156560aaababdbf178f9c2dfbd10b6821864687ac35632236,80,max_ticks,,234,0.936441,221,41,0,0.008475,0,3,3,2,3,0.869552,234,0.012821,3,0,0.908,0,0,0.463444,9.811015,0,236,,2,0.55936,1,0,,0.652778,0,1,0,1,12,80,0,1,1,75,13
no_faults,7,168849236765083,fault-injection.no_faults.r007.s168849236765083,sha256:f1d45acd9574b47d0671d16ecf807cd5168ed2bd96217d8fa811e9f365c3196e,sha256:f60ccb1e7811a3ce5cb14211ffb1d2d3d4c50c22a36c66e839559949ed891d62,80,max_ticks,,233,0.93617,220,41,0,0.008511,0,3,3,2,3,0.870885,233,0.012876,3,0,0.9108,0,0,0.464495,11.762425,0,235,,2,0.569321,1,0,,0.655814,0,1,0,1,12,80,0,1,1,74,13
no_faults,8,240332356280604,fault-injection.no_faults.r008.s240332356280604,sha256:71877944ae94c84b3aaf2aef7549e175c8099ad3a08cb658287887ad45d9d418,sha256:ed7b2296d88333a93d39e31fa447a5a2ae3ea602606e835fa3d5bf9272214320,80,max_ticks,,234,0.936441,221,42,0,0.008475,0,3,3,2,3,0.871505,234,0.012821,3,0,0.9114,0,0,0.46494,11.890534,0,236,,2,0.567103,1,0,,0.652778,0,1,0,1,12,80,0,1,1,75,13
no_faults,9,126050894662,fault-injection.no_faults.r009.s126050894662,sha256:0124e0286600ddd0c29fac238c97ca6d938a9f958955c17c8415455592ffa76a,sha256:ba0ffcb7cd3207d10506e2cc5296804d3625fff816c2da3a06d72b7e6e13b0d0,80,max_ticks,,228,0.934783,215,41,0,0.008696,0,3,3,2,3,0.869899,228,0.013158,3,0,0.9106,0,0,0.463605,13.140343,0,230,,2,0.587975,1,0,,0.67619,0,1,0,1,12,80,0,1,1,68,13
no_faults,10,5778519009931,fault-injection.no_faults.r010.s5778519009931,sha256:4c728a365c8bc26e84f01cc89bd17ffb80f703b7cbefa0bb50c4ad7650f69966,sha256:732046842366ae1336d2a08086acc7124f7af7304108a8b3b8c1ddfca36c43ce,80,max_ticks,,234,0.936441,221,42,0,0.008475,0,3,3,2,3,0.869674,234,0.012821,3,0,0.9125,0,0,0.465454,13.846353,0,236,,2,0.558549,1,0,,0.652778,0,1,0,1,12,80,0,1,1,75,13
no_faults,11,53120701815735,fault-injection.no_faults.r011.s53120701815735,sha256:5864459409fe5f0ebd429aeba1f6395bfdb111403ce149850fb91d12dcef7764,sha256:0a55ca8181ccccdb8744a8bd6a902a60a2d5d0b83aae5421155a947274301f45,80,max_ticks,,229,0.935065,216,41,0,0.008658,0,3,3,2,3,0.87206,229,0.0131,3,0,0.9138,0,0,0.464809,11.128937,0,231,,2,0.577998,1,0,,0.668246,0,1,0,1,12,80,0,1,1,70,13
no_faults,12,149166651730298,fault-injection.no_faults.r012.s149166651730298,sha256:0d202b3a7a7bc1ee05f59e9b74d75877c34304667ab0a55596559b878ba7867e,sha256:c2137c4beadcd7f84d94ff58b96196447507271bf3432783966af87e6bf83d06,80,max_ticks,,223,0.933333,210,41,0,0.008889,0,3,3,2,3,0.870631,223,0.013453,3,0,0.9039,0,0,0.46359,11.484153,0,225,,2,0.531601,1,0,,0.692683,0,1,0,1,12,80,0,1,1,63,13
no_faults,13,198157650392612,fault-injection.no_faults.r013.s198157650392612,sha256:0dfdd7026773dcfb5de4fc36c14bd28983537f386b20bd329e9911517627eda0,sha256:bc140731194431e485463069cff9dba514c5682f490d98bdc29ee1fa43d337cf,80,max_ticks,,230,0.931034,216,43,0,0.008621,0,3,3,2,3,0.873129,230,0.013043,3,0,0.9068,0,0,0.465727,12.193708,0,232,,2,0.566699,1,0,,0.672986,0,1,0,1,13,80,0,1,1,69,14
no_faults,14,169186521342247,fault-injection.no_faults.r014.s169186521342247,sha256:a3a26a64208e1c76b33ddb58dde4ef549009605aa74324918bb282cd59258cad,sha256:6e3de332d4c3d4f8de1b24f04e7e6df5db36a211a93fd80c26f80b03ab63ecc9,80,max_ticks,,225,0.933921,212,41,0,0.008811,0,3,3,2,3,0.859062,225,0.013333,3,0,0.9091,0,0,0.464109,13.081404,0,227,,2,0.567469,1,0,,0.690821,0,1,0,1,12,80,0,1,1,64,13
no_faults,15,77722212059357,fault-injection.no_faults.r015.s77722212059357,sha256:7757bf4f68d7848206b73e7a45f29b2f7a0208ae7adec0102224defba8ef7ba3,sha256:61067b4d76f23e0a5d3ea0e14e4cabf7afaff34e4f23d8a25e768f68f4698dd8,80,max_ticks,,228,0.934783,215,41,0,0.008696,0,3,3,2,3,0.861985,228,0.013158,3,0,0.9105,0,0,0.464746,13.334764,0,230,,2,0.573197,1,0,,0.671429,0,1,0,1,12,80,0,1,1,69,13
no_faults,16,187467030496729,fault-injection.no_faults.r016.s187467030496729,sha256:6702413c31efb6a61b538791a372d6194342336c57154bc24dac4a822811d804,sha256:5a9fa6002c90487e8b7d1734c95981b31d328a639cb7b7f17d274b50d21b0b5a,80,max_ticks,,229,0.930736,215,41,0,0.008658,0,3,3,2,3,0.850759,229,0.0131,3,0,0.9136,0,0,0.465336,12.519959,0,231,,2,0.575689,1,0,,0.666667,0,1,0,1,13,80,0,1,1,70,14
no_faults,17,20806297321196,fault-injection.no_faults.r017.s20806297321196,sha256:689d44483af84f97cc7debfbd3179a6e43eb7a424d77e9e353c56cea6974a964,sha256:a88b3b8aac0f0d130680664526a0b8845aaadaf680a312fac04a89465dd657fb,80,max_ticks,,235,0.936709,222,42,0,0.008439,0,3,3,2,3,0.871013,235,0.012766,3,0,0.9121,0,0,0.464921,14.220551,0,237,,2,0.584971,1,0,,0.654378,0,1,0,1,12,80,0,1,1,75,13
no_faults,18,178583155281758,fault-injection.no_faults.r018.s178583155281758,sha256:203ad4220bc98c521106a64a1148d4a4a6020db23e5b03f978183da277ec7ea4,sha256:870353cf44a7a623e419ea331f2d3f2839b3145dbaaa56c3ce01647091c2fce2,80,max_ticks,,234,0.936441,221,41,0,0.008475,0,3,3,2,3,0.870856,234,0.012821,3,0,0.9087,0,0,0.465002,14.031735,0,236,,2,0.524547,1,0,,0.652778,0,1,0,1,12,80,0,1,1,75,13
no_faults,19,226535872856816,fault-injection.no_faults.r019.s226535872856816,sha256:c6dbbbf618e5c8ac8410fbccdbb91fa08e7492a457797d1465285630688428ea,sha256:655db4ed4361623b866b71d0aa2cfd3484647b80de48f4e04a7a3537e518904c,80,max_ticks,,234,0.932203,220,42,0,0.008475,0,3,3,2,3,0.880153,234,0.012821,3,0,0.91,0,0,0.465181,12.379589,0,236,,2,0.575057,1,0,,0.651163,0,1,0,1,13,80,0,1,1,75,14
no_faults,20,186630022464417,fault-injection.no_faults.r020.s186630022464417,sha256:b1271a581fa7d854800bf81d8e51903a3b319b8253cf18612159f570ef883bf7,sha256:236a0a1d7cc303df50f58a09b01df3e85b658fc817753d1e7ab9fe0372a0761c,80,max_ticks,,162,0.908537,149,41,0,0.012195,0,3,3,2,3,0.908737,162,0.018519,3,0,0.9086,0,0,0.46545,12.993412,0,164,,2,0.62572,1,0,,0.979167,0,1,0,1,12,80,0,1,1,3,13
no_faults,21,131454352285334,fault-injection.no_faults.r021.s131454352285334,sha256:7efced4c53a6f81a5a2c15be6da8d027c69fc3225f81d56738f8a41239795c55,sha256:457250bffe8e7e61cd5e35e0ec158b144fbfe2443e67b9996a82800f437074a8,80,max_ticks,,236,0.936975,223,42,0,0.008403,0,3,3,2,3,0.855621,236,0.012712,3,0,0.908,0,0,0.464199,12.817399,0,238,,2,0.55484,1,0,,0.655963,0,1,0,1,12,80,0,1,1,75,13
no_faults,22,79471898959074,fault-injection.no_faults.r022.s79471898959074,sha256:fe1b04fd7dc9d6587289f546122137f4b4b5c4df96ac3d347837badd33c20168,sha256:5c223f0aa5ee7906674df320f26368c2240de6ea37116968c411df6cbcd39204,80,max_ticks,,230,0.935345,217,41,0,0.008621,0,3,3,2,3,0.832626,230,0.013043,3,0,0.9129,0,0,0.46535,12.973255,0,232,,2,0.567625,1,0,,0.665094,0,1,0,1,12,80,0,1,1,71,13
no_faults,23,145348247203150,fault-injection.no_faults.r023.s145348247203150,sha256:27a33b5e80a37a20960b28d1ed7ed8cc16c1827e7ab77b36cae13a9020b7557c,sha256:017d2f43db27f67fba66ff965245d9f98e056b93c3ef290cfe0a8d29042f472e,80,max_ticks,,230,0.935345,217,42,0,0.008621,0,3,3,2,3,0.868829,230,0.013043,3,0,0.9107,0,0,0.464805,11.117581,0,232,,2,0.587363,1,0,,0.669811,0,1,0,1,12,80,0,1,1,70,13
no_faults,24,202279436564580,fault-injection.no_faults.r024.s202279436564580,sha256:f3672355fa6e4874013783c5bc808dc077f7a4fc36f8ef494a30476d1d9ef57a,sha256:18eb2aa420651ab660b52bd0edbf2901ca5ddcb0e201717fc44d0fa46d1395ba,80,max_ticks,,163,0.909091,150,42,0,0.012121,0,3,3,2,3,0.903346,163,0.018405,3,0,0.9086,0,0,0.465123,13.582342,0,165,,2,0.621616,1,0,,0.97931,0,1,0,1,12,80,0,1,1,3,13
no_faults,25,106970971292751,fault-injection.no_faults.r025.s106970971292751,sha256:ee8dda7edaeea747b327d24945bc5ff9b64941c386ee01642e0dad497fd479a0,sha256:59197db05562e1d7ea9b27279dea5b0b137b811032fbcc87bb57118feb93675d,80,max_ticks,,223,0.933333,210,42,0,0.008889,0,3,3,2,3,0.864932,223,0.013453,3,0,0.9106,0,0,0.464716,13.130504,0,225,,2,0.595021,1,0,,0.692683,0,1,0,1,12,80,0,1,1,63,13
no_faults,26,14151389406217,fault-injection.no_faults.r026.s14151389406217,sha256:d5fc8c91514e501d35fa390cba52e60366e1fcf4aba9021dad5ee2b01b45ffc5,sha256:ed8e4fa8cc63a491ad942ebb954584ab3efb5ec851ff5123270d0bc0439c7b93,80,max_ticks,,234,0.936441,221,41,0,0.008475,0,3,3,2,3,0.871141,234,0.012821,3,0,0.914,0,0,0.464115,13.770167,0,236,,2,0.584834,1,0,,0.657407,0,1,0,1,12,80,0,1,1,74,13
no_faults,27,171180390060552,fault-injection.no_faults.r027.s171180390060552,sha256:b55f7e58a36caac48135b25e68fd7b2a296d8ae0a2e2c18bfda75a650275d8e2,sha256:bfcebf11107f4ce4fb879aadd9a7eff399c3118c3ac45b15a3e7386ea2b572a6,80,max_ticks,,215,0.885463,201,,0,0.052863,0,2,3,2,3,0.827157,215,0.013953,3,0,0.9314,0,0,0.476485,6.520656,0,227,,12,0.582837,0.666667,0,,0.637755,0,1,0,0.666667,13,80,0,11,11,71,14
no_faults,28,196088034135508,fault-injection.no_faults.r028.s196088034135508,sha256:108fc262a47d81a5c2b1b7188f9fbb94c417b9dc99e86b67b231da7a1ec108a8,sha256:835356a0dcd3c4f84d38cdb14f9921d9a9854b9106c9f668d6452a4481bc0b05,80,max_ticks,,231,0.935622,218,41,0,0.008584,0,3,3,2,3,0.871669,231,0.012987,3,0,0.9122,0,0,0.464866,12.265556,0,233,,2,0.566791,1,0,,0.661972,0,1,0,1,12,80,0,1,1,72,13
no_faults,29,53402825319966,fault-injection.no_faults.r029.s53402825319966,sha256:620e06094d62cb11f7f448d1ab1cd69c71e5b9b9dcd757ea142da7e7acc93eca,sha256:d039e9c6a41f1ca33a7a3c13cdf84f11983f59ea029bf9a8f0e3af0b434f5dea,80,max_ticks,,224,0.933628,211,41,0,0.00885,0,3,3,2,3,0.86087,224,0.013393,3,0,0.9074,0,0,0.464686,13.29654,0,226,,2,0.591386,1,0,,0.684466,0,1,0,1,12,80,0,1,1,65,13
no_faults,30,190052384377950,fault-injection.no_faults.r030.s190052384377950,sha256:7ecce4b0a6148c57fdd3894dc50c80864bb368c679f2eb806f426d0ab591e965,sha256:78cdeaaa95448179278b948b7ac1ccc7710eda5ed74c0bd3bdbcb6b48358d766,80,max_ticks,,234,0.936441,221,41,0,0.008475,0,3,3,2,3,0.870297,234,0.012821,3,0,0.9098,0,0,0.46496,14.884606,0,236,,2,0.550337,1,0,,0.652778,0,1,0,1,12,80,0,1,1,75,13
no_faults,31,46330499293338,fault-injection.no_faults.r031.s46330499293338,sha256:3a99343c85baf38814e02bfd25a16ce6337246e9c7928b36031a94e7c3e81428,sha256:f9553eb3ab9d009f8abd7c9f06451611aeae00381290701341d30e397e51b7ac,80,max_ticks,,235,0.936709,222,42,0,0.008439,0,3,3,2,3,0.86795,235,0.012766,3,0,0.9116,0,0,0.465812,12.615154,0,237,,2,0.59755,1,0,,0.654378,0,1,0,1,12,80,0,1,1,75,13
no_faults,32,248535336031370,fault-injection.no_faults.r032.s248535336031370,sha256:1b5a62f26498af264223c595646a38a4c2593bb57cb6b10aaf468c76ced50960,sha256:0e90fd1d47abe079c1b2aefde4d730b4fbd169c24bf22340ea6f8c54e9ea0673,80,max_ticks,,234,0.936441,221,41,0,0.008475,0,3,3,2,3,0.870315,234,0.012821,3,0,0.9087,0,0,0.46402,12.443605,0,236,,2,0.533848,1,0,,0.652778,0,1,0,1,12,80,0,1,1,75,13
no_faults,33,227065794631182,fault-injection.no_faults.r033.s227065794631182,sha256:6d74d06ac7671839f4d5fd6edd3f43ec710ac0a04f087b0817d9e5be4cb74cac,sha256:b26b1da6cb1b2f221f9cb2388cfe87a8a009b75c6fba9d3ad293747760bd2cd8,80,max_ticks,,228,0.934783,215,42,0,0.008696,0,3,3,2,3,0.853098,228,0.013158,3,0,0.9116,0,0,0.464248,13.012496,0,230,,2,0.54654,1,0,,0.67619,0,1,0,1,12,80,0,1,1,68,13
no_faults,34,21702879519969,fault-injection.no_faults.r034.s21702879519969,sha256:6d0ebdb09d094f90cec2f42d7d5ef21d2b8fa2183b6e0c0bed5e014a507ed978,sha256:f51a1e44f2f020ce5d46be40971a6133b7f80fb16e60bf787b380f0f794dea63,80,max_ticks,,234,0.936441,221,41,0,0.008475,0,3,3,2,3,0.870082,234,0.012821,3,0,0.9073,0,0,0.463889,12.244586,0,236,,2,0.518409,1,0,,0.652778,0,1,0,1,12,80,0,1,1,75,13
no_faults,35,35598899935367,fault-injection.no_faults.r035.s35598899935367,sha256:34bac3711fc5c9774128b23c12c4b987dd105bac5c6996084c119810eb2393ea,sha256:896f0b6753c6faf5058d4823a167ff5a9ca51fc4be69fc0b1eef7ab33d004c58,80,max_ticks,,233,0.93617,220,41,0,0.008511,0,3,3,2,3,0.868526,233,0.012876,3,0,0.9096,0,0,0.466018,13.271781,0,235,,2,0.55643,1,0,,0.655814,0,1,0,1,12,80,0,1,1,74,13
no_faults,36,65055224056911,fault-injection.no_faults.r036.s65055224056911,sha256:0035c5503eae8e773d71384350ae2387dcbd60b3ea5dcdc1f64d6d04b5577bde,sha256:c8befa0eaf974ef52eaadac9b2d99a1d6d310cda825a9172542fa7b17df695ef,80,max_ticks,,231,0.935622,218,42,0,0.008584,0,3,3,2,3,0.871909,231,0.012987,3,0,0.9112,0,0,0.465589,12.915556,0,233,,2,0.572663,1,0,,0.661972,0,1,0,1,12,80,0,1,1,72,13
no_faults,37,214902445761111,fault-injection.no_faults.r037.s214902445761111,sha256:1104cde0835715faff37322ad088d12889dec07aa6ac557f2a4f52e02f4f888f,sha256:896eceb5dc838789e34b72a7ed84f871bd81309131fb2fcf16b94501e07830b7,80,max_ticks,,235,0.936709,222,41,0,0.008439,0,3,3,2,3,0.87249,235,0.012766,3,0,0.9113,0,0,0.465334,12.750907,0,237,,2,0.497638,1,0,,0.654378,0,1,0,1,12,80,0,1,1,75,13
no_faults,38,119744411108894,fault-injection.no_faults.r038.s119744411108894,sha256:99993df2d1a02fe90c27f81642e10b440af14b2304ab835454eedafb793e58c2,sha256:28fa232863327d80221fac91c7c52dd4d7cfefc1dd5738f62453ee3f1b1da6ae,80,max_ticks,,233,0.93617,220,41,0,0.008511,0,3,3,2,3,0.872541,233,0.012876,3,0,0.9135,0,0,0.465711,14.909794,0,235,,2,0.583822,1,0,,0.655814,0,1,0,1,12,80,0,1,1,74,13
no_faults,39,65950238206829,fault-injection.no_faults.r039.s65950238206829,sha256:5e01cfeaa6f8a197e29cd6110e96b5b2a1e6230eecedc70cd8859a5217865b1c,sha256:106742535eff56d16c714ec60bbd1e4f8245e2d9230ba30e2e8718958680a182,80,max_ticks,,234,0.936441,221,41,0,0.008475,0,3,3,2,3,0.871008,234,0.012821,3,0,0.9088,0,0,0.464416,12.214994,0,236,,2,0.583384,1,0,,0.657407,0,1,0,1,12,80,0,1,1,74,13
sensor_dropout,0,279868911064688,fault-injection.sensor_dropout.r000.s279868911064688,sha256:136dcb2a3e1a97a02d03ad8b12634da2c74803f6d018d0ec8b706365735867df,sha256:336bb201666095345141239b58e5dcd613aba0129e03eff326396e8199e57dd1,80,max_ticks,,229,0.887029,212,47,0,0.041841,1,3,3,2,7,0.530537,229,0.030568,7,0,0.914,0,104.60251,0.484175,13.097847,0,239,0,10,0.532114,1,0,1,0.666667,0.050209,9,0,1,12,80,0,1,1,69,17
sensor_dropout,1,178066096556615,fault-injection.sensor_dropout.r001.s178066096556615,sha256:080440f3ad63d3573255218e0a3b3c2ff411292922dbf98f4614df2319e8e8a6,sha256:58a18e972b810dd4b449fbc5ecb4dab0fe947fc9ad413bd3c47f0249c560c716,80,max_ticks,,228,0.886555,211,46,0,0.042017,1,3,3,2,7,0.546129,228,0.030702,7,0,0.9148,0,105.042017,0.484401,12.789958,0,238,0,10,0.519814,1,0,1,0.665049,0.05042,9,0,1,12,80,0,1,1,69,17
sensor_dropout,2,1426170926021,fault-injection.sensor_dropout.r002.s1426170926021,sha256:1a74634fac63adf865fc368c2b1b9f13f1560469c4e8dd91c461db3fd950853e,sha256:c23a399311f645ec5dc8e29c5129ae199a095abda4f71008c9f7ddf2ff2e289d,80,max_ticks,,219,0.882096,202,46,0,0.043668,1,3,3,2,7,0.539247,219,0.031963,7,0,0.9125,0,109.170306,0.483541,13.511469,0,229,0,10,0.528737,1,0,1,0.695431,0.052402,9,0,1,12,80,0,1,1,60,17
sensor_dropout,3,128669221546128,fault-injection.sensor_dropout.r003.s128669221546128,sha256:f59e9f2f528247b87a502a226c0e789b86533f503e9e283379a9afea7422b484,sha256:e44c6f514ae70253d843daeab79704e65e68695e8badfd62b12bdf046bb7199e,80,max_ticks,,226,0.885593,209,46,0,0.042373,1,3,3,2,7,0.531522,226,0.030973,7,0,0.9123,0,105.932203,0.484116,12.446351,0,236,0,10,0.568498,1,0,1,0.676471,0.050847,9,0,1,12,80,0,1,1,66,17
sensor_dropout,4,185107988234670,fault-injection.sensor_dropout.r004.s185107988234670,sha256:a6c4212d8c2804ed3126290078714c0d24734554c13f15fba7425bfbbc6157ec,sha256:deb3a6ffa2044f2627ae84d84e45c8181578cd41483e47dc97813c6c14ea8ed2,80,max_ticks,,161,0.857988,145,46,0,0.047337,1,3,3,2,6,0.697629,161,0.037267,6,0,0.9149,0,110.946746,0.47934,12.913271,0,169,0,8,0.577212,1,0,1,0.985714,0.053254,7,0,1,12,80,0,1,1,2,16
sensor_dropout,5,107804999490300,fault-injection.sensor_dropout.r005.s107804999490300,sha256:4cbe46fdb86436c7b8770c2a58ad5c1e4ec0dccaa2c672b5739454d735b15b50,sha256:b3692f0f4b5e18e516ac22b5a584adcac58e737eced4dc1c33d95303697351f9,80,max_ticks,,224,0.884615,207,46,0,0.042735,1,3,3,2,7,0.610478,224,0.03125,7,0,0.9091,0,106.837607,0.483113,13.031792,0,234,0,10,0.557839,1,0,1,0.678218,0.051282,9,0,1,12,80,0,1,1,65,17
sensor_dropout,6,96937981685370,fault-injection.sensor_dropout.r006.s96937981685370,sha256:e91d722e816ba9687a8d90da37969f2737118b4b4740987d0d698958951190d2,sha256:7c257bd7b39b268138ce55ab08349fea78c6eefda1bf8aedcc08b4013019961c,80,max_ticks,,227,0.886076,210,46,0,0.042194,1,3,3,2,7,0.573452,227,0.030837,7,0,0.9086,0,105.485232,0.482428,9.811015,0,237,0,10,0.547813,1,0,1,0.668293,0.050633,9,0,1,12,80,0,1,1,68,17
sensor_dropout,7,168849236765083,fault-injection.sensor_dropout.r007.s168849236765083,sha256:ba33601e64295196188a53cfdab6f944096c2d54841dec9c4ec3c652484a7461,sha256:9e08388b2de35f09da6dbe14bb5914482043a86d481427b32ea6a64351510a67,80,max_ticks,,228,0.886555,211,46,0,0.042017,1,3,3,2,7,0.547392,228,0.030702,7,0,0.9115,0,105.042017,0.48349,11.762425,0,238,0,10,0.556092,1,0,1,0.665049,0.05042,9,0,1,12,80,0,1,1,69,17
sensor_dropout,8,240332356280604,fault-injection.sensor_dropout.r008.s240332356280604,sha256:915376bb45f3ffadc1374185e514b70edfc7c26a3fec866f068eac98a8bfc0a6,sha256:f724d8ac9b808c49b75d8c2e307eacea236752c96fcb54f1e41d03f072408575,80,max_ticks,,228,0.886555,211,46,0,0.042017,1,3,3,2,7,0.546111,228,0.030702,7,0,0.912,0,105.042017,0.48393,11.890534,0,238,0,10,0.555081,1,0,1,0.665049,0.05042,9,0,1,12,80,0,1,1,69,17
sensor_dropout,9,126050894662,fault-injection.sensor_dropout.r009.s126050894662,sha256:6842ac9ec750e6d4ae3eaf194abcb4921bc3dfa921986d2a73ce035260fef602,sha256:24862d83b12c58df65d5af28c0c7ccef3ca19c5631079e294d6b39f75dfde64f,80,max_ticks,,225,0.885106,208,46,0,0.042553,1,3,3,2,7,0.546969,225,0.031111,7,0,0.9112,0,106.382979,0.482602,13.140343,0,235,0,10,0.579288,1,0,1,0.679803,0.051064,9,0,1,12,80,0,1,1,65,17
sensor_dropout,10,5778519009931,fault-injection.sensor_dropout.r010.s5778519009931,sha256:27d420eacfe524a49dbe5dbac7eeff1c58c42146ee46f8b4b8ed444c72637445,sha256:dd4bf52e06d3d9a6a803be5b917f0dd2fb3076ef48702a8b17247a26ca819810,80,max_ticks,,228,0.886555,211,46,0,0.042017,1,3,3,2,7,0.542406,228,0.030702,7,0,0.9131,0,105.042017,0.484451,13.846353,0,238,0,10,0.559835,1,0,1,0.665049,0.05042,9,0,1,12,80,0,1,1,69,17
sensor_dropout,11,53120701815735,fault-injection.sensor_dropout.r011.s53120701815735,sha256:4fc291d22d377837c6be060dd5a41755c47038750fbcfe6060cb033c97430c89,sha256:3f941e18dc60985b83c425da5fe5ad73be37e2afdc64088dcce08ad6c98e2452,80,max_ticks,,227,0.886076,210,46,0,0.042194,1,3,3,2,7,0.545797,227,0.030837,7,0,0.9144,0,105.485232,0.483831,11.128937,0,237,0,10,0.57189,1,0,1,0.668293,0.050633,9,0,1,12,80,0,1,1,68,17
sensor_dropout,12,149166651730298,fault-injection.sensor_dropout.r012.s149166651730298,sha256:0a3e61acb12714d443ac59e8dd8712a6cb1b9f37954825850e188afae6790772,sha256:8967b407ea590d67162a575e36a91b191a3fbdefd4ac776f45e446bae6c15a0c,80,max_ticks,,216,0.892857,200,46,0,0.035714,1,3,3,2,6,0.537727,216,0.027778,6,0,0.9044,0,82.589286,0.477827,11.484153,0,224,0,8,0.561151,1,0,1,0.702564,0.040179,7,0,1,12,80,0,1,1,58,16
sensor_dropout,13,198157650392612,fault-injection.sensor_dropout.r013.s198157650392612,sha256:cab5d5a769cfcf38bc815aa88f691cfab9f7c76f2a8f3379bc2a292f2748e23a,sha256:068e18cf57e7fcf3cc1d1a1e5e151344ac9c9103cfbcc1cf2d1c7664271b004d,80,max_ticks,,225,0.880851,207,46,0,0.042553,1,3,3,2,7,0.564697,225,0.031111,7,0,0.9074,0,106.382979,0.484706,12.193708,0,235,0,10,0.559749,1,0,1,0.673267,0.051064,9,0,1,13,80,0,1,1,66,18
sensor_dropout,14,169186521342247,fault-injection.sensor_dropout.r014.s169186521342247,sha256:a83ea2b737dc4fc5bf110e2f52c9010f09824187fe4cb05d4633bbe69fb1aeee,sha256:398a1dc4c349a0f6e010d3d44326aa2fdd4cbfe4a2f3b44c21c454beebbb2767,80,max_ticks,,221,0.883117,204,46,0,0.04329,1,3,3,2,7,0.539378,221,0.031674,7,0,0.9097,0,108.225108,0.483106,13.081404,0,231,0,10,0.521884,1,0,1,0.693467,0.051948,9,0,1,12,80,0,1,1,61,17
sensor_dropout,15,77722212059357,fault-injection.sensor_dropout.r015.s77722212059357,sha256:75d5b1864d1078b0c9f41b1e074c5ba5bb650c8658751cff6316eb7185544e5a,sha256:8a9039fae5bee05cd1b2a81f2583ceda08c0237cd9996640cf0c0cf7f2b66485,80,max_ticks,,228,0.886555,211,46,0,0.042017,1,3,3,2,7,0.547367,228,0.030702,7,0,0.9111,0,105.042017,0.483745,13.334764,0,238,0,10,0.526109,1,0,1,0.665049,0.05042,9,0,1,12,80,0,1,1,69,17
sensor_dropout,16,187467030496729,fault-injection.sensor_dropout.r016.s187467030496729,sha256:3abc112d6e60933f65552308e305ff5388b1060cc01e486242f80f13c4ad075a,sha256:ec45946adebb6ff7300809afdf419764e4545b45556fe18aed3a6a3b4dbfd0ab,80,max_ticks,,225,0.880851,207,46,0,0.042553,1,3,3,2,7,0.563251,225,0.031111,7,0,0.9141,0,106.382979,0.484324,12.519959,0,235,0,10,0.534078,1,0,1,0.673267,0.051064,9,0,1,13,80,0,1,1,66,18
sensor_dropout,17,20806297321196,fault-injection.sensor_dropout.r017.s20806297321196,sha256:9a768cd865501fdcbf93f46a012fd708f7f75ce90e9beeda17e8b25e6f86f41a,sha256:4a827dfeacb3dcb932b38a07e0d30b3421775ef1131b7a3ef94352b1f5137f25,80,max_ticks,,229,0.887029,212,46,0,0.041841,1,3,3,2,7,0.544887,229,0.030568,7,0,0.9127,0,104.60251,0.483916,14.220551,0,239,0,10,0.506251,1,0,1,0.666667,0.050209,9,0,1,12,80,0,1,1,69,17
sensor_dropout,18,178583155281758,fault-injection.sensor_dropout.r018.s178583155281758,sha256:c7bce78417ee760458a21c1f095c8c6a0436c9fd8040a206bb60ee7623f377fc,sha256:363d35744d77ced194166986ede8f28d0c064493169626d204e7e6f7f7e7b62e,80,max_ticks,,227,0.886076,210,46,0,0.042194,1,3,3,2,7,0.54571,227,0.030837,7,0,0.9093,0,105.485232,0.48399,14.031735,0,237,0,10,0.526221,1,0,1,0.668293,0.050633,9,0,1,12,80,0,1,1,68,17
sensor_dropout,19,226535872856816,fault-injection.sensor_dropout.r019.s226535872856816,sha256:9256e77146fd8d0954a3b8a918050304b8ffe9dab38b4c4ac71109267a32456a,sha256:33ba6169b20e120c71c8ac0742fb7b99760378417bc891e6502690468d5bbdb2,80,max_ticks,,229,0.882845,211,46,0,0.041841,1,3,3,2,7,0.562492,229,0.030568,7,0,0.9107,0,104.60251,0.4842,12.379589,0,239,0,10,0.540141,1,0,1,0.665049,0.050209,9,0,1,13,80,0,1,1,69,18
sensor_dropout,20,186630022464417,fault-injection.sensor_dropout.r020.s186630022464417,sha256:7cce9d83ca2f9339db100510a3101c500fc302fd0d859e7033f9119d89f1e831,sha256:fb92c6a02619fc209a5586567b5295a0d03ca8118e51b5db9ac0f321fe410481,80,max_ticks,,160,0.857143,144,46,0,0.047619,1,3,3,2,6,0.724741,160,0.0375,6,0,0.9091,0,111.607143,0.4797,12.993412,0,168,0,8,0.582271,1,0,1,0.985612,0.053571,7,0,1,12,80,0,1,1,2,16
sensor_dropout,21,131454352285334,fault-injection.sensor_dropout.r021.s131454352285334,sha256:d0f02cb513f3555bd9ada244c58a001a1f8ee9e25bf98b511a7df004f1bd01a7,sha256:8b912237b018769ea76534aca88e4efbc8d23d41864be88bdfe4c240313c6cc1,80,max_ticks,,227,0.886076,210,46,0,0.042194,1,3,3,2,7,0.529567,227,0.030837,7,0,0.9086,0,105.485232,0.483195,12.817399,0,237,0,10,0.542507,1,0,1,0.673171,0.050633,9,0,1,12,80,0,1,1,67,17
sensor_dropout,22,79471898959074,fault-injection.sensor_dropout.r022.s79471898959074,sha256:3b108de2eb7cfc0c0909e4002654caaa242d189f0118710425390385dd5e80c8,sha256:00a9fd4ff7e7ef77465b37a4cbbadf4eb813752ace876e97894bad7eeed3dc68,80,max_ticks,,229,0.887029,212,46,0,0.041841,1,3,3,2,7,0.544156,229,0.030568,7,0,0.9135,0,104.60251,0.484345,12.973255,0,239,0,10,0.571732,1,0,1,0.666667,0.050209,9,0,1,12,80,0,1,1,69,17
sensor_dropout,23,145348247203150,fault-injection.sensor_dropout.r023.s145348247203150,sha256:199eb2199f023ada818ccee679e09256b74c885a791d087e0a8e4f1b846fad52,sha256:2d5260ba7d85fbd06f1871cef53540099f46ae73c461c2f69790eeb210b85ef0,80,max_ticks,,229,0.887029,212,46,0,0.041841,1,3,3,2,7,0.529249,229,0.030568,7,0,0.9113,0,104.60251,0.483814,11.117581,0,239,0,10,0.537,1,0,1,0.666667,0.050209,9,0,1,12,80,0,1,1,69,17
sensor_dropout,24,202279436564580,fault-injection.sensor_dropout.r024.s202279436564580,sha256:42978c6f1bfa6894d057ceb80e743b0d97e41f860b196a4de90407a73096a90d,sha256:c0f824d7d61107969e13e973b9577bb5bb160b945ecdd50c13da963e634d2153,80,max_ticks,,160,0.857143,144,47,0,0.047619,1,3,3,2,6,0.697655,160,0.0375,6,0,0.909,0,111.607143,0.479368,13.582342,0,168,0,8,0.582465,1,0,0.958333,0.985612,0.053571,7,0,1,12,80,0,1,1,2,16
sensor_dropout,25,106970971292751,fault-injection.sensor_dropout.r025.s106970971292751,sha256:1871d846b0a9feb41d91a247f1d76658ce6e73d0ac951e99c439d3e1c5c63a97,sha256:6cf45640861050c4841b0a72bf0cc4392c232e0d2393a4b161058ed7a1b01f16,80,max_ticks,,216,0.892857,200,46,0,0.035714,1,3,3,2,6,0.534272,216,0.027778,6,0,0.9111,0,83.705357,0.478962,13.130504,0,224,0,8,0.560803,1,0,1,0.707692,0.040179,7,0,1,12,80,0,1,1,57,16
sensor_dropout,26,14151389406217,fault-injection.sensor_dropout.r026.s14151389406217,sha256:8809193254043fd7fa7ac8949e77d96eb3c64eff9f72815fcfcb0d44915b518e,sha256:aff9326f1b48aa82bdc2e2726a68cd64493fe0fc76b563e69bfb77605571e825,80,max_ticks,,229,0.887029,212,46,0,0.041841,1,3,3,2,7,0.52868,229,0.030568,7,0,0.9146,0,104.60251,0.48311,13.770167,0,239,0,10,0.589464,1,0,1,0.666667,0.050209,9,0,1,12,80,0,1,1,69,17
sensor_dropout,27,171180390060552,fault-injection.sensor_dropout.r027.s171180390060552,sha256:474caeb81a2fad344bac47e8cfa42c4a55f92737d7744c2cb2d92a76183ef153,sha256:2a4a953a3419816b004a2ccaef48ac3af5f64c5935166f67264c2a9dd2f4c486,80,max_ticks,,211,0.847162,194,,0,0.078603,1,2,3,2,6,0.506385,211,0.028436,6,0,0.9319,0,92.79476,0.49075,6.520656,0,229,0,18,0.545314,0.666667,0,0.851852,0.645503,0.043668,7,0,0.666667,13,80,0,11,11,67,17
sensor_dropout,28,196088034135508,fault-injection.sensor_dropout.r028.s196088034135508,sha256:235e0e4d5ff14d1de2c0f246357d61a3ed0c835996dccfba223e58618921bb5b,sha256:ff7135d5ce152239e494fda58221ed3d04cc9f7f2c3e290144ffe24654c09fc8,80,max_ticks,,217,0.881057,200,49,0,0.044053,1,3,3,2,7,0.56824,217,0.032258,7,0,0.9128,0,110.132159,0.483872,12.265556,0,227,1,10,0.593616,1,0,0.870968,0.702564,0.052863,9,0,1,12,80,0,1,1,58,17
sensor_dropout,29,53402825319966,fault-injection.sensor_dropout.r029.s53402825319966,sha256:46b78bd33a87409cf3fe9c003d6058b0820b50c601f004b8a361d3cfce501ec3,sha256:a178c47e07386220d3bcaf90aae045fda214099c5c1cf83598e379cb5a364eab,80,max_ticks,,222,0.883621,205,46,0,0.043103,1,3,3,2,7,0.551877,222,0.031532,7,0,0.908,0,107.758621,0.483686,13.29654,0,232,0,10,0.549741,1,0,0.96875,0.685,0.051724,9,0,1,12,80,0,1,1,63,17
sensor_dropout,30,190052384377950,fault-injection.sensor_dropout.r030.s190052384377950,sha256:3958d40c07d0293685ee858c05af0f87294f189cff3142c6b04879dea1f5e6ab,sha256:8f8aeb1b290bf78b38fa0101a746b5d8a3a10338b6612bf15c8f1d58a3a9b972,80,max_ticks,,227,0.886076,210,46,0,0.042194,1,3,3,2,7,0.575102,227,0.030837,7,0,0.9105,0,105.485232,0.483971,14.884606,0,237,0,10,0.562218,1,0,1,0.668293,0.050633,9,0,1,12,80,0,1,1,68,17
sensor_dropout,31,46330499293338,fault-injection.sensor_dropout.r031.s46330499293338,sha256:29966a2ef7f01c68300886af04a1435b83cc50eae1753e86c128509204f636ce,sha256:f616f6bec1a792486865a2a5241476f9f77a9dcf68215199ee6ceaad860a26c5,80,max_ticks,,226,0.885593,209,46,0,0.042373,1,3,3,2,7,0.558943,226,0.030973,7,0,0.9122,0,105.932203,0.484809,12.615154,0,236,0,10,0.566305,1,0,1,0.676471,0.050847,9,0,1,12,80,0,1,1,66,17
sensor_dropout,32,248535336031370,fault-injection.sensor_dropout.r032.s248535336031370,sha256:b79f905395001f71431398d42cfd5044c18bf0a74ad2a7c3c270b608540f8d74,sha256:8d3b27a984e58827540a123ffc81ec704b575b40ddf0680c7bc3f567e9b3771f,80,max_ticks,,227,0.886076,210,46,0,0.042194,1,3,3,2,7,0.547294,227,0.030837,7,0,0.9093,0,105.485232,0.483036,12.443605,0,237,0,10,0.597684,1,0,1,0.668293,0.050633,9,0,1,12,80,0,1,1,68,17
sensor_dropout,33,227065794631182,fault-injection.sensor_dropout.r033.s227065794631182,sha256:2e1da5ba44fe78e9d1c4febed8e1a826ca8a4ccdd6747631cb8fdbb9489f7240,sha256:aba2dd97fe7a98e57b77c357cc250aebd3d29b20bc11a1734a0096fc595bac68,80,max_ticks,,227,0.886076,210,47,0,0.042194,1,3,3,2,7,0.508474,227,0.030837,7,0,0.9123,0,105.485232,0.483254,13.012496,0,237,0,10,0.556974,1,0,1,0.678049,0.050633,9,0,1,12,80,0,1,1,66,17
sensor_dropout,34,21702879519969,fault-injection.sensor_dropout.r034.s21702879519969,sha256:3b033e7297631472af6e8cf13827d13ee86cb67ed00dedac74db3cf21f7cecb4,sha256:efef77f55e4a6db19ead0b207c6026cbd0587ec3dce1a49bca9c3bb1caa103db,80,max_ticks,,228,0.886555,211,46,0,0.042017,1,3,3,2,7,0.548539,228,0.030702,7,0,0.9079,0,105.042017,0.482886,12.244586,0,238,0,10,0.56633,1,0,1,0.665049,0.05042,9,0,1,12,80,0,1,1,69,17
sensor_dropout,35,35598899935367,fault-injection.sensor_dropout.r035.s35598899935367,sha256:d8d3727adc530bf904be8d0c8a07218bf24a79b2be107ecfb4611138db65d49d,sha256:2cb67c1c9689d915eeb6247489a0c5b60b3c23f1839ed60b405e8773196793eb,80,max_ticks,,228,0.886555,211,46,0,0.042017,1,3,3,2,7,0.544295,228,0.030702,7,0,0.9103,0,105.042017,0.485033,13.271781,0,238,0,10,0.572716,1,0,1,0.665049,0.05042,9,0,1,12,80,0,1,1,69,17
sensor_dropout,36,65055224056911,fault-injection.sensor_dropout.r036.s65055224056911,sha256:62e523ac36b8e43973f8792d4eed616a0609af9f666cb12ae5b2a5051667721e,sha256:2493106bc2f134a2aaffa6741248ec985913cf0e3fbeb4b11c43b77b59f426f5,80,max_ticks,,224,0.884615,207,46,0,0.042735,1,3,3,2,7,0.549487,224,0.03125,7,0,0.9118,0,106.837607,0.484581,12.915556,0,234,0,10,0.552089,1,0,1,0.678218,0.051282,9,0,1,12,80,0,1,1,65,17
sensor_dropout,37,214902445761111,fault-injection.sensor_dropout.r037.s214902445761111,sha256:ad384798fcedb3eb9b20a3f2a30ab8b80a7eab64ebb22a4bd4d5fa920d1a6fc3,sha256:8a9062e5f798a61573e560ceb60ef1a0a8b512ea1cd5416406df51c4e38ab88d,80,max_ticks,,228,0.886555,211,46,0,0.042017,1,3,3,2,7,0.544959,228,0.030702,7,0,0.912,0,105.042017,0.484335,12.750907,0,238,0,10,0.572601,1,0,1,0.665049,0.05042,9,0,1,12,80,0,1,1,69,17
sensor_dropout,38,119744411108894,fault-injection.sensor_dropout.r038.s119744411108894,sha256:f4b5825467f27400b6646098cc2f16a0d050c4d8fb8daee15107e287b86f6f1e,sha256:bb6ed712fc53162ecf6ea3890f1ff61a0c39e7111c8f8d046db18d319e020b87,80,max_ticks,,227,0.886076,210,46,0,0.042194,1,3,3,2,7,0.546831,227,0.030837,7,0,0.9141,0,105.485232,0.484708,14.909794,0,237,0,10,0.543847,1,0,1,0.668293,0.050633,9,0,1,12,80,0,1,1,68,17
sensor_dropout,39,65950238206829,fault-injection.sensor_dropout.r039.s65950238206829,sha256:e6c5be2390bd66e1b0f6c70218b541cb2c329ef6f66635cdc025a98936da2027,sha256:0173b4efd5111d47394d3fdc9066f13151c0c238b99be27d40de6ebd4d2983a9,80,max_ticks,,228,0.886555,211,46,0,0.042017,1,3,3,2,7,0.546992,228,0.030702,7,0,0.9094,0,105.042017,0.483398,12.214994,0,238,0,10,0.53672,1,0,1,0.665049,0.05042,9,0,1,12,80,0,1,1,69,17
stale_telemetry,0,279868911064688,fault-injection.stale_telemetry.r000.s279868911064688,sha256:4c74d524970db3a9a901c9c9d14a3e7a2490ad4801094913b7e2fd808fd4924f,sha256:8378d3c496dbda598b8ea06f2b1700f853c8645e07d7f6fee5d8b48ab34c80c9,80,max_ticks,,237,0.90535,220,48,0,0.024691,1,3,3,2,7,0.556727,237,0.029536,7,0,0.9137,0,69.958848,0.479168,13.097847,0,243,0,6,0.530699,1,0,1,0.669951,0.032922,5,0,1,12,80,0,1,1,67,17
stale_telemetry,1,178066096556615,fault-injection.stale_telemetry.r001.s178066096556615,sha256:a6b555399bcb806809c607de3ca11fb481b7424ed916bb5a0af1c6b15e268171,sha256:91ab2111d980190b60a4d41949ed7346515d508a26aaf90a039ec620d35b958d,80,max_ticks,,236,0.904959,219,48,0,0.024793,1,3,3,2,7,0.573466,236,0.029661,7,0,0.9146,0,70.247934,0.479404,12.789958,0,242,0,6,0.518379,1,0,1,0.668317,0.033058,5,0,1,12,80,0,1,1,67,17
stale_telemetry,2,1426170926021,fault-injection.stale_telemetry.r002.s1426170926021,sha256:515c78305d4cf35ad33010e1741c048593bb3b8e6a43d2d1aa7dd364ac1e2083,sha256:27142413b12e3a3fcb00a13cdb5bc488aaea18a6b6143426215f434b53118375,80,max_ticks,,227,0.901288,210,49,0,0.025751,1,3,3,2,7,0.548768,227,0.030837,7,0,0.9123,0,72.961373,0.478534,13.511469,0,233,0,6,0.534452,1,0,1,0.699482,0.034335,5,0,1,12,80,0,1,1,58,17
stale_telemetry,3,128669221546128,fault-injection.stale_telemetry.r003.s128669221546128,sha256:b4236ed1380364ed4c1176db5fd46864cedc88bd93c4c3f646e7e0f660b4eee9,sha256:a46264658452f27a62c91a9f30e8a19ee6f4628a89eb27fdb1ba598b0fbe6548,80,max_ticks,,233,0.903766,216,48,0,0.025105,1,3,3,2,7,0.571799,233,0.030043,7,0,0.9121,0,71.129707,0.479105,12.446351,0,239,0,6,0.571364,1,0,1,0.678392,0.033473,5,0,1,12,80,0,1,1,64,17
stale_telemetry,4,185107988234670,fault-injection.stale_telemetry.r004.s185107988234670,sha256:79aa0fab75228b1e8a73eb0a155afc15537d608ccc235f72fd551662902bb809,sha256:8f3987896e94d89fcdcc96f71ed7d8a3f61090e9f100abc8f929b0ceeb54acf7,80,max_ticks,,167,0.877907,151,48,0,0.02907,1,3,3,2,6,0.715413,167,0.035928,6,0,0.9148,0,74.127907,0.47559,12.913271,0,172,0,5,0.557606,1,0,1,0.985401,0.034884,4,0,1,12,80,0,1,1,2,16
stale_telemetry,5,107804999490300,fault-injection.stale_telemetry.r005.s107804999490300,sha256:754e48d2da0e0858a9a1b1777a3447c71dc43f23a33a25170eda98bfd98b08c6,sha256:0cb582b637c5c6c151d9fa7feef2d22988528170981b079b718c30462a28cb54,80,max_ticks,,234,0.904167,217,48,0,0.025,1,3,3,2,7,0.580357,234,0.029915,7,0,0.9089,0,70.833333,0.478112,13.031792,0,240,0,6,0.554101,1,0,1,0.675,0.033333,5,0,1,12,80,0,1,1,65,17
stale_telemetry,6,96937981685370,fault-injection.stale_telemetry.r006.s96937981685370,sha256:01e55ca50caeb47a6e2fc2e2ccbc84045702474b026cc087598d7d1c25976263,sha256:8914b3a8af04bb8b5673e04b5174587e88a0513fbea9ed3ed9bfb8e40dcc15ff,80,max_ticks,,235,0.904564,218,49,0,0.024896,1,3,3,2,7,0.579873,235,0.029787,7,0,0.9084,0,70.539419,0.477444,9.811015,0,241,0,6,0.545295,1,0,1,0.671642,0.033195,5,0,1,12,80,0,1,1,66,17
stale_telemetry,7,168849236765083,fault-injection.stale_telemetry.r007.s168849236765083,sha256:857a7b1afafa03e74105f858006ce2c2b9a0587a823c92350cc6147d7e1a6c85,sha256:99bfaa7eae10f977e223657ffd5a0135202cd67b305d4d2b6feba8f9d7bf73ef,80,max_ticks,,236,0.904959,219,48,0,0.024793,1,3,3,2,7,0.574458,236,0.029661,7,0,0.9112,0,70.247934,0.478481,11.762425,0,242,0,6,0.560304,1,0,1,0.668317,0.033058,5,0,1,12,80,0,1,1,67,17
stale_telemetry,8,240332356280604,fault-injection.stale_telemetry.r008.s240332356280604,sha256:a7b88803b877d9acae8de86b94e69145ff226c2eed84b02199bb9218d08deffa,sha256:3aeb73e9071c9c467eb90b572ebda0cf16d2e895ea5179b385b6cadb6ee021fd,80,max_ticks,,232,0.911392,216,49,0,0.021097,1,3,3,2,6,0.550362,232,0.025862,6,0,0.9117,0,53.797468,0.475439,11.890534,0,237,0,5,0.555391,1,0,1,0.668317,0.025316,4,0,1,12,80,0,1,1,67,16
stale_telemetry,9,126050894662,fault-injection.stale_telemetry.r009.s126050894662,sha256:59f49e4e13bc41e06c30ae87667dadc82af6ffd435ebf0abd53b2ac4338a8da7,sha256:65f9158f5b12751e953575a9e6e74334ab383db533ec45ea95e81800a3d234a1,80,max_ticks,,235,0.904564,218,48,0,0.024896,1,3,3,2,7,0.556036,235,0.029787,7,0,0.911,0,70.539419,0.4776,13.140343,0,241,0,6,0.581764,1,0,1,0.681592,0.033195,5,0,1,12,80,0,1,1,64,17
stale_telemetry,10,5778519009931,fault-injection.stale_telemetry.r010.s5778519009931,sha256:646d7eb12a214b3a5617ae5f26ec83e1569b824b9097c08e03cbc3d8d483549f,sha256:a6fd73adf06d4a466f2a8d31cb0e93eee32e7ff6dd0a3e0d851fca3d0db58fb4,80,max_ticks,,232,0.911392,216,49,0,0.021097,1,3,3,2,6,0.547189,232,0.025862,6,0,0.9129,0,53.797468,0.475956,13.846353,0,237,0,5,0.558261,1,0,1,0.668317,0.025316,4,0,1,12,80,0,1,1,67,16
stale_telemetry,11,53120701815735,fault-injection.stale_telemetry.r011.s53120701815735,sha256:7cca76e750ba8696f284286c26b248f6fa5cbbd7c3d4763254f3163667b20823,sha256:47cbcbe2cda96f855b2c135764d3f7f11eafd2a8e35cff94e416e0ca092ef5db,80,max_ticks,,235,0.904564,218,48,0,0.024896,1,3,3,2,7,0.572759,235,0.029787,7,0,0.9142,0,70.539419,0.478816,11.128937,0,241,0,6,0.569059,1,0,1,0.671642,0.033195,5,0,1,12,80,0,1,1,66,17
stale_telemetry,12,149166651730298,fault-injection.stale_telemetry.r012.s149166651730298,sha256:5bb4d57586bb18ede07c90d245a137d2d21f6d3bf4a3b5a32554fe8394bb1f65,sha256:f588812e036315302a4e965f31c1edf9c14550d784acc6af1825fe48c4c853a6,80,max_ticks,,231,0.902954,214,48,0,0.025316,1,3,3,2,7,0.574589,231,0.030303,7,0,0.9044,0,71.729958,0.477576,11.484153,0,237,0,6,0.542093,1,0,1,0.681818,0.033755,5,0,1,12,80,0,1,1,63,17
stale_telemetry,13,198157650392612,fault-injection.stale_telemetry.r013.s198157650392612,sha256:a65ed6e8f63235a6856b8b74ea418b5fd17a773ee00c5b94f7e7c3dbd84987ee,sha256:f50d8a2eaa392a33800f634b787ee51c581a6432a324f91f42151d61a886d756,80,max_ticks,,232,0.89916,214,48,0,0.02521,1,3,3,2,7,0.591901,232,0.030172,7,0,0.9073,0,71.428571,0.47973,12.193708,0,238,0,6,0.577816,1,0,1,0.680203,0.033613,5,0,1,13,80,0,1,1,63,18
stale_telemetry,14,169186521342247,fault-injection.stale_telemetry.r014.s169186521342247,sha256:61d614792935700c8649d2037de69d71e234b6114ae8e8d391ee38a92b4c1157,sha256:e604f871357366dc2064f5f99ba83cc4aedbcecf69fe920a0981207a617c5f40,80,max_ticks,,230,0.902542,213,48,0,0.025424,1,3,3,2,7,0.54786,230,0.030435,7,0,0.9095,0,72.033898,0.47811,13.081404,0,236,0,6,0.514421,1,0,1,0.69898,0.033898,5,0,1,12,80,0,1,1,59,17
stale_telemetry,15,77722212059357,fault-injection.stale_telemetry.r015.s77722212059357,sha256:593cefb2c0c956636ee4304cb24e7ea08a9d1ebbe41c537275db7c086015127e,sha256:fa6dc0f5b87476b3bf298695eb2b802bdc20732cc47ca1c260b583b28e12a355,80,max_ticks,,236,0.904959,219,48,0,0.024793,1,3,3,2,7,0.573475,236,0.029661,7,0,0.911,0,70.247934,0.47874,13.334764,0,242,0,6,0.526178,1,0,1,0.668317,0.033058,5,0,1,12,80,0,1,1,67,17
stale_telemetry,16,187467030496729,fault-injection.stale_telemetry.r016.s187467030496729,sha256:3d64b2fbcedd5cdf2a9bfc139ec100d75783e9678001939fe5dc2b7f0c67c484,sha256:ca4fce1faee69b17f278fe4d3f27f98e7eac56d3489dbfa75baa380cfa4a26ce,80,max_ticks,,235,0.900415,217,48,0,0.024896,1,3,3,2,7,0.57229,235,0.029787,7,0,0.914,0,70.539419,0.47933,12.519959,0,241,0,6,0.531772,1,0,1,0.68,0.033195,5,0,1,13,80,0,1,1,64,18
stale_telemetry,17,20806297321196,fault-injection.stale_telemetry.r017.s20806297321196,sha256:eb0c421e9361317cc8589b38e34a94efdb7caeb39e4391dadc27be06ef81d3ca,sha256:908e93d5ecfb4e43b5f2537eb3f6b1ef3a44b00697b120157c05918ac007cca7,80,max_ticks,,237,0.90535,220,48,0,0.024691,1,3,3,2,7,0.571079,237,0.029536,7,0,0.9126,0,69.958848,0.478924,14.220551,0,243,0,6,0.517018,1,0,1,0.669951,0.032922,5,0,1,12,80,0,1,1,67,17
stale_telemetry,18,178583155281758,fault-injection.stale_telemetry.r018.s178583155281758,sha256:8c76b929fbf598f00fc5cf7e60f5c7412b0a948bc1ab539209508255a7a8b568,sha256:dacde0219bb10698c83ed97012d4f6fe61433955ce893bc801b37087688901c8,80,max_ticks,,233,0.903766,216,48,0,0.025105,1,3,3,2,7,0.559685,233,0.030043,7,0,0.9092,0,71.129707,0.479011,14.031735,0,239,0,6,0.548899,1,0,1,0.678392,0.033473,5,0,1,12,80,0,1,1,64,17
stale_telemetry,19,226535872856816,fault-injection.stale_telemetry.r019.s226535872856816,sha256:59b819739303afe4f570dd79f26ebe9846161d3524acd368af1bc4bb84cd6d3f,sha256:e357ca94ea4ab859c8c54eca55f2c402638b7c64ca69b010d746213c5c376fad,80,max_ticks,,237,0.901235,219,49,0,0.024691,1,3,3,2,7,0.572915,237,0.029536,7,0,0.9104,0,69.958848,0.479176,12.379589,0,243,0,6,0.54457,1,0,0.96875,0.668317,0.032922,5,0,1,13,80,0,1,1,67,18
stale_telemetry,20,186630022464417,fault-injection.stale_telemetry.r020.s186630022464417,sha256:d6d23d5664bf2c937d33e88037aceb34fc1db0dd19ee845201ddf39558fa84da,sha256:bc09a785eb35821060d887549229d3e15ce42b03cf48a9690e89693b99887e69,80,max_ticks,,167,0.877907,151,48,0,0.02907,1,3,3,2,6,0.716684,167,0.035928,6,0,0.909,0,74.127907,0.475949,12.993412,0,172,0,5,0.563553,1,0,1,0.985401,0.034884,4,0,1,12,80,0,1,1,2,16
stale_telemetry,21,131454352285334,fault-injection.stale_telemetry.r021.s131454352285334,sha256:1e44e0b73f73e5a89ab0c2b7fcbe5be1739890ddd61b17dbed7396c7e0c5a622,sha256:9a12c161bfb8009b972388dc8bb9219bdad60cafd9f8086452c43e2666a5ad36,80,max_ticks,,236,0.904959,219,49,0,0.024793,1,3,3,2,7,0.556376,236,0.029661,7,0,0.9084,0,70.247934,0.478199,12.817399,0,242,0,6,0.550524,1,0,1,0.678218,0.033058,5,0,1,12,80,0,1,1,65,17
stale_telemetry,22,79471898959074,fault-injection.stale_telemetry.r022.s79471898959074,sha256:d85ef0b1248c88e156e443f625c7c5e5f6d5a7a33c6663b4ddaaced72eee88e1,sha256:e81cb7de5d36fd332643ef380dd3f5320287319cc9dbcb9368608816cd9e66e4,80,max_ticks,,237,0.90535,220,48,0,0.024691,1,3,3,2,7,0.564887,237,0.029536,7,0,0.9133,0,69.958848,0.479341,12.973255,0,243,0,6,0.574981,1,0,1,0.669951,0.032922,5,0,1,12,80,0,1,1,67,17
stale_telemetry,23,145348247203150,fault-injection.stale_telemetry.r023.s145348247203150,sha256:841b56f8a584f4af4a81842509739ce44c40f3346c7c29f6ea8baf61fda836f7,sha256:cd15d61c507d231b49bf3a16f016c1fddf5e49cb3ea8d34b2d3221a8995a71b5,80,max_ticks,,236,0.904959,219,49,0,0.024793,1,3,3,2,7,0.553739,236,0.029661,7,0,0.9112,0,70.247934,0.478819,11.117581,0,242,0,6,0.537648,1,0,1,0.668317,0.033058,5,0,1,12,80,0,1,1,67,17
stale_telemetry,24,202279436564580,fault-injection.stale_telemetry.r024.s202279436564580,sha256:b73a147a0fbeb326e2a60f41b2da4635483a70b6c6ecf067c5abe80cdad03b6b,sha256:719149680b56ed96a0becf6b2a0923cf8475d205d7b0f821fc5af4ef24af2662,80,max_ticks,,167,0.877907,151,50,0,0.02907,1,3,3,2,6,0.664622,167,0.035928,6,0,0.9089,0,74.127907,0.475609,13.582342,0,172,1,5,0.562734,1,0,0.916667,0.985401,0.034884,4,0,1,12,80,0,1,1,2,16
stale_telemetry,25,106970971292751,fault-injection.stale_telemetry.r025.s106970971292751,sha256:39eae7b3ce965c7e8ade744cd13b222b8e482421aa9b5d11d7078d7256cb91a5,sha256:de89cb0f693bdfb66cd17535343c478a6942e59ace971b6b9b1415adced502d5,80,max_ticks,,227,0.901288,210,49,0,0.025751,1,3,3,2,7,0.552333,227,0.030837,7,0,0.9111,0,72.961373,0.478714,13.130504,0,233,0,6,0.569498,1,0,1,0.704663,0.034335,5,0,1,12,80,0,1,1,57,17
stale_telemetry,26,14151389406217,fault-injection.stale_telemetry.r026.s14151389406217,sha256:71b3ef0ea16fca2ddde4d5f3758f0ee118179cafff6c8f9a9dd0e04c53bacd67,sha256:0bdf95fc9c73dda333cee5bda0e739c978ca56ed701adf5f9eff0185cb8cf71b,80,max_ticks,,237,0.90535,220,48,0,0.024691,1,3,3,2,7,0.554913,237,0.029536,7,0,0.9144,0,69.958848,0.478118,13.770167,0,243,0,6,0.593932,1,0,1,0.669951,0.032922,5,0,1,12,80,0,1,1,67,17
stale_telemetry,27,171180390060552,fault-injection.stale_telemetry.r027.s171180390060552,sha256:4081150cc9bbf3d4cd2d863be766fe2bb6c3a8de716c05bed3956e4d45c35029,sha256:4d3673528782feb59615eb635994093d7da8d88c91bb002b7283b15d59a187c5,80,max_ticks,,216,0.861472,199,,0,0.064935,1,2,3,2,6,0.5247,216,0.027778,6,0,0.9317,0,63.852814,0.487005,6.520656,0,231,1,15,0.543075,0.666667,0,0.851852,0.648649,0.030303,4,0,0.666667,13,80,0,11,11,65,17
stale_telemetry,28,196088034135508,fault-injection.stale_telemetry.r028.s196088034135508,sha256:5bd2f3d660f9fc50ec8d3edbd4d733611017bd5bb7f56c37ae28b81b7308b206,sha256:485b85e6b99c71cdef5efa3f15e434d7e6885b094c9e68588398b67b4b8b19d8,80,max_ticks,,228,0.901709,211,48,0,0.025641,1,3,3,2,7,0.574542,228,0.030702,7,0,0.9126,0,72.649573,0.478862,12.265556,0,234,0,6,0.559752,1,0,0.935484,0.695876,0.034188,5,0,1,12,80,0,1,1,59,17
stale_telemetry,29,53402825319966,fault-injection.stale_telemetry.r029.s53402825319966,sha256:10dbf0174f9983e31129ff3e21f21d271608fc5f5bd7564cfedcd690608685bc,sha256:96c1188968920d883d8e8d8aa1fb6511b002f863549d8cfe4236624b3e5d0e9d,80,max_ticks,,232,0.903361,215,48,0,0.02521,1,3,3,2,7,0.58007,232,0.030172,7,0,0.9079,0,71.428571,0.478699,13.29654,0,238,0,6,0.558219,1,0,0.96875,0.681818,0.033613,5,0,1,12,80,0,1,1,63,17
stale_telemetry,30,190052384377950,fault-injection.stale_telemetry.r030.s190052384377950,sha256:dc597748a291cbd10b660cb9b902b74221217fb6e09aad6997e14b3516b071a3,sha256:f7e4e8ba17b400719de4ffd5840219e7e40c230242bb0b514ba426f4a8212f33,80,max_ticks,,235,0.904564,218,48,0,0.024896,1,3,3,2,7,0.596966,235,0.029787,7,0,0.9103,0,70.539419,0.478958,14.884606,0,241,0,6,0.566826,1,0,1,0.671642,0.033195,5,0,1,12,80,0,1,1,66,17
stale_telemetry,31,46330499293338,fault-injection.stale_telemetry.r031.s46330499293338,sha256:798d67cbb704f2ea2f19586a6da6a86f31799059b4925b1862d1e6d5ea8f103f,sha256:9ed3171ed5ac8cecb82abba30d27bf7782b7ab791bcfff9301a133255cbf9646,80,max_ticks,,230,0.902542,213,48,0,0.025424,1,3,3,2,7,0.591316,230,0.030435,7,0,0.9121,0,72.033898,0.479817,12.615154,0,236,0,6,0.534193,1,0,1,0.693878,0.033898,5,0,1,12,80,0,1,1,60,17
stale_telemetry,32,248535336031370,fault-injection.stale_telemetry.r032.s248535336031370,sha256:ef3f88b38ff5c088f507d52877452b25af74af60d157317f6bb34128c56843b9,sha256:630d757f3efe2ca4a3a0666805f98e72dd0299519cdc01e8ea832ee56e3b8db2,80,max_ticks,,234,0.904167,217,48,0,0.025,1,3,3,2,7,0.573668,234,0.029915,7,0,0.9091,0,70.833333,0.47803,12.443605,0,240,0,6,0.588042,1,0,1,0.675,0.033333,5,0,1,12,80,0,1,1,65,17
stale_telemetry,33,227065794631182,fault-injection.stale_telemetry.r033.s227065794631182,sha256:721285c7842cc02c1474c3daddf73de771a240d01fd058457444c6ef1eb66688,sha256:a980720a27eca65aa85bd2b8445ca54cc290d7ec78f360ddd960b3b4c94fb19b,80,max_ticks,,231,0.911017,215,49,0,0.021186,1,3,3,2,6,0.526858,231,0.025974,6,0,0.912,0,54.025424,0.474752,13.012496,0,236,0,5,0.558146,1,0,1,0.681592,0.025424,4,0,1,12,80,0,1,1,64,16
stale_telemetry,34,21702879519969,fault-injection.stale_telemetry.r034.s21702879519969,sha256:dc3948976eb2c54c2f6d9af9f6a7c11d86d988e313a8f077f6169f9f1c455c16,sha256:705719e6dfa340cdbac386bdc5b702172a8e9daee1afed634600f28b68276a25,80,max_ticks,,236,0.904959,219,48,0,0.024793,1,3,3,2,7,0.574318,236,0.029661,7,0,0.9078,0,70.247934,0.47788,12.244586,0,242,0,6,0.562685,1,0,1,0.668317,0.033058,5,0,1,12,80,0,1,1,67,17
stale_telemetry,35,35598899935367,fault-injection.stale_telemetry.r035.s35598899935367,sha256:d664c943114a2132b7df0b52d920f2e2e5d67b04f67ebaab63131c4cd65430bd,sha256:7aaa2bd03f774b373c05892a4f54e21882835c7795060f124d2f1db8824cbe17,80,max_ticks,,236,0.904959,219,48,0,0.024793,1,3,3,2,7,0.571374,236,0.029661,7,0,0.9101,0,70.247934,0.480011,13.271781,0,242,0,6,0.571727,1,0,1,0.668317,0.033058,5,0,1,12,80,0,1,1,67,17
stale_telemetry,36,65055224056911,fault-injection.stale_telemetry.r036.s65055224056911,sha256:15a743246a6f5412e440bcf3e7fe7558d5ca2f626d6bc9f46706c349f0114cef,sha256:4e6afe81dcfdbe40ee8a44f4e9be98f8299f697b533151ade31e91b0a986d5ca,80,max_ticks,,232,0.903361,215,48,0,0.02521,1,3,3,2,7,0.576401,232,0.030172,7,0,0.9116,0,71.428571,0.479581,12.915556,0,238,0,6,0.558407,1,0,1,0.681818,0.033613,5,0,1,12,80,0,1,1,63,17
stale_telemetry,37,214902445761111,fault-injection.stale_telemetry.r037.s214902445761111,sha256:db843ffccbd165c772953a320c162c6d849dbe89c807e5a1976422a94bc776b2,sha256:08b2f1d37cfce54b19d32abf4c6f127c14e07173e1af6e6ddcf9a3c387f03b1f,80,max_ticks,,236,0.904959,219,48,0,0.024793,1,3,3,2,7,0.57192,236,0.029661,7,0,0.9118,0,70.247934,0.479337,12.750907,0,242,0,6,0.571122,1,0,1,0.668317,0.033058,5,0,1,12,80,0,1,1,67,17
stale_telemetry,38,119744411108894,fault-injection.stale_telemetry.r038.s119744411108894,sha256:f674f0830768cd75f449bf0ea6c6d2c4386d57d43edcc1e1b475715bd5342de6,sha256:729029f47aebac3d8de3dd16620d14614d273b59b626d79a128cef14882b30c7,80,max_ticks,,235,0.904564,218,48,0,0.024896,1,3,3,2,7,0.573562,235,0.029787,7,0,0.914,0,70.539419,0.479704,14.909794,0,241,0,6,0.547254,1,0,1,0.671642,0.033195,5,0,1,12,80,0,1,1,66,17
stale_telemetry,39,65950238206829,fault-injection.stale_telemetry.r039.s65950238206829,sha256:8ea7f67b8d382fdf732d406a554c47f4b37bbb575f1694ff3e5e63682bb7252e,sha256:4fc189358291c9398088971c5c1c656dc83bd30b96fe417fbb92c236c55c293d,80,max_ticks,,235,0.904564,218,48,0,0.024896,1,3,3,2,7,0.573304,235,0.029787,7,0,0.9093,0,70.539419,0.478413,12.214994,0,241,0,6,0.576251,1,0,1,0.671642,0.033195,5,0,1,12,80,0,1,1,66,17
corrupt_observation,0,279868911064688,fault-injection.corrupt_observation.r000.s279868911064688,sha256:8a2b78adcb5a50d84a760e19a689ae67cc546c99d4eaa192347a3a519754a646,sha256:c0a67896c53f65f6c0ed052f2ffcb49462605387cbd49d59bdbb2686c8da70ed,80,max_ticks,,268,0.891608,255,77,0,0.062937,1,3,3,2,3,0.298785,268,0.011194,3,0,0.9135,0,0,0.485167,13.097847,0,286,0,18,0.509054,1,0,0.96875,0.728,0,13,0,1,12,80,0,5,5,68,13
corrupt_observation,1,178066096556615,fault-injection.corrupt_observation.r001.s178066096556615,sha256:46936aa94671008b944828535c9ecf263d630463f2c279227008a6818f2edf54,sha256:e80df13c42d6370a9ec466cb52833a44561a0eecb4852ae44d206e6ab5dca8a0,80,max_ticks,,270,0.892361,257,77,0,0.0625,1,3,3,2,3,0.296751,270,0.011111,3,0,0.9143,0,0,0.485405,12.789958,0,288,0,18,0.490883,1,0,1,0.718254,0,13,0,1,12,80,0,5,5,71,13
corrupt_observation,2,1426170926021,fault-injection.corrupt_observation.r002.s1426170926021,sha256:773a192891884ff9b363f8273132253c0a58044dc5eaec0e143f5c929cb71fa9,sha256:f5eb61745a00e17bc1a1e1b1926617439bd60d2730f51b5122453aa6b684601b,80,max_ticks,,263,0.88968,250,77,0,0.064057,1,3,3,2,3,0.270866,263,0.011407,3,0,0.9121,0,0,0.484547,13.511469,0,281,0,18,0.500715,1,0,1,0.738776,0,13,0,1,12,80,0,5,5,64,13
corrupt_observation,3,128669221546128,fault-injection.corrupt_observation.r003.s128669221546128,sha256:fb83f46c312411f36a771933cee25e40f21f5bd51c3e7603b0aba8e37b5cd212,sha256:eef79a42d9f1d10b0308aa8c35dac680f964deb1d9e430aae876c3f2cdbbec07,80,max_ticks,,267,0.897527,254,79,0,0.056537,1,3,3,2,3,0.302605,267,0.011236,3,0,0.9118,0,0,0.482606,12.446351,0,283,0,16,0.523677,1,0,1,0.730924,0,13,0,1,12,80,0,3,3,67,13
corrupt_observation,4,185107988234670,fault-injection.corrupt_observation.r004.s185107988234670,sha256:04dae9ffc1123b59a9bdeb6853bf002194c1a5f06c52322870e450044396cc55,sha256:701f6d0bc3706662dd328dca30fd18dcd87b87f105b442ac055c8c2b0afa4eca,80,max_ticks,,202,0.859091,189,77,0,0.081818,1,3,3,2,3,0.43724,202,0.014851,3,0,0.9146,0,0,0.485081,12.913271,0,220,0,18,0.530054,1,0,1,0.98913,0,13,0,1,12,80,0,5,5,2,13
corrupt_observation,5,107804999490300,fault-injection.corrupt_observation.r005.s107804999490300,sha256:b5cad628bcffb0b98331eb8c681a22d3a1c33031e7df1d84bd29c1cf1535db2a,sha256:bfd1390798a529e2c01c2c03d61296f332c647c61fd547bce49d468cb5c7bbde,80,max_ticks,,267,0.891228,254,76,0,0.063158,1,3,3,2,3,0.292474,267,0.011236,3,0,0.9087,0,0,0.484126,13.031792,0,285,0,18,0.518435,1,0,1,0.730924,0,13,0,1,12,80,0,5,5,67,13
corrupt_observation,6,96937981685370,fault-injection.corrupt_observation.r006.s96937981685370,sha256:739b824d08c9584584f24ff820c7886dc0b5d709de4c6549b6dd7b369b2e62d0,sha256:30302b99eb8fd3365e1781b28c030f12e65ee0c2277e75780f1a4d87d99ec2c3,80,max_ticks,,269,0.904594,256,,0,0.04947,1,2,3,2,3,0.295985,269,0.011152,3,0,0.9081,0,0,0.478451,9.811015,0,283,0,14,0.508239,0.666667,0,1,0.717131,0,13,0,0.666667,12,80,0,1,1,71,13
corrupt_observation,7,168849236765083,fault-injection.corrupt_observation.r007.s168849236765083,sha256:c7e8d88ad7fdb53e0c37bfcdc4e23d7e2156f3c3937134a2f6e34468d8504ccd,sha256:5d256d5f67ede7cf465fdecfef35eee0aeb8f24330347b75898a7aebf5911463,80,max_ticks,,266,0.890845,253,76,0,0.06338,1,3,3,2,3,0.298521,266,0.011278,3,0,0.911,0,0,0.484492,11.762425,0,284,0,18,0.49487,1,0,1,0.725806,0,13,0,1,12,80,0,5,5,68,13
corrupt_observation,8,240332356280604,fault-injection.corrupt_observation.r008.s240332356280604,sha256:74d8d1de4eccb2b9725fe604c39faa986a4f295617fa688ea510c5577bc628b9,sha256:8ebe181c65cb17f3661e5105f68c8e6c14e0c3494d6717ac4d9c92b8fc97e1c5,80,max_ticks,,268,0.904255,255,76,0,0.049645,1,3,3,2,3,0.295949,268,0.011194,3,0,0.9115,0,0,0.479922,11.890534,0,282,0,14,0.500627,1,0,1,0.716,0,13,0,1,12,80,0,1,1,71,13
corrupt_observation,9,126050894662,fault-injection.corrupt_observation.r009.s126050894662,sha256:87a25f5f48d6b41e8b9adc7e1bf5874b6def880e28337b9dc84a4945e446de10,sha256:529edac9267f62c040c86e587e33efbeae8ae340dd051e5fc94b9078dafe0345,80,max_ticks,,264,0.890071,251,76,0,0.06383,1,3,3,2,3,0.296789,264,0.011364,3,0,0.9109,0,0,0.483609,13.140343,0,282,0,18,0.513932,1,0,1,0.735772,0,13,0,1,12,80,0,5,5,65,13
corrupt_observation,10,5778519009931,fault-injection.corrupt_observation.r010.s5778519009931,sha256:00ed2c8ba77e11248331a14601eac6a34def9ad40312428fd591bc210839c704,sha256:0f79dca3ef22741a03b0d910de63ca4dbc918c2f3a88cdb9f933b98028b3e83d,80,max_ticks,,270,0.901754,257,78,0,0.052632,1,3,3,2,3,0.296979,270,0.011111,3,0,0.9126,0,0,0.481694,13.846353,0,285,0,15,0.49109,1,0,1,0.718254,0,13,0,1,12,80,0,2,2,71,13
corrupt_observation,11,53120701815735,fault-injection.corrupt_observation.r011.s53120701815735,sha256:c53bb67e9a30649d3a9e703884ea74f277989dfea18a96e64e7c3b4bfba83e8f,sha256:f65c17f35a82e76340114cafe61fffd7d11facde0786e274325d695cd3fbd3ff,80,max_ticks,,268,0.891608,255,,0,0.062937,1,2,3,2,3,0.299611,268,0.011194,3,0,0.914,0,0,0.48482,11.128937,0,286,0,18,0.492527,0.666667,0,1,0.728,0,13,0,0.666667,12,80,0,5,5,68,13
corrupt_observation,12,149166651730298,fault-injection.corrupt_observation.r012.s149166651730298,sha256:ba0295491c622af4b044543b7d6ee7c0c2ee3a633beb14214c3b7c6a40db4e8d,sha256:406d7e4d8fec6926e4a0f4457144420469629cb58650fd1ee9636a6a9eca8e64,80,max_ticks,,258,0.900735,245,,0,0.051471,1,2,3,2,3,0.301467,258,0.011628,3,0,0.9042,0,0,0.47859,11.484153,0,272,0,14,0.53028,0.666667,0,0.965517,0.733333,0,9,0,0.666667,12,80,0,5,5,64,13
corrupt_observation,13,198157650392612,fault-injection.corrupt_observation.r013.s198157650392612,sha256:e49075de15e9879b2dc12b21358fb026b74109b5d2fd0d0ee9d9191cdd00eeea,sha256:cc4373ee38d449bc743b6d837f7d061b5d331cae48c76469a9f2ed263fe217a1,80,max_ticks,,266,0.887324,252,77,0,0.06338,1,3,3,2,3,0.344957,266,0.011278,3,0,0.907,0,0,0.485715,12.193708,0,284,0,18,0.510459,1,0,1,0.732794,0,13,0,1,13,80,0,5,5,66,14
corrupt_observation,14,169186521342247,fault-injection.corrupt_observation.r014.s169186521342247,sha256:d5ea25804583a472a72b952d32bb8e6c7dcb7002e208d1b3f693a8741c77ab7e,sha256:145e1948e7c66f392127acf3122c50f62a2acc182e7b0aff6e5c7db3ca048339,80,max_ticks,,260,0.888489,247,77,0,0.064748,1,3,3,2,3,0.29015,260,0.011538,3,0,0.9093,0,0,0.484097,13.081404,0,278,0,18,0.523906,1,0,1,0.752066,0,13,0,1,12,80,0,5,5,60,13
corrupt_observation,15,77722212059357,fault-injection.corrupt_observation.r015.s77722212059357,sha256:24e54093e7a6e0644a31620e7f972a25dd8f7e9f1dee03a26d42cd2f74c50125,sha256:2ddad942bd61b1939d1fa98322ca1b7c597ccde50126e9ac3a8fcf8fe15b8600,80,max_ticks,,264,0.890071,251,75,0,0.06383,1,3,3,2,3,0.330883,264,0.011364,3,0,0.9107,0,0,0.484744,13.334764,0,282,0,18,0.525392,1,0,1,0.727642,0,13,0,1,12,80,0,5,5,67,13
corrupt_observation,16,187467030496729,fault-injection.corrupt_observation.r016.s187467030496729,sha256:62a2b5df9323c7d984e58b1c1d3d2ae1e9929f4be3f7b72dd339eb25e97dfad6,sha256:03f962e07ede0ea039191d454fb5b07d790dbf12f813d513a4f04fb9d027a176,80,max_ticks,,265,0.886926,251,78,0,0.063604,1,3,3,2,3,0.320213,265,0.011321,3,0,0.9137,0,0,0.485324,12.519959,0,283,0,18,0.492855,1,0,1,0.735772,0,13,0,1,13,80,0,5,5,65,14
corrupt_observation,17,20806297321196,fault-injection.corrupt_observation.r017.s20806297321196,sha256:30a12170ade71aa39db17a91a11570f42c1e735758f30bbc6da811bf515c4e08,sha256:4f9ac824c556293f6441b6175640c4ad1cd6eb3d0e9b2922637fb9b3712a83ce,80,max_ticks,,265,0.890459,252,73,0,0.063604,1,3,3,2,3,0.287645,265,0.011321,3,0,0.9123,0,0,0.484918,14.220551,0,283,0,18,0.532803,1,0,1,0.720648,0,13,0,1,12,80,0,5,5,69,13
corrupt_observation,18,178583155281758,fault-injection.corrupt_observation.r018.s178583155281758,sha256:95a7de33d388ca4e822aeeb66c15c16aa0f57536146dcf092ba6c9b38a2f9615,sha256:b5ca69025c910a37fa5523aaefb6ad0f639aa3fc8c7476738584f6849462def8,80,max_ticks,,269,0.891986,256,76,0,0.062718,1,3,3,2,3,0.296153,269,0.011152,3,0,0.9089,0,0,0.485002,14.031735,0,287,0,18,0.4871,1,0,1,0.717131,0,13,0,1,12,80,0,5,5,71,13
corrupt_observation,19,226535872856816,fault-injection.corrupt_observation.r019.s226535872856816,sha256:3cd36e8f1aa0d018229f9afcefadfa5c6b671019a33e536c3e9fbf0d402633fa,sha256:b5f846aa8812deb9a58398068483007f3021df2a76a0bb5d93fe336ad818b232,80,max_ticks,,271,0.889273,257,77,0,0.062284,1,3,3,2,3,0.308203,271,0.01107,3,0,0.9102,0,0,0.485193,12.379589,0,289,0,18,0.504081,1,0,1,0.722222,0,13,0,1,13,80,0,5,5,70,14
corrupt_observation,20,186630022464417,fault-injection.corrupt_observation.r020.s186630022464417,sha256:d98c3a9088108b1ba6b97f8c61f3d2edea09f282a3758d2711f4fde006784c34,sha256:523b8799535859cc9bf3d6656b87a862368d00a8ed5320d3f9bdeec80b9907ce,80,max_ticks,,203,0.859729,190,78,0,0.081448,1,3,3,2,3,0.435375,203,0.014778,3,0,0.9089,0,0,0.485449,12.993412,0,221,0,18,0.53412,1,0,1,0.983784,0,13,0,1,12,80,0,5,5,3,13
corrupt_observation,21,131454352285334,fault-injection.corrupt_observation.r021.s131454352285334,sha256:6d5851efefc76abeea6d0d5a2bb439e965c180e00bb0f2564f5a35cab1f4ebc2,sha256:7d93c00ab695fce9e04bff0bac6a7632bd9b8bae219908dc5d9bfa476c20414e,80,max_ticks,,271,0.892734,258,,0,0.062284,1,2,3,2,3,0.288203,271,0.01107,3,0,0.9082,0,0,0.484191,12.817399,0,289,0,18,0.490722,0.666667,0,1,0.719368,0,13,0,0.666667,12,80,0,5,5,71,13
corrupt_observation,22,79471898959074,fault-injection.corrupt_observation.r022.s79471898959074,sha256:e9f7a8f30713de9e2d57c6185f1d85a76b54872f0bdaa2a5cdd28c638139f21d,sha256:540bee0c774cd401ee609812873d06e5dfafb497799cf6810fe8032b4b15251e,80,max_ticks,,268,0.897887,255,78,0,0.056338,1,3,3,2,3,0.305901,268,0.011194,3,0,0.913,0,0,0.482846,12.973255,0,284,0,16,0.487948,1,0,1,0.724,0,13,0,1,12,80,0,3,3,69,13
corrupt_observation,23,145348247203150,fault-injection.corrupt_observation.r023.s145348247203150,sha256:246c8571770c5c633ded6ca0ddac624a5de045c2748812921d96972662bd2aef,sha256:e01a68927ad9bebeae01496fd294d319b3cae7d73f805d19a211b0aaca30f7f7,80,max_ticks,,270,0.892361,257,,0,0.0625,1,2,3,2,3,0.27944,270,0.011111,3,0,0.9108,0,0,0.484809,11.117581,0,288,0,18,0.5039,0.666667,0,1,0.722222,0,13,0,0.666667,12,80,0,5,5,70,13
corrupt_observation,24,202279436564580,fault-injection.corrupt_observation.r024.s202279436564580,sha256:ec8eb4854e2153af5d76883360515590f5dffdbf8df765d62c69e240e2dea361,sha256:f3dab094948bbd6e73b779ad06bdaf786492ef2e9634b637842d815c1e8a0cf6,80,max_ticks,,200,0.857798,187,75,0,0.082569,1,3,3,2,3,0.422004,200,0.015,3,0,0.9087,0,0,0.485118,13.582342,0,218,0,18,0.551733,1,0,0.958333,0.983516,0,13,0,1,12,80,0,5,5,3,13
corrupt_observation,25,106970971292751,fault-injection.corrupt_observation.r025.s106970971292751,sha256:c8c7f075d90a79cc88ead960f21ac8797ec9cf0327ac255ca98ce28d564bd792,sha256:09f5b0ab4f7b90c5df6d3815088e9228252b07014f98be9fc0fedaa8c8b327e8,80,max_ticks,,260,0.888489,247,77,0,0.064748,1,3,3,2,3,0.297827,260,0.011538,3,0,0.9108,0,0,0.48472,13.130504,0,278,0,18,0.503963,1,0,1,0.752066,0,13,0,1,12,80,0,5,5,60,13
corrupt_observation,26,14151389406217,fault-injection.corrupt_observation.r026.s14151389406217,sha256:c76ac3729a1cf00c75c727e537f4d43dc306749b3b9568170ec514a4bfc89adf,sha256:829422b977b318d983710e77927ec5ae4ef2c4f34a344553fd1c0ebced6c0923,80,max_ticks,,264,0.890071,251,74,0,0.06383,1,3,3,2,3,0.329659,264,0.011364,3,0,0.9142,0,0,0.484118,13.770167,0,282,0,18,0.50339,1,0,1,0.727642,0,13,0,1,12,80,0,5,5,67,13
corrupt_observation,27,171180390060552,fault-injection.corrupt_observation.r027.s171180390060552,sha256:8062bc6cc9771c62afaa947b2ba31f8343f688ebb3b6a0f3d996bb2fb30eedd1,sha256:eeb81f109c5c9ea8dfc7a719c539c612f6c0b275f9e57bfc0c59819f2b8be68f,80,max_ticks,,209,0.826271,195,,0,0.114407,1,2,3,2,3,0.44549,209,0.014354,3,0,0.9281,0,0,0.494782,6.520656,0,236,0,27,0.566117,0.666667,0,0.888889,0.642105,0,9,0,0.666667,13,80,0,18,18,68,14
corrupt_observation,28,196088034135508,fault-injection.corrupt_observation.r028.s196088034135508,sha256:0c62e2ab51442833d449667b4aa4f5cab7122fd159727d278ec71fa699be4ee7,sha256:4bddcdde3f5d44d010227e3d6272e77a578c36bcd10119fba4f44d0a4fc1c021,80,max_ticks,,267,0.891228,254,78,0,0.063158,1,3,3,2,3,0.297882,267,0.011236,3,0,0.9124,0,0,0.484868,12.265556,0,285,0,18,0.497268,1,0,1,0.726908,0,13,0,1,12,80,0,5,5,68,13
corrupt_observation,29,53402825319966,fault-injection.corrupt_observation.r029.s53402825319966,sha256:770ab6f8cfd82610d1480e986f687c2016642ff2ba0b6f642b2e0a35fa0fa64a,sha256:1579878948c57a252924734de79294ca8fded87805a289bf25bdced8e577e83c,80,max_ticks,,268,0.891608,255,76,0,0.062937,1,3,3,2,3,0.298098,268,0.011194,3,0,0.9076,0,0,0.484692,13.29654,0,286,0,18,0.495433,1,0,1,0.72,0,13,0,1,12,80,0,5,5,70,13
corrupt_observation,30,190052384377950,fault-injection.corrupt_observation.r030.s190052384377950,sha256:d19177d6954c741f1eca01013c74e0cc5a28a65939ea1ad18924b42413b9dd04,sha256:048fd069bf6ae5f6825f96572cfddc274e0539c2d8570f84bbf21761165203d3,80,max_ticks,,268,0.90106,255,75,0,0.053004,1,3,3,2,3,0.305687,268,0.011194,3,0,0.91,0,0,0.48121,14.884606,0,283,0,15,0.498257,1,0,1,0.716,0,13,0,1,12,80,0,2,2,71,13
corrupt_observation,31,46330499293338,fault-injection.corrupt_observation.r031.s46330499293338,sha256:0ee3947370e9dabc9cb64b189fe595cf090e8be3fdf358d722eafbb24874342d,sha256:1978c5a5a47075b9491b1e7d33529d179b3d3443a5981937256c14e6f56f7e72,80,max_ticks,,271,0.892734,258,77,0,0.062284,1,3,3,2,3,0.298411,271,0.01107,3,0,0.9118,0,0,0.485804,12.615154,0,289,0,18,0.509548,1,0,1,0.719368,0,13,0,1,12,80,0,5,5,71,13
corrupt_observation,32,248535336031370,fault-injection.corrupt_observation.r032.s248535336031370,sha256:d87d420b94ed2cbe3353abd8504791149542d801a40c0701cd63af8a8100ad8d,sha256:b905e26bda7b9a10845797d818718a7bafcd0121ea7f053e070fbd2ed3f19d0d,80,max_ticks,,271,0.892734,258,78,0,0.062284,1,3,3,2,3,0.301351,271,0.01107,3,0,0.9089,0,0,0.484034,12.443605,0,289,0,18,0.499322,1,0,1,0.719368,0,13,0,1,12,80,0,5,5,71,13
corrupt_observation,33,227065794631182,fault-injection.corrupt_observation.r033.s227065794631182,sha256:e60ff85d36a51d9928c2ad3e5aed729b1341c408c78175af7573881f44f5bc06,sha256:0d80ba11894558fc18ebfa677104aeebfff125f098b185c938b943853ee0cdff,80,max_ticks,,264,0.899642,251,75,0,0.053763,1,3,3,2,3,0.290627,264,0.011364,3,0,0.9118,0,0,0.480514,13.012496,0,279,0,15,0.535204,1,0,1,0.731707,0,13,0,1,12,80,0,2,2,66,13
corrupt_observation,34,21702879519969,fault-injection.corrupt_observation.r034.s21702879519969,sha256:02705cede229cf8178ad0ee1c89dfa47a4dce781d0d469ae3c58f53d685983a4,sha256:33abb5b88b71c8d7fff73363448b659b010edc464e724fa6d330efdeb7edf5f8,80,max_ticks,,270,0.898601,257,77,0,0.055944,1,3,3,2,3,0.307619,270,0.011111,3,0,0.9074,0,0,0.48138,12.244586,0,286,0,16,0.505028,1,0,1,0.722222,0,13,0,1,12,80,0,3,3,70,13
corrupt_observation,35,35598899935367,fault-injection.corrupt_observation.r035.s35598899935367,sha256:fb950abc47e6ea7ce7732b02e96757224768c50d8ec743020de499c82fa66e80,sha256:1c3116ee0611c99bd54447a0c932cdba3a6a304a9fdebdd1ba6a040bb7412450,80,max_ticks,,268,0.891608,255,76,0,0.062937,1,3,3,2,3,0.278403,268,0.011194,3,0,0.9099,0,0,0.486025,13.271781,0,286,0,18,0.525847,1,0,1,0.72,0,13,0,1,12,80,0,5,5,70,13
corrupt_observation,36,65055224056911,fault-injection.corrupt_observation.r036.s65055224056911,sha256:6114645c3c4f01e8ca91422d4900617d7460949e441150ecea0b9ec19b943504,sha256:6838a6b0c9821e68d0074310f436a07dc8692df1ae28ff10260bde37777a70be,80,max_ticks,,265,0.890459,252,76,0,0.063604,1,3,3,2,3,0.313224,265,0.011321,3,0,0.9114,0,0,0.485588,12.915556,0,283,0,18,0.495644,1,0,1,0.728745,0,13,0,1,12,80,0,5,5,67,13
corrupt_observation,37,214902445761111,fault-injection.corrupt_observation.r037.s214902445761111,sha256:d101b0c9824dd899a1883b0bfea1a9f48babff389d1a1973beaa6797b60d102e,sha256:3b204fbbde5f562bd1b9307ea722829f98ba782bf63234e4cfbde77c74167bed,80,max_ticks,,271,0.892734,258,79,0,0.062284,1,3,3,2,3,0.29067,271,0.01107,3,0,0.9116,0,0,0.485339,12.750907,0,289,0,18,0.49231,1,0,1,0.719368,0,13,0,1,12,80,0,5,5,71,13
corrupt_observation,38,119744411108894,fault-injection.corrupt_observation.r038.s119744411108894,sha256:709aa02c479dacbeb23da79c13ffb91fd417e5bb5247ccb42d23baf255612209,sha256:6b272461e40fa563a33873728dbac16489322f331d9b04f9f158792548dbe813,80,max_ticks,,267,0.894366,254,76,0,0.059859,1,3,3,2,3,0.294725,267,0.011236,3,0,0.9138,0,0,0.484466,14.909794,0,284,0,17,0.501561,1,0,1,0.718876,0,13,0,1,12,80,0,4,4,70,13
corrupt_observation,39,65950238206829,fault-injection.corrupt_observation.r039.s65950238206829,sha256:f7822d35a47ba9f44455df99db4d72c468429f10192b9c1f0071e9bae6b30b08,sha256:74878092111e0a926c431bb1a33aa55b0c39feb8fa63376c6b17ca4407549c37,80,max_ticks,,268,0.894737,255,76,0,0.059649,1,3,3,2,3,0.302336,268,0.011194,3,0,0.909,0,0,0.483169,12.214994,0,285,0,17,0.504241,1,0,1,0.72,0,13,0,1,12,80,0,4,4,70,13
duplicate_proposal,0,279868911064688,fault-injection.duplicate_proposal.r000.s279868911064688,sha256:3246cf28a9be90688a7823ded6b0ec59a6fa7b186e3be68ba32a95eab7d77f00,sha256:fb36f1f13b041795afa6e72a0cc69e7dbdb3fb1e6a08e0e9809b0c8b82c1c35b,80,max_ticks,,232,0.807547,214,41,0,0.124528,1,3,3,2,3,0.729151,232,0.012931,3,0,0.9142,0,0,0.503916,13.097847,0,265,,33,0.538212,1,0,0.75,0.660287,0,32,0,1,17,80,0,1,1,71,18
duplicate_proposal,1,178066096556615,fault-injection.duplicate_proposal.r001.s178066096556615,sha256:df651c7dd1e3aa291776fe632ace1a440251009b19d81146046e9071baf4ff4e,sha256:b8d11fec955ca1926d5b1f698fdf369a662ec3c2f1549ce9657480547ae023b0,80,max_ticks,,234,0.802239,215,41,0,0.126866,1,3,3,2,3,0.715617,234,0.012821,3,0,0.9152,0,0,0.505417,12.789958,0,268,,34,0.509068,1,0,0.71875,0.647619,0,33,0,1,18,80,0,1,1,74,19
duplicate_proposal,2,1426170926021,fault-injection.duplicate_proposal.r002.s1426170926021,sha256:c42d4dff25f4318d8050fa28c368db8fa4dbf7abb1b7bc2b9e040e08aa428bd4,sha256:a6b59d38ea716e6fb08b879ab11bd00e6fb3f6b0d6711de6f0556677e7d0176d,80,max_ticks,,230,0.799242,211,42,0,0.128788,1,3,3,2,3,0.70305,230,0.013043,3,0,0.9129,0,0,0.504541,13.511469,0,264,0,34,0.540174,1,0,0.758621,0.660194,0,33,0,1,18,80,0,1,1,70,19
duplicate_proposal,3,128669221546128,fault-injection.duplicate_proposal.r003.s128669221546128,sha256:b7b2c5f2d37c97b64088f18eb0233048b9d4569d2c7d00f5d72be0bb6a8a6cd4,sha256:d080cceb0ed8a86845bc3e556df8296e05b598cb19d6235729813cf3de5f7d67,80,max_ticks,,226,0.809339,208,41,0,0.120623,1,3,3,2,3,0.732959,226,0.013274,3,0,0.9126,0,0,0.501345,12.446351,0,257,,31,0.602156,1,0,0.774194,0.674877,0,30,0,1,17,80,0,1,1,66,18
duplicate_proposal,4,185107988234670,fault-injection.duplicate_proposal.r004.s185107988234670,sha256:a0b1b9cadd24e281d2b111df5e8c09d7f3b47cd046c8fa60f62365dab1516075,sha256:8f396ca76f6091619b3fc37cfa2ba0bc921bce4a5b57156115efcbd220fee57c,80,max_ticks,,162,0.787234,148,41,0,0.138298,1,3,3,2,3,0.810115,162,0.018519,3,0,0.9151,0,0,0.495069,12.913271,0,188,0,26,0.626609,1,0,0.75,0.979021,0,25,0,1,13,80,0,1,1,3,14
duplicate_proposal,5,107804999490300,fault-injection.duplicate_proposal.r005.s107804999490300,sha256:db8f199a862a7964ad0c2bff5aef7b46179fc743d45db4f5e293a17c38f2be25,sha256:181a6701b697a2e9284a2a6535f3f27e7c6495a6cd2cb881b7fe3b98e72d32d8,80,max_ticks,,233,0.801498,214,41,0,0.127341,1,3,3,2,3,0.715493,233,0.012876,3,0,0.9094,0,0,0.50413,13.031792,0,267,,34,0.563891,1,0,0.741935,0.650718,0,33,0,1,18,80,0,1,1,73,19
duplicate_proposal,6,96937981685370,fault-injection.duplicate_proposal.r006.s96937981685370,sha256:26ae3cf686d8b290f02578f1a753f4582c3ccc1e7e0714f9c092019ba7f0aa8e,sha256:2210fe5deb19071aebe311d9976302336e285b5c2ff801eb90d095aa33a82d41,80,max_ticks,,234,0.802239,215,41,0,0.126866,1,3,3,2,3,0.712141,234,0.012821,3,0,0.909,0,0,0.503444,9.811015,0,268,0,34,0.562925,1,0,0.833333,0.647619,0,33,0,1,18,80,0,1,1,74,19
duplicate_proposal,7,168849236765083,fault-injection.duplicate_proposal.r007.s168849236765083,sha256:b7b80ae896df8b6e96613d6439c408e965e1d080319d0f0be8decf2f68dfa59e,sha256:7d7063d84ae81f54e0f63679501ca032d0778ab29581289161711ff321f1eaeb,80,max_ticks,,233,0.801498,214,41,0,0.127341,1,3,3,2,3,0.717164,233,0.012876,3,0,0.9118,0,0,0.504495,11.762425,0,267,,34,0.569693,1,0,0.71875,0.650718,0,33,0,1,18,80,0,1,1,73,19
duplicate_proposal,8,240332356280604,fault-injection.duplicate_proposal.r008.s240332356280604,sha256:01390151262a94f1efee9642d20bd828ca3b2a0e9500e75b90b55028519af826,sha256:9853fefa45ca8d686e8de2a4529a390d7a0cd65732cc0b3a08fc36a2c207bead,80,max_ticks,,234,0.805243,215,42,0,0.123596,1,3,3,2,3,0.703092,234,0.012821,3,0,0.9124,0,0,0.503672,11.890534,0,267,,33,0.566902,1,0,0.71875,0.647619,0,32,0,1,18,80,0,1,1,74,19
duplicate_proposal,9,126050894662,fault-injection.duplicate_proposal.r009.s126050894662,sha256:d65b473476b0aea78d66924810aab340a57b3865539f4e6e26605f91c0aa2ea2,sha256:be4408b31aae104b1142d646dddbe6e6fd706d155d2a4821af50485c05b508c4,80,max_ticks,,228,0.803846,209,41,0,0.123077,1,3,3,2,3,0.712368,228,0.013158,3,0,0.9116,0,0,0.501107,13.140343,0,260,,32,0.584921,1,0,0.709677,0.671569,0,31,0,1,18,80,0,1,1,67,19
duplicate_proposal,10,5778519009931,fault-injection.duplicate_proposal.r010.s5778519009931,sha256:d14eead2577cbef0c88db21616e69ea7527e779a5b732387de79718ca881d360,sha256:7d1f8c0fe79731ae42e7ab7bccba5b281ceb14453a0bc47cb9a585c5e824619a,80,max_ticks,,234,0.805243,215,42,0,0.123596,1,3,3,2,3,0.700519,234,0.012821,3,0,0.9135,0,0,0.504204,13.846353,0,267,,33,0.572842,1,0,0.71875,0.647619,0,32,0,1,18,80,0,1,1,74,19
duplicate_proposal,11,53120701815735,fault-injection.duplicate_proposal.r011.s53120701815735,sha256:47409a3ed75b530c487ed2e6f202c16fcb918557016bfa18dd963e166763c9b0,sha256:12fbb357aa5834e669315988dd045c9913231a488e54d7745213134d8794cd11,80,max_ticks,,229,0.798479,210,41,0,0.129278,1,3,3,2,3,0.714139,229,0.0131,3,0,0.9147,0,0,0.504809,11.128937,0,263,,34,0.569188,1,0,0.774194,0.663415,0,33,0,1,18,80,0,1,1,69,19
duplicate_proposal,12,149166651730298,fault-injection.duplicate_proposal.r012.s149166651730298,sha256:8a1d3997d746972c6e4dc65f1df6d9e8174f4f03cbe528f2e651acf47298e25d,sha256:922e69112f0316c7bb8cbf4f659c05bf49dc48df978d6cda5c9ef85e6a7b9ae8,80,max_ticks,,223,0.814229,206,41,0,0.118577,1,3,3,2,3,0.706249,223,0.013453,3,0,0.9048,0,0,0.498571,11.484153,0,253,2,30,0.531871,1,0,0.827586,0.686567,0,29,0,1,16,80,0,1,1,63,17
duplicate_proposal,13,198157650392612,fault-injection.duplicate_proposal.r013.s198157650392612,sha256:a84ac08eefdfad20718c55cb33c58fb2329fac309356bb521cc44b48b7bb32da,sha256:c3f287db839c554bd2db506852c23d942748b3dc8059b02d9972f4d97f4cfd86,80,max_ticks,,230,0.795455,210,43,0,0.128788,1,3,3,2,3,0.721056,230,0.013043,3,0,0.9078,0,0,0.505712,12.193708,0,264,,34,0.555304,1,0,0.6875,0.668293,0,33,0,1,19,80,0,1,1,68,20
duplicate_proposal,14,169186521342247,fault-injection.duplicate_proposal.r014.s169186521342247,sha256:be81be581ef614c6f7ee28dca81a383988fca41a49eed0d457e121b2e8356b15,sha256:3b55c298fbf4ffb0f2f5a36e0df1ed4cbdfe24df934e25091382df83a0ac5bda,80,max_ticks,,225,0.795367,206,41,0,0.131274,1,3,3,2,3,0.715856,225,0.013333,3,0,0.9101,0,0,0.50413,13.081404,0,259,4,34,0.559648,1,0,0.724138,0.686567,0,33,0,1,18,80,0,1,1,63,19
duplicate_proposal,15,77722212059357,fault-injection.duplicate_proposal.r015.s77722212059357,sha256:a5b465b1a7111c8da176cc7cfe5b9e9f2a5224f54a2ddd9bf29ac16c1a770afd,sha256:35e3a1487a1d316de92ee48eb48b4d35b713cfccee96d0b0bde5d246375eae95,80,max_ticks,,228,0.79771,209,41,0,0.129771,1,3,3,2,3,0.763048,228,0.013158,3,0,0.9115,0,0,0.50474,13.334764,0,262,,34,0.578685,1,0,0.71875,0.666667,0,33,0,1,18,80,0,1,1,68,19
duplicate_proposal,16,187467030496729,fault-injection.duplicate_proposal.r016.s187467030496729,sha256:116068c928ebab5e985b7a7bfab17390dcedd632a3dd8e5caf53f83438254227,sha256:949657ed3a1374e1e5a76dd491b76d9c7f762b8546b71d9a3299254a17b8b5fe,80,max_ticks,,229,0.794677,209,41,0,0.129278,1,3,3,2,3,0.723718,229,0.0131,3,0,0.9145,0,0,0.505325,12.519959,0,263,,34,0.565965,1,0,0.71875,0.661765,0,33,0,1,19,80,0,1,1,69,20
duplicate_proposal,17,20806297321196,fault-injection.duplicate_proposal.r017.s20806297321196,sha256:236cf21e0b35e3439fc7741446ad2a522b3930ed2b66d5af8d0d7190cc3f2516,sha256:e2cd3eae97f06ccc4dd78e2bf4a939d9d350de6eb8a9a7b1fa240684eed6474f,80,max_ticks,,235,0.802974,216,42,0,0.126394,1,3,3,2,3,0.710119,235,0.012766,3,0,0.9132,0,0,0.504923,14.220551,0,269,,34,0.588408,1,0,0.71875,0.649289,0,33,0,1,18,80,0,1,1,74,19
duplicate_proposal,18,178583155281758,fault-injection.duplicate_proposal.r018.s178583155281758,sha256:10d40cecd9feb4161355c9edcc89d624a186c21b766b2ded0c69c75bc8d3ae56,sha256:ac0f699ae42bc31c7bae96e8847232bb38e51185e19a1db36ece4e0855d9290e,80,max_ticks,,234,0.802239,215,41,0,0.126866,1,3,3,2,3,0.715,234,0.012821,3,0,0.9097,0,0,0.505,14.031735,0,268,,34,0.531456,1,0,0.71875,0.647619,0,33,0,1,18,80,0,1,1,74,19
duplicate_proposal,19,226535872856816,fault-injection.duplicate_proposal.r019.s226535872856816,sha256:e1e19745d7f4f31b234e5a2d8b6a91b0d7ec78626b607dfd86472706bfc0d1f6,sha256:94228093a5c74797b81cd83cff51c5555191fa25736a6c21e82b57eae186515d,80,max_ticks,,234,0.801498,214,42,0,0.123596,1,3,3,2,3,0.719801,234,0.012821,3,0,0.911,0,0,0.503949,12.379589,0,267,,33,0.57631,1,0,0.71875,0.645933,0,32,0,1,19,80,0,1,1,74,20
duplicate_proposal,20,186630022464417,fault-injection.duplicate_proposal.r020.s186630022464417,sha256:c86b594a442e6a40bf96f382198c21437025e734876fe992e4d633159847d479,sha256:2d42d3247e32a9690fb2a6f0b5d32687605c334db8289b4f354e650c6458a4fd,80,max_ticks,,162,0.781915,147,41,0,0.138298,1,3,3,2,3,0.823238,162,0.018519,3,0,0.9094,0,0,0.495445,12.993412,0,188,,26,0.627481,1,0,0.708333,0.978873,0,25,0,1,14,80,0,1,1,3,15
duplicate_proposal,21,131454352285334,fault-injection.duplicate_proposal.r021.s131454352285334,sha256:a8dc0fbd2ca381e4d7fa40967885635ed20648ba996f1ff2cebf8dffbf5c67ab,sha256:6ec6c31b59117f9d19a5e2bdadaa349ba0bbcbeb8be5f9c61fae41f94353b2de,80,max_ticks,,236,0.803704,217,42,0,0.125926,1,3,3,2,3,0.689022,236,0.012712,3,0,0.909,0,0,0.504179,12.817399,0,270,,34,0.550231,1,0,0.741935,0.650943,0,33,0,1,18,80,0,1,1,74,19
duplicate_proposal,22,79471898959074,fault-injection.duplicate_proposal.r022.s79471898959074,sha256:bb81d47b4bbf98f7e6d06857a9580778b2ecb2e189d05ced5f104b4ef0315df8,sha256:51f26ca55efa4d340eed3e11d7ba5162add6bbf932282bcdb4a09b2afab6303d,80,max_ticks,,230,0.799242,211,41,0,0.128788,1,3,3,2,3,0.704264,230,0.013043,3,0,0.9139,0,0,0.505341,12.973255,0,264,,34,0.570667,1,0,0.71875,0.660194,0,33,0,1,18,80,0,1,1,70,19
duplicate_proposal,23,145348247203150,fault-injection.duplicate_proposal.r023.s145348247203150,sha256:729fc46a250010985031072be161d6e49806cb714beceb902c9eaf4c0f458a3d,sha256:b29c98e0190bcd5ed945e1ca310030e9134b9d3e993ba6279864ef3d69824ab8,80,max_ticks,,230,0.799242,211,42,0,0.128788,1,3,3,2,3,0.709255,230,0.013043,3,0,0.9116,0,0,0.504813,11.117581,0,264,,34,0.58369,1,0,0.774194,0.665049,0,33,0,1,18,80,0,1,1,69,19
duplicate_proposal,24,202279436564580,fault-injection.duplicate_proposal.r024.s202279436564580,sha256:e4e28d7dfc6d7d07187419a0c027b8834427ff3ff5bb54b6c2601d62c23f2735,sha256:18eb2aa420651ab660b52bd0edbf2901ca5ddcb0e201717fc44d0fa46d1395ba,80,max_ticks,,163,0.797872,150,42,0,0.132979,1,3,3,2,3,0.785447,163,0.018405,3,0,0.9092,0,0,0.493859,13.582342,0,188,0,25,0.621616,1,0,0.791667,0.97931,0,24,0,1,12,80,0,1,1,3,13
duplicate_proposal,25,106970971292751,fault-injection.duplicate_proposal.r025.s106970971292751,sha256:13696d83313e9cd221f1b5ec93de1ac22426eff9d7acd60e7342bb69ff8c1184,sha256:d26db4d9b0bdefca1b4a2b9549f5fb69526419544726695a06bd7526079d7b2d,80,max_ticks,,223,0.814229,206,42,0,0.118577,1,3,3,2,3,0.685909,223,0.013453,3,0,0.9116,0,0,0.499726,13.130504,0,253,0,30,0.593237,1,0,0.857143,0.686567,0,29,0,1,16,80,0,1,1,63,17
duplicate_proposal,26,14151389406217,fault-injection.duplicate_proposal.r026.s14151389406217,sha256:76acd7def608c513220651e4a289e618638386919f80e316a1ac43d6e85d42b0,sha256:b0bd21f8a2879682406e359ff7962f8e7cecbec52d9de8b49a6ac9ffdb3caeda,80,max_ticks,,234,0.802239,215,41,0,0.126866,1,3,3,2,3,0.713116,234,0.012821,3,0,0.9149,0,0,0.504102,13.770167,0,268,,34,0.592793,1,0,0.6875,0.652381,0,33,0,1,18,80,0,1,1,73,19
duplicate_proposal,27,171180390060552,fault-injection.duplicate_proposal.r027.s171180390060552,sha256:f8c976c0a15da295af285d97244c5e3a62797db2cdcf08f1b3d6d3f1789a38c7,sha256:00f93e345d40d874f3cc55200eaebdc4ec22277f66a192181a80104fe15df537,80,max_ticks,,215,0.778656,197,,0,0.150198,1,2,3,2,3,0.718417,215,0.013953,3,0,0.9323,0,0,0.509005,6.520656,0,253,5,38,0.586198,0.666667,0,0.740741,0.635417,0,25,0,0.666667,17,80,0,13,13,70,18
duplicate_proposal,28,196088034135508,fault-injection.duplicate_proposal.r028.s196088034135508,sha256:3a16726774d5d23c8adffb4914012d0656444a98ccb6c0f73f296a7eba42bb68,sha256:96fdba376408d7f9f0ad1e31b98ed6273a53f34d991e21d74ac9f798f19880d1,80,max_ticks,,231,0.8,212,41,0,0.128302,1,3,3,2,3,0.71683,231,0.012987,3,0,0.9132,0,0,0.504869,12.265556,0,265,,34,0.550872,1,0,0.741935,0.657005,0,33,0,1,18,80,0,1,1,71,19
duplicate_proposal,29,53402825319966,fault-injection.duplicate_proposal.r029.s53402825319966,sha256:c2b59d9fd34bbd1e4d418cd7dcafa1630804e12bfc5214a8d9861618e852944d,sha256:574d9842bf7ee7c39709afe64014154fa81f67f936ee1f58d6856691acd7e4a4,80,max_ticks,,224,0.807843,206,41,0,0.121569,1,3,3,2,3,0.738065,224,0.013393,3,0,0.9083,0,0,0.500941,13.29654,0,255,,31,0.589126,1,0,0.71875,0.681592,0,30,0,1,17,80,0,1,1,64,18
duplicate_proposal,30,190052384377950,fault-injection.duplicate_proposal.r030.s190052384377950,sha256:4eb53e41cd1f91aec256e19c6a2e0219340062f954b2b233b85c8dfba30e9add,sha256:0a22b5be988a6f77371250e7864bec1388bc50ac588b603af8221da6d0d7c00c,80,max_ticks,,234,0.802239,215,41,0,0.126866,1,3,3,2,3,0.716884,234,0.012821,3,0,0.9108,0,0,0.504955,14.884606,0,268,,34,0.566132,1,0,0.71875,0.647619,0,33,0,1,18,80,0,1,1,74,19
duplicate_proposal,31,46330499293338,fault-injection.duplicate_proposal.r031.s46330499293338,sha256:a47f6c3aee4b382de79c0c5f360b4e18f22d58b5ee99963ffd3675c058d5c885,sha256:97e9f4668dc78c0f1dfddf521afd6a1c1d05fd820f93ef955909423ec3e68828,80,max_ticks,,235,0.802974,216,42,0,0.126394,1,3,3,2,3,0.703207,235,0.012766,3,0,0.9127,0,0,0.505818,12.615154,0,269,,34,0.598045,1,0,0.6875,0.649289,0,33,0,1,18,80,0,1,1,74,19
duplicate_proposal,32,248535336031370,fault-injection.duplicate_proposal.r032.s248535336031370,sha256:0c1ea3ad45f6c1584b936ec48aa03416364526df4ded60b7e82d63a337d6e7da,sha256:13ac40c4e61d1fd6f6b64465af3d0c7caea0753e4af52083ba7df3e5e47c0c07,80,max_ticks,,234,0.802239,215,41,0,0.126866,1,3,3,2,3,0.717235,234,0.012821,3,0,0.9097,0,0,0.504028,12.443605,0,268,,34,0.545594,1,0,0.71875,0.647619,0,33,0,1,18,80,0,1,1,74,19
duplicate_proposal,33,227065794631182,fault-injection.duplicate_proposal.r033.s227065794631182,sha256:73002fa2a97644e600c30c2648e91a9e87a93cf3831a703ad42c0e1180abf2e7,sha256:d6f7289f231e76172d014eb34230f9a31baeb5d212f9562e53490118cf77550a,80,max_ticks,,228,0.800766,209,42,0,0.126437,1,3,3,2,3,0.724753,228,0.013158,3,0,0.9127,0,0,0.503015,13.012496,0,261,0,33,0.55776,1,0,0.827586,0.671569,0,32,0,1,18,80,0,1,1,67,19
duplicate_proposal,34,21702879519969,fault-injection.duplicate_proposal.r034.s21702879519969,sha256:ddf1dce3a9281fa833dcf133dc61b86ba31ac9630f23be037a64986a208800fa,sha256:c0d96c3cd0f545389ae903bdd2c6d406732fe4e2e992e828734117f9fc807c35,80,max_ticks,,234,0.802239,215,41,0,0.126866,1,3,3,2,3,0.718845,234,0.012821,3,0,0.9082,0,0,0.503876,12.244586,0,268,,34,0.505555,1,0,0.71875,0.647619,0,33,0,1,18,80,0,1,1,74,19
duplicate_proposal,35,35598899935367,fault-injection.duplicate_proposal.r035.s35598899935367,sha256:ad75f0ccefb392a1c428319376ae11b4c10266c68520284559194e12afc4aa27,sha256:578406642980f52082b642e4dc789df8a4048fe81ed38de347cf77b382081fdc,80,max_ticks,,233,0.801498,214,41,0,0.127341,1,3,3,2,3,0.714918,233,0.012876,3,0,0.9106,0,0,0.506019,13.271781,0,267,,34,0.563516,1,0,0.71875,0.650718,0,33,0,1,18,80,0,1,1,73,19
duplicate_proposal,36,65055224056911,fault-injection.duplicate_proposal.r036.s65055224056911,sha256:9e1fe4a821c113db528e68f27f74c60fd18dc6f11f5fc094206f2c80c407dc0c,sha256:f7cc72c92bacb9473207452d5785206c8ccc5fc9ea2d15f60d1a5467abfd9012,80,max_ticks,,231,0.80303,212,42,0,0.125,1,3,3,2,3,0.713326,231,0.012987,3,0,0.9122,0,0,0.504325,12.915556,0,264,,33,0.579275,1,0,0.71875,0.657005,0,32,0,1,18,80,0,1,1,71,19
duplicate_proposal,37,214902445761111,fault-injection.duplicate_proposal.r037.s214902445761111,sha256:1ac6962607a2da03c71b2bf00308c0bbfd4734f78159cf29c8b0cc227023ed95,sha256:6e35fe418a5447d35c6282c429dc452ea0b2f68355dd2ce682eac4e8c2915c38,80,max_ticks,,235,0.802974,216,41,0,0.126394,1,3,3,2,3,0.709818,235,0.012766,3,0,0.9124,0,0,0.505334,12.750907,0,269,,34,0.505722,1,0,0.774194,0.649289,0,33,0,1,18,80,0,1,1,74,19
duplicate_proposal,38,119744411108894,fault-injection.duplicate_proposal.r038.s119744411108894,sha256:1233ad6c50e355dd4abb8096893f9b4fc1e824c282424e36705977438b153a03,sha256:5c6abf5b28ffb22d2528b12939c90391b255cc675387f05f575c1cb8ac70b89d,80,max_ticks,,233,0.801498,214,41,0,0.127341,1,3,3,2,3,0.717578,233,0.012876,3,0,0.9145,0,0,0.505721,14.909794,0,267,,34,0.576834,1,0,0.71875,0.650718,0,33,0,1,18,80,0,1,1,73,19
duplicate_proposal,39,65950238206829,fault-injection.duplicate_proposal.r039.s65950238206829,sha256:f7c00190d843d94895860d5f70104a0bfa75c858b8adba3426cf3c5860adc07c,sha256:87745ef522c0b4d60bb0e11b3a3e95fcef3aede0c22f1c3d379be74f24513204,80,max_ticks,,234,0.802239,215,41,0,0.126866,1,3,3,2,3,0.713868,234,0.012821,3,0,0.9099,0,0,0.504426,12.214994,0,268,,34,0.581183,1,0,0.75,0.652381,0,33,0,1,18,80,0,1,1,73,19
clock_skew,0,279868911064688,fault-injection.clock_skew.r000.s279868911064688,sha256:a787fcc03d951abdd06e3988e4a996077a8ac93454ec3e65156aa1838911add7,sha256:9b8e4561592f19411538e72646da4c233457d1f4f17b1cbbf5615a8f7d2a817b,80,max_ticks,,219,0.798419,202,51,0,0.134387,1,3,3,2,3,0.393387,219,0.013699,3,0,0.9143,0,0,0.505175,13.097847,0,253,3,34,0.523047,1,0,0.84375,0.664975,0,33,0,1,18,80,0,1,1,66,17
clock_skew,1,178066096556615,fault-injection.clock_skew.r001.s178066096556615,sha256:d8fab36a62b776ea378e50dd0b133873fa6c72c30a9c37d74eefd83ffd4bd966,sha256:4afec56f419ad22f60cbe809f23216af9931dfdd8ad5419bf300132dda2ce01c,80,max_ticks,,218,0.797619,201,49,0,0.134921,1,3,3,2,3,0.415076,218,0.013761,3,0,0.9152,0,0,0.505417,12.789958,0,252,2,34,0.529228,1,0,0.875,0.663265,0,33,0,1,18,80,0,1,1,66,17
clock_skew,2,1426170926021,fault-injection.clock_skew.r002.s1426170926021,sha256:013373c724219f60faa227f7d0cb443e4b9936d03e4da4b93dee26c1697330f7,sha256:8987a6feaa9d7ab4a10510c0013fa6ae41a3ae3a527e7957f23010f6323882de,80,max_ticks,,214,0.794355,197,49,0,0.137097,1,3,3,2,3,0.40907,214,0.014019,3,0,0.9129,0,0,0.504541,13.511469,0,248,0,34,0.505741,1,0,0.965517,0.677083,0,33,0,1,18,80,0,1,1,62,17
clock_skew,3,128669221546128,fault-injection.clock_skew.r003.s128669221546128,sha256:0603521e4af1018d944a7a6e565544cc2531c592378d69754b568045a9bbf4c9,sha256:dce35697021c0ca402612f4399269acf13a6c00b5357a8576423f6a50cc665aa,80,max_ticks,,216,0.803213,200,49,0,0.13253,1,3,3,2,3,0.410154,216,0.013889,3,0,0.9126,0,0,0.50385,12.446351,0,249,1,33,0.571714,1,0,0.935484,0.671795,0,32,0,1,17,80,0,1,1,64,16
clock_skew,4,185107988234670,fault-injection.clock_skew.r004.s185107988234670,sha256:e22de3b25c4c53da7fc1db54a3d1745791350fa1ca11636cb58ff5dac1b95378,sha256:f1c59d11f1433a98d338cea0baa4dc7d3e2e9c019f90794ef8690fd41659aecc,80,max_ticks,,155,0.779006,141,51,0,0.143646,1,3,3,2,3,0.440632,155,0.019355,3,0,0.9151,0,0,0.495069,12.913271,0,181,1,26,0.540441,1,0,0.875,0.985294,0,25,0,1,13,80,0,1,1,2,14
clock_skew,5,107804999490300,fault-injection.clock_skew.r005.s107804999490300,sha256:8659ae0eed36c58564c127fb4302532c569cb29372e2521d8ea9fbaa46afd0c0,sha256:b13fa2fc9484855fc6ae82517e0300334b264848efcb1e909dfdb4ab88b542fa,80,max_ticks,,215,0.795181,198,49,0,0.136546,1,3,3,2,3,0.422528,215,0.013953,3,0,0.9094,0,0,0.50413,13.031792,0,249,3,34,0.566342,1,0,0.870968,0.673575,0,33,0,1,18,80,0,1,1,63,17
clock_skew,6,96937981685370,fault-injection.clock_skew.r006.s96937981685370,sha256:2ebaaefc910c27398749fca3a9fc47f2f38e5c28f01daa4106d7e7a7452932c6,sha256:5d5b33dab6f51e487a9363d6013d819a2fe1d1966d54c17e62a958ce1ce54f19,80,max_ticks,,218,0.797619,201,49,0,0.134921,1,3,3,2,3,0.414069,218,0.013761,3,0,0.909,0,0,0.503444,9.811015,0,252,0,34,0.575097,1,0,0.933333,0.663265,0,33,0,1,18,80,0,1,1,66,17
clock_skew,7,168849236765083,fault-injection.clock_skew.r007.s168849236765083,sha256:4e3edc4f805e58272fa02b49740cfa8a6a346ae6918cb0442803a0d5701622ae,sha256:55f33dd682fa91555162befb4bf4c0115d3c1727c93ccb4bd9eea26e2f670fd9,80,max_ticks,,215,0.795181,198,49,0,0.136546,1,3,3,2,3,0.418229,215,0.013953,3,0,0.9118,0,0,0.504495,11.762425,0,249,2,34,0.554791,1,0,0.875,0.673575,0,33,0,1,18,80,0,1,1,63,17
clock_skew,8,240332356280604,fault-injection.clock_skew.r008.s240332356280604,sha256:afc68dfb9a37504395ed97a326231a7e2171a8a3540d9bc6541a5ba55eafa203,sha256:fe9ef3f382eddcfdb4b099b88214fe37b956b1feb8b6e740d128f659cb0c98d5,80,max_ticks,,218,0.804,201,49,0,0.128,1,3,3,2,3,0.391379,218,0.013761,3,0,0.9124,0,0,0.502429,11.890534,0,250,2,32,0.552464,1,0,0.875,0.663265,0,31,0,1,18,80,0,1,1,66,17
clock_skew,9,126050894662,fault-injection.clock_skew.r009.s126050894662,sha256:5c02a3d024caf5ba20892842997aaf8d426594dd31222f1ab430a197ec88b928,sha256:f2558414dd790e4ff3395fbbc9e9de4b7403f2b1606dd9daa6927271385abea3,80,max_ticks,,215,0.795181,198,50,0,0.136546,1,3,3,2,3,0.409841,215,0.013953,3,0,0.9116,0,0,0.5036,13.140343,0,249,3,34,0.591832,1,0,0.83871,0.678756,0,33,0,1,18,80,0,1,1,62,17
clock_skew,10,5778519009931,fault-injection.clock_skew.r010.s5778519009931,sha256:1ffdf852f5cbd34036d9b8734747a0872e04767826b6c42c9f33654538f5d34a,sha256:c4236f6253727d5b8989ddbf2bc07d32b45cd623652ddbfa464c81124b049d1b,80,max_ticks,,218,0.800797,201,49,0,0.131474,1,3,3,2,3,0.397313,218,0.013761,3,0,0.9135,0,0,0.504204,13.846353,0,251,2,33,0.580032,1,0,0.875,0.663265,0,32,0,1,18,80,0,1,1,66,17
clock_skew,11,53120701815735,fault-injection.clock_skew.r011.s53120701815735,sha256:50c5ef30b9ce1e4a43f6ce5a100c4bd7e71fe93358350f89ac4bef4cb52496a4,sha256:a00148747cafd679273eb9626b692b1fa85570d37bca18441c0e893098597234,80,max_ticks,,213,0.793522,196,49,0,0.137652,1,3,3,2,3,0.415297,213,0.014085,3,0,0.9147,0,0,0.504809,11.128937,0,247,2,34,0.544274,1,0,0.903226,0.680628,0,33,0,1,18,80,0,1,1,61,17
clock_skew,12,149166651730298,fault-injection.clock_skew.r012.s149166651730298,sha256:44c7be8b8c3e32c924e109b6ad9a5f8815e656c85127ada508f59ccbf2db9c4f,sha256:a5338150b7f2c1a288bcd71bae954615f05ff7532d84be73035d34e926091eed,80,max_ticks,,210,0.794239,193,49,0,0.135802,1,3,3,2,3,0.418748,210,0.014286,3,0,0.9049,0,0,0.502319,11.484153,0,243,2,33,0.542053,1,0,0.862069,0.691489,0,32,0,1,18,80,0,1,1,58,17
clock_skew,13,198157650392612,fault-injection.clock_skew.r013.s198157650392612,sha256:a53467805e1ac53bc78359f124ec84b15228643766fc8372b46568339b7f4abd,sha256:9645ccf0f0105c3198997f56f717700372500daacafb1ebe865362544dad6990,80,max_ticks,,216,0.792,198,49,0,0.136,1,3,3,2,3,0.437616,216,0.013889,3,0,0.9078,0,0,0.505712,12.193708,0,250,2,34,0.550545,1,0,0.875,0.668394,0,33,0,1,19,80,0,1,1,64,18
clock_skew,14,169186521342247,fault-injection.clock_skew.r014.s169186521342247,sha256:eab16bd328b12086570f59852ff2bcb050a28dbbb0e6f4a7fd8953c0ab9aa7fd,sha256:4a0142e7d8a73cf2d5909d7e5aa800609b15c1e99a9ecffde55992d0a21c639c,80,max_ticks,,210,0.790984,193,49,0,0.139344,1,3,3,2,3,0.411473,210,0.014286,3,0,0.9101,0,0,0.50413,13.081404,0,244,0,34,0.532803,1,0,0.931034,0.696809,0,33,0,1,18,80,0,1,1,57,17
clock_skew,15,77722212059357,fault-injection.clock_skew.r015.s77722212059357,sha256:02caf616edb534720c2fa6f31ee8147a8dbb87fea3b8a48fdcddac30e07791a5,sha256:2bd8a9d9a2ce09fd7c6da9aa308b0770650bd733cade86c2e6b4f875c141792e,80,max_ticks,,218,0.797619,201,49,0,0.134921,1,3,3,2,3,0.418361,218,0.013761,3,0,0.9115,0,0,0.50474,13.334764,0,252,2,34,0.574521,1,0,0.875,0.663265,0,33,0,1,18,80,0,1,1,66,17
clock_skew,16,187467030496729,fault-injection.clock_skew.r016.s187467030496729,sha256:541e069147c53817390c401ee391746f901745adec22e2a87348302b131d696f,sha256:bc3cb6079a27651014a5811956949db2580572cff408f0308f31970333dbe013,80,max_ticks,,213,0.789474,195,49,0,0.137652,1,3,3,2,3,0.448739,213,0.014085,3,0,0.9145,0,0,0.505325,12.519959,0,247,2,34,0.549007,1,0,0.875,0.684211,0,33,0,1,19,80,0,1,1,60,18
clock_skew,17,20806297321196,fault-injection.clock_skew.r017.s20806297321196,sha256:4479fb29b8e46de2decabaf9a3286c2f2d1af5972ede588a5a20e0292b90097e,sha256:f240e6a3b7f6b43a80f8ef8d1b8d5ade4651cc2ba6a872e17ef141ee77b2bb25,80,max_ticks,,217,0.796813,200,49,0,0.135458,1,3,3,2,3,0.412809,217,0.013825,3,0,0.9132,0,0,0.504923,14.220551,0,251,2,34,0.550855,1,0,0.875,0.666667,0,33,0,1,18,80,0,1,1,65,17
clock_skew,18,178583155281758,fault-injection.clock_skew.r018.s178583155281758,sha256:23abc25f0db24411b1284cebc520a8df3996a35211b6a44eec090a4e21e4c538,sha256:8ae0b05ab5e78e71dbefe702086495f78dec37d7d938a81d05517972e1b82ebf,80,max_ticks,,218,0.797619,201,49,0,0.134921,1,3,3,2,3,0.414282,218,0.013761,3,0,0.9097,0,0,0.505,14.031735,0,252,2,34,0.529237,1,0,0.875,0.663265,0,33,0,1,18,80,0,1,1,66,17
clock_skew,19,226535872856816,fault-injection.clock_skew.r019.s226535872856816,sha256:0bf74c6e56cc81f900f31de3ef8602ac94aec327dc3d2011246df0a2c93ca5a9,sha256:54c360718f2121c32aea534a672d30eec282c68aa194ed73d8a53dc504e5ac37,80,max_ticks,,217,0.792829,199,49,0,0.135458,1,3,3,2,3,0.431881,217,0.013825,3,0,0.911,0,0,0.50519,12.379589,0,251,2,34,0.558404,1,0,0.875,0.670103,0,33,0,1,19,80,0,1,1,64,18
clock_skew,20,186630022464417,fault-injection.clock_skew.r020.s186630022464417,sha256:99ab4a804f8f8c15b62adcb803309263013ab411e66ed6c2bdb01533d037b6e8,sha256:f00651a19c6219803c4ccd808840efa3aea6fb0c73bf64ced295db3397f9ab73,80,max_ticks,,154,0.772222,139,49,0,0.144444,1,3,3,2,3,0.529147,154,0.019481,3,0,0.9094,0,0,0.495445,12.993412,0,180,1,26,0.556328,1,0,0.916667,0.985075,0,25,0,1,14,80,0,1,1,2,15
clock_skew,21,131454352285334,fault-injection.clock_skew.r021.s131454352285334,sha256:0ce6ec5fa720d36700bb9e0ebddd62f73b96c9335b9289dbb210f6be2c9cac4f,sha256:25b52e0fb684f6e6f91a7c2333b5cd5cd3f4ac5ff71a242f39b3176ec0a8fbd2,80,max_ticks,,220,0.799213,203,49,0,0.133858,1,3,3,2,3,0.390586,220,0.013636,3,0,0.909,0,0,0.504179,12.817399,0,254,2,34,0.553629,1,0,0.903226,0.666667,0,33,0,1,18,80,0,1,1,66,17
clock_skew,22,79471898959074,fault-injection.clock_skew.r022.s79471898959074,sha256:7b9deadab44207c31d8c66478264c193ed37d775e65a52f126d93eaf16e17bb2,sha256:7305985546585e32c3c334c5841572b7e4594c2bb12dab648d548c738a21ca81,80,max_ticks,,213,0.793522,196,49,0,0.137652,1,3,3,2,3,0.414858,213,0.014085,3,0,0.9139,0,0,0.505341,12.973255,0,247,2,34,0.533065,1,0,0.875,0.685864,0,33,0,1,18,80,0,1,1,60,17
clock_skew,23,145348247203150,fault-injection.clock_skew.r023.s145348247203150,sha256:97a1ae6d58f9309d2bc7d19726a918409413605fd8a25922bb9e234f22383548,sha256:44027ddc95beb443f98fa2226df4356f69b90836ccc675ee10af6bfac657b643,80,max_ticks,,217,0.796813,200,49,0,0.135458,1,3,3,2,3,0.417788,217,0.013825,3,0,0.9116,0,0,0.504813,11.117581,0,251,2,34,0.567972,1,0,0.903226,0.666667,0,33,0,1,18,80,0,1,1,65,17
clock_skew,24,202279436564580,fault-injection.clock_skew.r024.s202279436564580,sha256:d909474ca7e039b36a80f000891653ef74bb30ceca31d0ff9d64cfd6c9061acf,sha256:111156a8b2be6945593381ca254ee51117d13a34505c34c924ec783d6f7743c3,80,max_ticks,,154,0.777778,140,50,0,0.144444,1,3,3,2,3,0.488045,154,0.019481,3,0,0.9093,0,0,0.495121,13.582342,0,180,1,26,0.540501,1,0,0.916667,0.985185,0,25,0,1,13,80,0,1,1,2,14
clock_skew,25,106970971292751,fault-injection.clock_skew.r025.s106970971292751,sha256:30beda5fc3c02be2f8776e8035a040b4998a68c99fbc9cb0e8e80ff8089e90e0,sha256:294fc749373de633adc3a5091403fa4d1803e2951fad08ad6b5137c24692e9d0,80,max_ticks,,211,0.802469,195,50,0,0.131687,1,3,3,2,3,0.393926,211,0.014218,3,0,0.9116,0,0,0.502221,13.130504,0,243,1,32,0.55296,1,0,1,0.7,0,31,0,1,17,80,0,1,1,57,16
clock_skew,26,14151389406217,fault-injection.clock_skew.r026.s14151389406217,sha256:e9d4048794876e5c193ce84a5b83aebf4665a0d61a83f3562eba13d3709c94b2,sha256:53b01c4d524a5dc24581f0da1bae4d1408a8abccac3ead43019163f4862d4f3c,80,max_ticks,,216,0.796,199,50,0,0.136,1,3,3,2,3,0.403828,216,0.013889,3,0,0.9149,0,0,0.504102,13.770167,0,250,2,34,0.567908,1,0,0.875,0.675258,0,33,0,1,18,80,0,1,1,63,17
clock_skew,27,171180390060552,fault-injection.clock_skew.r027.s171180390060552,sha256:ad38c3f1f02fb8340d62ff10f78e8b713cc742fe1d0dd7b78a41c04af6788e58,sha256:51654b13e77e389259f3712c8bbaa92a1cd6ae6b7e979c32cd198cad87e0e281,80,max_ticks,,197,0.776824,181,,0,0.154506,1,2,3,2,3,0.378957,197,0.015228,3,0,0.9321,0,0,0.506494,6.520656,0,233,,36,0.582708,0.666667,0,0.703704,0.659091,0,25,0,0.666667,15,80,0,11,11,60,16
clock_skew,28,196088034135508,fault-injection.clock_skew.r028.s196088034135508,sha256:069b4d3998c567a2154c78480844785a9862e8a6b527929175bbaed2c95e316f,sha256:448e99eff9bae124ac1e642918bdb78351ce1d3d8cf7e260b23d88ce2d882b5a,80,max_ticks,,213,0.800813,197,49,0,0.134146,1,3,3,2,3,0.44217,213,0.014085,3,0,0.9131,0,0,0.50361,12.265556,0,246,1,33,0.563953,1,0,0.935484,0.6875,0,32,0,1,17,80,0,1,1,60,16
clock_skew,29,53402825319966,fault-injection.clock_skew.r029.s53402825319966,sha256:586c5363ac44ccaef589f506fed7d82294e1d65767857c86a2023bd3ad933b57,sha256:f22fed1d19888dcfa12605c3ad29aec628050467e3becb47e515a91e72dd8dc8,80,max_ticks,,217,0.796813,200,51,0,0.135458,1,3,3,2,3,0.392876,217,0.013825,3,0,0.9084,0,0,0.50468,13.29654,0,251,2,34,0.527083,1,0,0.875,0.666667,0,33,0,1,18,80,0,1,1,65,17
clock_skew,30,190052384377950,fault-injection.clock_skew.r030.s190052384377950,sha256:ebe03411d4697db4f59ca7dd0af3f59f85a86afff6038c9fd8a3b28b6e8c1f44,sha256:3e44e114c9e0ea134e085b0f849891266692879d3d345a48c5e461d89df9d645,80,max_ticks,,218,0.808,202,51,0,0.128,1,3,3,2,3,0.390732,218,0.013761,3,0,0.9107,0,0,0.502455,14.884606,0,250,2,32,0.558857,1,0,0.84375,0.664975,0,31,0,1,17,80,0,1,1,66,16
clock_skew,31,46330499293338,fault-injection.clock_skew.r031.s46330499293338,sha256:0173768857575afa3307ca993b32e936646a1b02eceba774a2482ce9eae12d27,sha256:1891aa284609cc36cf80d4e7e8ca6377586d0dfbdc313ad7356d0e28527af51c,80,max_ticks,,218,0.797619,201,49,0,0.134921,1,3,3,2,3,0.41383,218,0.013761,3,0,0.9127,0,0,0.505818,12.615154,0,252,2,34,0.593919,1,0,0.875,0.663265,0,33,0,1,18,80,0,1,1,66,17
clock_skew,32,248535336031370,fault-injection.clock_skew.r032.s248535336031370,sha256:1fc91d5b427515bdf790c85dac5a425dd77e00583cb3f8b389132ddf7d05d743,sha256:fe1065f894324c3e1922981b6ba32b97adc0c37bbdbb08a7934cdbdb95fcedc7,80,max_ticks,,218,0.797619,201,49,0,0.134921,1,3,3,2,3,0.418906,218,0.013761,3,0,0.9097,0,0,0.504028,12.443605,0,252,2,34,0.52972,1,0,0.875,0.663265,0,33,0,1,18,80,0,1,1,66,17
clock_skew,33,227065794631182,fault-injection.clock_skew.r033.s227065794631182,sha256:0fe091e235d3d80986712baf8f39eabb73abcbad1f3122901d5490235d44406f,sha256:870bfb7d17763bffd04f5f5c206c6f64f931143f026dac6dad604b422771dab1,80,max_ticks,,214,0.797571,197,49,0,0.133603,1,3,3,2,3,0.398808,214,0.014019,3,0,0.9127,0,0,0.503015,13.012496,0,247,0,33,0.58817,1,0,0.965517,0.682292,0,32,0,1,18,80,0,1,1,61,17
clock_skew,34,21702879519969,fault-injection.clock_skew.r034.s21702879519969,sha256:f66c90f857e4ef3d42a2beb369d4a658960f2b708daa21a9818f842169381908,sha256:880f25bc92933b3f9e70867c6fd28cd81480284f90c8d9a581f1233bd7a4e62b,80,max_ticks,,218,0.797619,201,49,0,0.134921,1,3,3,2,3,0.421001,218,0.013761,3,0,0.9082,0,0,0.503876,12.244586,0,252,2,34,0.495335,1,0,0.875,0.663265,0,33,0,1,18,80,0,1,1,66,17
clock_skew,35,35598899935367,fault-injection.clock_skew.r035.s35598899935367,sha256:986da24b7e05eb2c86107d2fe46683d7030dfbb7ea42db4d8ba0d531d1996d0c,sha256:18eb45bed1adabf2e0fd53744ffc4c7c516e027957ff26808910a85ae93a7b26,80,max_ticks,,216,0.796,199,49,0,0.136,1,3,3,2,3,0.416484,216,0.013889,3,0,0.9106,0,0,0.506019,13.271781,0,250,2,34,0.560858,1,0,0.875,0.670103,0,33,0,1,18,80,0,1,1,64,17
clock_skew,36,65055224056911,fault-injection.clock_skew.r036.s65055224056911,sha256:0a97e817355dec2a403bef85e70023d89ac28f757abbeb1f725ca18abe8641eb,sha256:85fb6c79d4ebfe9dbe291c4594234c2030add677e5d2592e46e3c37571c3fc49,80,max_ticks,,216,0.796,199,50,0,0.136,1,3,3,2,3,0.407955,216,0.013889,3,0,0.9123,0,0,0.505585,12.915556,0,250,2,34,0.542984,1,0,0.84375,0.670103,0,33,0,1,18,80,0,1,1,64,17
clock_skew,37,214902445761111,fault-injection.clock_skew.r037.s214902445761111,sha256:89534cab19786b65f0a4bd441f67fd9d739809b43f1bd64833afa97b1f18f60c,sha256:3b777a56e290fb637d20e33e707001333f9957ceb55e73a6bb06d24655d39a4a,80,max_ticks,,218,0.797619,201,49,0,0.134921,1,3,3,2,3,0.414914,218,0.013761,3,0,0.9124,0,0,0.505334,12.750907,0,252,2,34,0.529254,1,0,0.903226,0.663265,0,33,0,1,18,80,0,1,1,66,17
clock_skew,38,119744411108894,fault-injection.clock_skew.r038.s119744411108894,sha256:644234dc17a1291b48c46ed5b9352af10aa14010fe59cdd4bda744e4519e1520,sha256:9c136b33065b0082b4fafbf631142b1a56852f8a18711abdf841b74d73a443a5,80,max_ticks,,217,0.796813,200,49,0,0.135458,1,3,3,2,3,0.416501,217,0.013825,3,0,0.9145,0,0,0.505721,14.909794,0,251,2,34,0.545426,1,0,0.875,0.666667,0,33,0,1,18,80,0,1,1,65,17
clock_skew,39,65950238206829,fault-injection.clock_skew.r039.s65950238206829,sha256:0266ae653794f3f5daa088534b6776a563c6194d4b7ded9a41d33c0b7f6593e3,sha256:cf5e993c34566cbddac21aea0955c8f29f70be0e0305247d0880025aded26476,80,max_ticks,,218,0.797619,201,49,0,0.134921,1,3,3,2,3,0.402659,218,0.013761,3,0,0.9099,0,0,0.504426,12.214994,0,252,2,34,0.56565,1,0,0.875,0.668367,0,33,0,1,18,80,0,1,1,65,17
freeze_agent,0,279868911064688,fault-injection.freeze_agent.r000.s279868911064688,sha256:1882c22091ddc1d1ef7a018924a6c60f43f6fe626170dd0ee5f792b06a16f4dd,sha256:dabf58cc9d1bedb4e4503a6ffa69a4730accb6cd6af0be67b2f79facc6027843,80,max_ticks,,232,0.935897,219,42,0,0.008547,1,3,3,2,3,0.854046,232,0.012931,3,0,0.9133,0,0,0.465178,13.097847,0,234,0,2,0.558192,1,0,1,0.663551,0,1,0,1,12,80,0,1,1,72,13
freeze_agent,1,178066096556615,fault-injection.freeze_agent.r001.s178066096556615,sha256:a6934299adf890f3efa63b9cedce32152a612073eebbb80b3d8bfc1d2a0b8cea,sha256:20336f03c27654a0b272d226899909491a21cbfd7ab6688b702cb1ef9e4f9d9b,80,max_ticks,,234,0.936441,221,42,0,0.008475,1,3,3,2,3,0.869392,234,0.012821,3,0,0.9142,0,0,0.465403,12.789958,0,236,0,2,0.502686,1,0,1,0.652778,0,1,0,1,12,80,0,1,1,75,13
freeze_agent,2,1426170926021,fault-injection.freeze_agent.r002.s1426170926021,sha256:814730a65982e1c98d6126314f7a8885af55eb54bfc8b7421f7529f686bf1321,sha256:2fbb23df4fcae9a228cf384ae846a75945a9d1d441b3eb6e1fa7d7bd5ed7edbd,80,max_ticks,,230,0.935345,217,42,0,0.008621,1,3,3,2,3,0.857052,230,0.013043,3,0,0.9119,0,0,0.464529,13.511469,0,232,0,2,0.53056,1,0,1,0.665094,0,1,0,1,12,80,0,1,1,71,13
freeze_agent,3,128669221546128,fault-injection.freeze_agent.r003.s128669221546128,sha256:9b52a634fbb846b54140b004315b6445abc842ad75be40e82fab521d35bcfd69,sha256:cccfa98673f9c4597865ca7c8cf94b76161b1cf92989a3a6a0ddadfc5f28f509,80,max_ticks,,226,0.934211,213,42,0,0.008772,1,3,3,2,3,0.832217,226,0.013274,3,0,0.9117,0,0,0.465104,12.446351,0,228,0,2,0.602003,1,0,1,0.677885,0,1,0,1,12,80,0,1,1,67,13
freeze_agent,4,185107988234670,fault-injection.freeze_agent.r004.s185107988234670,sha256:ccd69bc964c30e26fae6588e247ca873a1595ce24740834a1f14bf6223a5bd60,sha256:01e82683804014f002b37c170e213112f2f9c91bb77955da746bc087bf66683c,80,max_ticks,,162,0.908537,149,42,0,0.012195,1,3,3,2,3,0.906391,162,0.018519,3,0,0.9143,0,0,0.465069,12.913271,0,164,0,2,0.632028,1,0,1,0.979167,0,1,0,1,12,80,0,1,1,3,13
freeze_agent,5,107804999490300,fault-injection.freeze_agent.r005.s107804999490300,sha256:dcda6312173d78e6c804f8b344b4939008e278051e37e411f62177f2bce39dfe,sha256:63aa07a55814842cdb38477242decadea806c5c4995ef53992df4b2f8bf04075,80,max_ticks,,233,0.93617,220,42,0,0.008511,1,3,3,2,3,0.869151,233,0.012876,3,0,0.9085,0,0,0.464113,13.031792,0,235,0,2,0.581996,1,0,1,0.655814,0,1,0,1,12,80,0,1,1,74,13
freeze_agent,6,96937981685370,fault-injection.freeze_agent.r006.s96937981685370,sha256:fa4e7817b05c2b6ca89da66ae7542a14d629304b9f65b7012be59abd21c2dcad,sha256:6d2259c64d84e69170820b0e7ede9e4da7786d1bbe31e4b06354584257e8871b,80,max_ticks,,234,0.936441,221,44,0,0.008475,1,3,3,2,3,0.870638,234,0.012821,3,0,0.908,0,0,0.463444,9.811015,0,236,0,2,0.565932,1,0,1,0.652778,0,1,0,1,12,80,0,1,1,75,13
freeze_agent,7,168849236765083,fault-injection.freeze_agent.r007.s168849236765083,sha256:a3377795bd1e0617a556abf5ff5c1608715b7db13ec2acea3b042d8b627884c0,sha256:085bd4b66db09e2f00e570f3d9a6d11f9d78a99a1a7c666da3502123db8b08bf,80,max_ticks,,233,0.93617,220,42,0,0.008511,1,3,3,2,3,0.869721,233,0.012876,3,0,0.9108,0,0,0.464495,11.762425,0,235,0,2,0.573982,1,0,1,0.655814,0,1,0,1,12,80,0,1,1,74,13
freeze_agent,8,240332356280604,fault-injection.freeze_agent.r008.s240332356280604,sha256:c85b9796c45d3f350ac6992749c86af301306b81ece9e7735e9f6d48e3a408fc,sha256:0b603c8361f5a0e738f3eb690a488c605dd92a202a40f9df53a0ccfa225b050e,80,max_ticks,,234,0.936441,221,42,0,0.008475,1,3,3,2,3,0.867246,234,0.012821,3,0,0.9114,0,0,0.46494,11.890534,0,236,0,2,0.564643,1,0,1,0.652778,0,1,0,1,12,80,0,1,1,75,13
freeze_agent,9,126050894662,fault-injection.freeze_agent.r009.s126050894662,sha256:9ff70d803559eae484b9f163eaf0d48cf93c13c9f460e01c49bc25c4c8c26155,sha256:4cd1495faf9c390d6ef4f5b3fcebd89b6ee392e19d36354e5145f4a71f8203a1,80,max_ticks,,228,0.934783,215,42,0,0.008696,1,3,3,2,3,0.868982,228,0.013158,3,0,0.9106,0,0,0.463605,13.140343,0,230,0,2,0.592723,1,0,1,0.67619,0,1,0,1,12,80,0,1,1,68,13
freeze_agent,10,5778519009931,fault-injection.freeze_agent.r010.s5778519009931,sha256:ec61a87af369d99b969c6f9db41cf38cbcb03d127b02a1b51c43be65f47453b5,sha256:ae310a351d1e9070b32daf876de380151d5bdc3257d0fa90f74732134905a538,80,max_ticks,,234,0.936441,221,42,0,0.008475,1,3,3,2,3,0.865464,234,0.012821,3,0,0.9125,0,0,0.465454,13.846353,0,236,0,2,0.555742,1,0,1,0.652778,0,1,0,1,12,80,0,1,1,75,13
freeze_agent,11,53120701815735,fault-injection.freeze_agent.r011.s53120701815735,sha256:a1449fea4adc23c9166031a4ac03a94efba2c3950fe3a7f05fe828327a6444ba,sha256:68426a2b014102a225625f17f622455b8df5a5db6c8c261ad32f783691603efd,80,max_ticks,,229,0.935065,216,43,0,0.008658,1,3,3,2,3,0.867918,229,0.0131,3,0,0.9138,0,0,0.464809,11.128937,0,231,0,2,0.581273,1,0,1,0.668246,0,1,0,1,12,80,0,1,1,70,13
freeze_agent,12,149166651730298,fault-injection.freeze_agent.r012.s149166651730298,sha256:549fc7f83ab8de804467ae2cd8094c279ea71d69a9fb62511a997c95429013f9,sha256:e59f0d3d78493fc0faf5fcc169a50c1c96c55fda233e2d95c791802f311123e2,80,max_ticks,,222,0.933036,209,45,0,0.008929,1,3,3,2,3,0.86331,222,0.013514,3,0,0.9039,0,0,0.46359,11.484153,0,224,0,2,0.537314,1,0,1,0.691176,0,1,0,1,12,80,0,1,1,63,13
freeze_agent,13,198157650392612,fault-injection.freeze_agent.r013.s198157650392612,sha256:51ab8fd858b34c688e12ca32ff539fe30d6f03cd2912548d5363066cbc0df89c,sha256:36748eeea70c2c5d7debaec46c507970467549f4916a96f67902bb50ab81a50b,80,max_ticks,,229,0.930736,215,43,0,0.008658,1,3,3,2,3,0.874257,229,0.0131,3,0,0.9068,0,0,0.465727,12.193708,0,231,0,2,0.581774,1,0,0.96875,0.671429,0,1,0,1,13,80,0,1,1,69,14
freeze_agent,14,169186521342247,fault-injection.freeze_agent.r014.s169186521342247,sha256:e64d072e15f1288e5a43097fd19e76d33bae0166c9cad6c3f4253110183424c8,sha256:a0a31e4fbe0f489a40e069e8e85b5d1ae0e9eded85086a5b1ce30d7a07b325a6,80,max_ticks,,225,0.933921,212,42,0,0.008811,1,3,3,2,3,0.853946,225,0.013333,3,0,0.9091,0,0,0.464109,13.081404,0,227,0,2,0.566697,1,0,1,0.690821,0,1,0,1,12,80,0,1,1,64,13
freeze_agent,15,77722212059357,fault-injection.freeze_agent.r015.s77722212059357,sha256:2b9184c99fe234f8d15e0028178b9bac6c20c60a4572c5ae8f99fb5eb0e743ff,sha256:0d7c23ce4e1fb90792683936714f038ea6c82901747543c159af0a2745e7884f,80,max_ticks,,228,0.934783,215,42,0,0.008696,1,3,3,2,3,0.856149,228,0.013158,3,0,0.9105,0,0,0.464746,13.334764,0,230,0,2,0.574812,1,0,1,0.671429,0,1,0,1,12,80,0,1,1,69,13
freeze_agent,16,187467030496729,fault-injection.freeze_agent.r016.s187467030496729,sha256:8eb6c22aa980eef70ce302461e977e8197ade111159129ef1151248f80b72606,sha256:d20495500151ef7cf9d32d9c7e36ba0feead83b886b8e35a3cef4e2e0e2cae99,80,max_ticks,,230,0.931034,216,42,0,0.008621,1,3,3,2,3,0.845792,230,0.013043,3,0,0.9136,0,0,0.465336,12.519959,0,232,0,2,0.58169,1,0,1,0.668246,0,1,0,1,13,80,0,1,1,70,14
freeze_agent,17,20806297321196,fault-injection.freeze_agent.r017.s20806297321196,sha256:96d7fa2965d25565355c050b7454769372c634e7d3e407b8031ccd5ea439c203,sha256:44321788c11caf2a9fe078b659021ded4fb69b3be3b4ed42ac5e0d42ec8d11d2,80,max_ticks,,235,0.936709,222,42,0,0.008439,1,3,3,2,3,0.866642,235,0.012766,3,0,0.9121,0,0,0.464921,14.220551,0,237,0,2,0.583064,1,0,1,0.654378,0,1,0,1,12,80,0,1,1,75,13
freeze_agent,18,178583155281758,fault-injection.freeze_agent.r018.s178583155281758,sha256:ab22efb9232b2311429bd43001fd65059459a4842ef9795e3aa98d69a7d01996,sha256:7d9c89d1f63307048a656c58c2f519b6eadb117a93fbb993cc5b7d7e0d6fe0d9,80,max_ticks,,234,0.936441,221,42,0,0.008475,1,3,3,2,3,0.869932,234,0.012821,3,0,0.9087,0,0,0.465002,14.031735,0,236,0,2,0.530116,1,0,1,0.652778,0,1,0,1,12,80,0,1,1,75,13
freeze_agent,19,226535872856816,fault-injection.freeze_agent.r019.s226535872856816,sha256:dffdf1dd4a13c81058bf7592c04ae1816889bfcb39cdcc9b9941c57c7bb587d0,sha256:1dfd0ae7b01368cac4c6042a636de7ef67fbc6e6f0dcf92531e4469dcfb6fbb8,80,max_ticks,,235,0.932489,221,42,0,0.008439,1,3,3,2,3,0.872069,235,0.012766,3,0,0.91,0,0,0.465181,12.379589,0,237,0,2,0.566109,1,0,1,0.652778,0,1,0,1,13,80,0,1,1,75,14
freeze_agent,20,186630022464417,fault-injection.freeze_agent.r020.s186630022464417,sha256:c80a2a3c00421d1e50899727298cabbb18b82b11241a600cfa01c93bfa46fce2,sha256:5c363d82b2f08645fac7ff37788b0cd884b3a3bb69fb4e478b5d6145c77e2be6,80,max_ticks,,162,0.908537,149,42,0,0.012195,1,3,3,2,3,0.906301,162,0.018519,3,0,0.9086,0,0,0.46545,12.993412,0,164,0,2,0.632401,1,0,1,0.979167,0,1,0,1,12,80,0,1,1,3,13
freeze_agent,21,131454352285334,fault-injection.freeze_agent.r021.s131454352285334,sha256:ac225691564546df31fa878eac39665f758eb861d536119eb458cda53112e299,sha256:a46e2621c34a69aa657d00e502f3c0c0a0908d9c18a71576d709f5aea8d47d49,80,max_ticks,,235,0.936709,222,43,0,0.008439,1,3,3,2,3,0.858041,235,0.012766,3,0,0.908,0,0,0.464199,12.817399,0,237,0,2,0.559887,1,0,1,0.654378,0,1,0,1,12,80,0,1,1,75,13
freeze_agent,22,79471898959074,fault-injection.freeze_agent.r022.s79471898959074,sha256:2b883c5f195f5055dc120f5eae6da73bae78d6bfac4ab7de6a13cd40cbed611f,sha256:3f2bacddd959ceab12ed8c8aab685055ba23a80bf64202bf90a669db9ca03f50,80,max_ticks,,230,0.935345,217,42,0,0.008621,1,3,3,2,3,0.828432,230,0.013043,3,0,0.9129,0,0,0.46535,12.973255,0,232,0,2,0.5762,1,0,1,0.665094,0,1,0,1,12,80,0,1,1,71,13
freeze_agent,23,145348247203150,fault-injection.freeze_agent.r023.s145348247203150,sha256:275b0b32fa9b4e7f45ff3447144f50c205fdb205e850a9e4a692613335d1b1cd,sha256:091903b6eb0eb8fe0396b60785cc5b586a9a2ad178fdaeaa9e5ebf9137489331,80,max_ticks,,230,0.935345,217,43,0,0.008621,1,3,3,2,3,0.861597,230,0.013043,3,0,0.9107,0,0,0.464805,11.117581,0,232,0,2,0.579515,1,0,1,0.669811,0,1,0,1,12,80,0,1,1,70,13
freeze_agent,24,202279436564580,fault-injection.freeze_agent.r024.s202279436564580,sha256:7542a82761b3068369c3387a8987185d90975552617ecc2e89e6ffe5a6c89c34,sha256:5111fc2374606ba4ce8e456a264873455ede649bb5f45572da147739c257c65f,80,max_ticks,,163,0.909091,150,42,0,0.012121,1,3,3,2,3,0.895505,163,0.018405,3,0,0.9086,0,0,0.465123,13.582342,0,165,0,2,0.630271,1,0,1,0.97931,0,1,0,1,12,80,0,1,1,3,13
freeze_agent,25,106970971292751,fault-injection.freeze_agent.r025.s106970971292751,sha256:5ec06ba915c6448385b800c7d64e69f29f398ff85e8a38040abbb3aa5f87e856,sha256:7dba565ca8d7549fad1db067e9bcb4150f8604f54aa1c3b35f061ffb2f2a3cdd,80,max_ticks,,223,0.933333,210,42,0,0.008889,1,3,3,2,3,0.860505,223,0.013453,3,0,0.9106,0,0,0.464716,13.130504,0,225,0,2,0.597097,1,0,1,0.692683,0,1,0,1,12,80,0,1,1,63,13
freeze_agent,26,14151389406217,fault-injection.freeze_agent.r026.s14151389406217,sha256:dd17ae979d33fd2c0456a8019ce8f045bb60769f13e7089d026360d376094cc4,sha256:c75a808d88423d89e7646603e220564182df951e8d4cc1e945c6708c1b0e4166,80,max_ticks,,234,0.936441,221,42,0,0.008475,1,3,3,2,3,0.866828,234,0.012821,3,0,0.914,0,0,0.464115,13.770167,0,236,0,2,0.585264,1,0,0.96875,0.657407,0,1,0,1,12,80,0,1,1,74,13
freeze_agent,27,171180390060552,fault-injection.freeze_agent.r027.s171180390060552,sha256:dfa635a2202bb8e31f6d094fb3531aca1ee42f7e1dce5bfbd462d4cefdf16d7f,sha256:bfcebf11107f4ce4fb879aadd9a7eff399c3118c3ac45b15a3e7386ea2b572a6,80,max_ticks,,215,0.893333,201,,0,0.044444,1,2,3,2,3,0.841469,215,0.013953,3,0,0.9313,0,0,0.473984,6.520656,0,225,1,10,0.582837,0.666667,0,0.851852,0.637755,0,1,0,0.666667,13,80,0,9,9,71,14
freeze_agent,28,196088034135508,fault-injection.freeze_agent.r028.s196088034135508,sha256:a2e8407ecdbbb336d864148b8f90c8b0b574d3863f27ffb93be2019fc91891e6,sha256:d3dde73fdc287368c18216003e7b8e2d849f85994cac48a5b706b376c4231d90,80,max_ticks,,231,0.935622,218,42,0,0.008584,1,3,3,2,3,0.870772,231,0.012987,3,0,0.9122,0,0,0.464866,12.265556,0,233,0,2,0.568305,1,0,1,0.661972,0,1,0,1,12,80,0,1,1,72,13
freeze_agent,29,53402825319966,fault-injection.freeze_agent.r029.s53402825319966,sha256:5193a6a014512e6a389e542e697d6379067eb403d49e036d0719491912347180,sha256:446f46f6ebf66fc56f4c3a491cab558642504464d23a60993122dca7e6bd7e76,80,max_ticks,,224,0.933628,211,42,0,0.00885,1,3,3,2,3,0.858183,224,0.013393,3,0,0.9074,0,0,0.464686,13.29654,0,226,0,2,0.605677,1,0,0.96875,0.684466,0,1,0,1,12,80,0,1,1,65,13
freeze_agent,30,190052384377950,fault-injection.freeze_agent.r030.s190052384377950,sha256:92a5cb94e4d090ecb47491690f8170e405fe12fcf1f4889ce360f8ef49e1d85a,sha256:d0b7e05e829523b6c51abbec435eb289f575755d18af0b40eb2e696a1df7756c,80,max_ticks,,234,0.936441,221,42,0,0.008475,1,3,3,2,3,0.869571,234,0.012821,3,0,0.9098,0,0,0.46496,14.884606,0,236,0,2,0.550777,1,0,1,0.652778,0,1,0,1,12,80,0,1,1,75,13
freeze_agent,31,46330499293338,fault-injection.freeze_agent.r031.s46330499293338,sha256:5ca6e03d5f6b8dd007cf5b56b3ab56444fc169f0ced624ff9623814a22e4a2ef,sha256:cad584e6cf91fdf9e350f58951d5b308cc96585783241d6fbaf7234ae14df56e,80,max_ticks,,235,0.936709,222,42,0,0.008439,1,3,3,2,3,0.864143,235,0.012766,3,0,0.9116,0,0,0.465812,12.615154,0,237,0,2,0.596527,1,0,0.96875,0.654378,0,1,0,1,12,80,0,1,1,75,13
freeze_agent,32,248535336031370,fault-injection.freeze_agent.r032.s248535336031370,sha256:be35883f5545d37d4324a18b2564f83fab1131907dff12a1ab98f5600d43f434,sha256:52ab65fe445e8af1ceec83ff59988d439b98bc9e4007f07b4fb128e13c120711,80,max_ticks,,234,0.936441,221,42,0,0.008475,1,3,3,2,3,0.86927,234,0.012821,3,0,0.9087,0,0,0.46402,12.443605,0,236,0,2,0.54383,1,0,1,0.652778,0,1,0,1,12,80,0,1,1,75,13
freeze_agent,33,227065794631182,fault-injection.freeze_agent.r033.s227065794631182,sha256:777de03e7ab3bda2658a51c2fddac544e635463fa8276ce69e0fd8a04e25ffbe,sha256:f4bd11e61841c736923d4feb7d5782c6edbd39f7d368c0b2a6788ae0339d0f74,80,max_ticks,,227,0.934498,214,42,0,0.008734,1,3,3,2,3,0.847101,227,0.013216,3,0,0.9116,0,0,0.464248,13.012496,0,229,0,2,0.551577,1,0,1,0.674641,0,1,0,1,12,80,0,1,1,68,13
freeze_agent,34,21702879519969,fault-injection.freeze_agent.r034.s21702879519969,sha256:262be8441e0716e8cb90439bb0c390301d66e03ec89adb19419afdb2c46a6e29,sha256:45532c1690c6a231980e43b25a1537f5b5655db5eb4ab5421c14935d9c8c254c,80,max_ticks,,234,0.936441,221,42,0,0.008475,1,3,3,2,3,0.869145,234,0.012821,3,0,0.9073,0,0,0.463889,12.244586,0,236,0,2,0.523423,1,0,1,0.652778,0,1,0,1,12,80,0,1,1,75,13
freeze_agent,35,35598899935367,fault-injection.freeze_agent.r035.s35598899935367,sha256:4d92d82282af366fa7b6b1f363770beeae01a9ce35ec1e811c270912f260a518,sha256:3802bcde98e7e4abc38d857e92742c7df6147678e152b91ca35ca72a7ccb9535,80,max_ticks,,233,0.93617,220,42,0,0.008511,1,3,3,2,3,0.86763,233,0.012876,3,0,0.9096,0,0,0.466018,13.271781,0,235,0,2,0.559441,1,0,1,0.655814,0,1,0,1,12,80,0,1,1,74,13
freeze_agent,36,65055224056911,fault-injection.freeze_agent.r036.s65055224056911,sha256:757adcd309015a78b524299802b8bd21d385f4c9b7d56e25dea4535baaff2fac,sha256:d3649786b3a1e04259654c58e64e7ea7151bbe12301855ed251c0a9fbd8d6135,80,max_ticks,,231,0.935622,218,42,0,0.008584,1,3,3,2,3,0.870913,231,0.012987,3,0,0.9112,0,0,0.465589,12.915556,0,233,0,2,0.571945,1,0,1,0.661972,0,1,0,1,12,80,0,1,1,72,13
freeze_agent,37,214902445761111,fault-injection.freeze_agent.r037.s214902445761111,sha256:41764653e9786008358cfb481b5249b3734fda0130f28d2ccf80b543dc1f6464,sha256:595e1b2ce9934f7fabeff20a469b6e4c2e06bcdfc8896197bd25d3e493dc85d2,80,max_ticks,,235,0.936709,222,43,0,0.008439,1,3,3,2,3,0.865263,235,0.012766,3,0,0.9113,0,0,0.465334,12.750907,0,237,0,2,0.489364,1,0,1,0.654378,0,1,0,1,12,80,0,1,1,75,13
freeze_agent,38,119744411108894,fault-injection.freeze_agent.r038.s119744411108894,sha256:771ad542f469b216324908fa9abd5e384d707c30d8a02d3199d00c925086e23a,sha256:41d9c84e4926f43ea6dd7228ff824e8ce2ada2265ebbee167b7fa29bb80aaf60,80,max_ticks,,233,0.93617,220,42,0,0.008511,1,3,3,2,3,0.871691,233,0.012876,3,0,0.9135,0,0,0.465711,14.909794,0,235,0,2,0.583743,1,0,1,0.655814,0,1,0,1,12,80,0,1,1,74,13
freeze_agent,39,65950238206829,fault-injection.freeze_agent.r039.s65950238206829,sha256:cb88835b1c3d05cf009b918134ff6c16a22da080c4a11dc2bfd9eb91d46ccb1d,sha256:9b0f68e4d64170bdf3e5917395af39a5931833283c62df146808809c4c34187e,80,max_ticks,,233,0.93617,220,42,0,0.008511,1,3,3,2,3,0.870529,233,0.012876,3,0,0.9088,0,0,0.464416,12.214994,0,235,0,2,0.58665,1,0,1,0.655814,0,1,0,1,12,80,0,1,1,74,13
judge_timeout,0,279868911064688,fault-injection.judge_timeout.r000.s279868911064688,sha256:81bda622fdde54b73f014c3c9dca083ded229df354cd1ae518d02fae20163eef,sha256:86b90234ca892ca2ab7aed74a5cc16ece8ce82f5bcf3fc63077325f66c912659,80,max_ticks,,251,0.814229,206,51,0,0.007905,1,3,3,2,3,0.181547,251,0.139442,35,32,0.9133,1274.900398,0,0.465178,13.097847,0,253,0,2,0.507986,1,0,0.96875,0.671642,0.126482,1,0,1,12,80,0,1,1,66,45
judge_timeout,1,178066096556615,fault-injection.judge_timeout.r001.s178066096556615,sha256:f01aca904f484ec587a42b5921d61787f3dd2b024b929fc19fb6a290badf290f,sha256:b65571a1f758f370ebd21573f4b48be332ea5076d7f01baecf9491fb33414e46,80,max_ticks,,250,0.813492,205,49,0,0.007937,1,3,3,2,3,0.212101,250,0.14,35,32,0.9142,1280,0,0.465403,12.789958,0,252,0,2,0.523156,1,0,1,0.67,0.126984,1,0,1,12,80,0,1,1,66,45
judge_timeout,2,1426170926021,fault-injection.judge_timeout.r002.s1426170926021,sha256:0282b252162a7a43a6fe16e67f48395090ff3db9b6ba17254738f381d6906f1f,sha256:97aecfa729c6e47b7f2463426603fbc345ae095feb05d6cf50eff14422ac3ebe,80,max_ticks,,246,0.810484,201,49,0,0.008065,1,3,3,2,3,0.206896,246,0.142276,35,32,0.9119,1300.813008,0,0.464529,13.511469,0,248,0,2,0.497075,1,0,1,0.683673,0.129032,1,0,1,12,80,0,1,1,62,45
judge_timeout,3,128669221546128,fault-injection.judge_timeout.r003.s128669221546128,sha256:3a3e5b8743f791dac82314a3f547033d55697659132e1845d24f43ed8361c17c,sha256:3085cb973f38b3ebb5641cef28bac8dc93d7ba4efd96b84a1151c7e1d59bb8d0,80,max_ticks,,247,0.815261,203,49,0,0.008032,1,3,3,2,3,0.213269,247,0.137652,34,31,0.9117,1255.060729,0,0.465104,12.446351,0,249,0,2,0.576417,1,0,1,0.676768,0.124498,1,0,1,12,80,0,1,1,64,44
judge_timeout,4,185107988234670,fault-injection.judge_timeout.r004.s185107988234670,sha256:69fb53b4da068f61f7c33001f3c03bcc1654ac22dae212c60d074fc744efc809,sha256:2d5314257a223bbaf5fed13587072edec8de5dac8a1a30759a03908ec47abe38,80,max_ticks,,179,0.78453,142,51,0,0.01105,1,3,3,2,3,0.322312,179,0.150838,27,24,0.9143,1340.782123,0,0.465069,12.913271,0,181,0,2,0.5288,1,0,0.916667,0.985401,0.132597,1,0,1,12,80,0,1,1,2,37
judge_timeout,5,107804999490300,fault-injection.judge_timeout.r005.s107804999490300,sha256:fa983c7d79fe7db71da0354a1d1968cb9c2988925619e7e6271b291c94801396,sha256:93eb1e344fc303de2e78b85bdfd6f9976ff5e3e54f36ab830c6a98dc6b631a17,80,max_ticks,,247,0.811245,202,49,0,0.008032,1,3,3,2,3,0.219491,247,0.1417,35,32,0.9085,1295.546559,0,0.464113,13.031792,0,249,0,2,0.573547,1,0,1,0.680203,0.128514,1,0,1,12,80,0,1,1,63,45
judge_timeout,6,96937981685370,fault-injection.judge_timeout.r006.s96937981685370,sha256:766f0f4037f40511d4e6f988ce934424bf15fd74ab6c2f49ceba8a175966e15c,sha256:f03af2b4d9cf3b8abda72bff6fe904076e22114eb56ace556de997568fa121ad,80,max_ticks,,250,0.813492,205,49,0,0.007937,1,3,3,2,3,0.209539,250,0.14,35,32,0.908,1280,0,0.463444,9.811015,0,252,0,2,0.571936,1,0,1,0.67,0.126984,1,0,1,12,80,0,1,1,66,45
judge_timeout,7,168849236765083,fault-injection.judge_timeout.r007.s168849236765083,sha256:0fa095e02e18131012176ed7f9980139c68546c7a413721a81d44237c8cd5241,sha256:bc4e1693f2269ef5ee0efaaff91bf6e01ac09953dcdbb5322aff5cf30fb01fd8,80,max_ticks,,247,0.811245,202,49,0,0.008032,1,3,3,2,3,0.215327,247,0.1417,35,32,0.9108,1295.546559,0,0.464495,11.762425,0,249,0,2,0.55116,1,0,1,0.680203,0.128514,1,0,1,12,80,0,1,1,63,45
judge_timeout,8,240332356280604,fault-injection.judge_timeout.r008.s240332356280604,sha256:bf8d29ae62188c89a98ffe6b81af812695d7dc9d891a360041752c0f98977661,sha256:89545184faedb896980af45d31e0ed0f28b72275157738211c4c2e6309f6c50f,80,max_ticks,,248,0.82,205,49,0,0.008,1,3,3,2,3,0.211089,248,0.133065,33,30,0.9114,1209.677419,0,0.46494,11.890534,0,250,0,2,0.546833,1,0,1,0.67,0.12,1,0,1,12,80,0,1,1,66,43
judge_timeout,9,126050894662,fault-injection.judge_timeout.r009.s126050894662,sha256:a38307d3dae6b07fea4699fa4e28aff24565450072ec0019b1f1c800e1216138,sha256:b75dd74a2db653b0a000e431dd3c63f7ac0c4f6562fd29b114d0c8bfca33a57a,80,max_ticks,,247,0.811245,202,50,0,0.008032,1,3,3,2,3,0.196869,247,0.1417,35,32,0.9106,1295.546559,0,0.463605,13.140343,0,249,0,2,0.586212,1,0,0.967742,0.685279,0.128514,1,0,1,12,80,0,1,1,62,45
judge_timeout,10,5778519009931,fault-injection.judge_timeout.r010.s5778519009931,sha256:3f2c8c146a433e81e002052f1951a338e0ae96fbde888e08f439e459a8165163,sha256:32d227b94f112d43bf7d07ecba472b5e28764257e63f42fd652111ed1c8e74fe,80,max_ticks,,249,0.816733,205,49,0,0.007968,1,3,3,2,3,0.207643,249,0.136546,34,31,0.9125,1244.97992,0,0.465454,13.846353,0,251,0,2,0.57384,1,0,1,0.67,0.123506,1,0,1,12,80,0,1,1,66,44
judge_timeout,11,53120701815735,fault-injection.judge_timeout.r011.s53120701815735,sha256:9fe4bbfb84e639c29300bc5c4afb3530c09af5ec405e3c9e1149ff867abfce6b,sha256:f80057c888f226bad1f68b7bb51ef9d55c7cabc7b79e0fbbf9f19920484688ad,80,max_ticks,,245,0.809717,200,49,0,0.008097,1,3,3,2,3,0.211512,245,0.142857,35,32,0.9138,1306.122449,0,0.464809,11.128937,0,247,0,2,0.540631,1,0,1,0.687179,0.129555,1,0,1,12,80,0,1,1,61,45
judge_timeout,12,149166651730298,fault-injection.judge_timeout.r012.s149166651730298,sha256:f0e67e91a726f947f798cff1401aad17bce1f9583a824027951cdf30494b2cb9,sha256:ac5c65d352f57d9613d5b5328ee90ba754221f7028f22b6c344143b954fca95f,80,max_ticks,,241,0.8107,197,49,0,0.00823,1,3,3,2,3,0.214423,241,0.141079,34,31,0.9039,1286.307054,0,0.46359,11.484153,0,243,0,2,0.534992,1,0,1,0.697917,0.127572,1,0,1,12,80,0,1,1,58,44
judge_timeout,13,198157650392612,fault-injection.judge_timeout.r013.s198157650392612,sha256:c4a8713154151016370de13dc392ef65e0f7d7d627eab980759d5fc716789673,sha256:fde7aa2a2532d3d2fcd874faedd71b7101812cfc1837f906468ad0cd52155d9c,80,max_ticks,,248,0.808,202,49,0,0.008,1,3,3,2,3,0.243166,248,0.141129,35,32,0.9068,1290.322581,0,0.465727,12.193708,0,250,0,2,0.554482,1,0,1,0.675127,0.128,1,0,1,13,80,0,1,1,64,46
judge_timeout,14,169186521342247,fault-injection.judge_timeout.r014.s169186521342247,sha256:d659226b891d832a5d2749bd9d2a7fd1f3ab729957d739df7014871cc4002b42,sha256:a6f8dbec680fd340750f416e0bee7757e08c78004c6c2847e77499889772b951,80,max_ticks,,242,0.807377,197,49,0,0.008197,1,3,3,2,3,0.209013,242,0.144628,35,32,0.9091,1322.31405,0,0.464109,13.081404,0,244,0,2,0.540625,1,0,1,0.703125,0.131148,1,0,1,12,80,0,1,1,57,45
judge_timeout,15,77722212059357,fault-injection.judge_timeout.r015.s77722212059357,sha256:cdbd65c46b50d1a362cb98aeefcd85f59f3aadb2115c08387fb3ddd3817a9911,sha256:f2675258d017a5742b306a4a05c166646d41c40fcdc25ec8c64925c756aeaaa4,80,max_ticks,,250,0.813492,205,49,0,0.007937,1,3,3,2,3,0.215785,250,0.14,35,32,0.9105,1280,0,0.464746,13.334764,0,252,0,2,0.573308,1,0,1,0.67,0.126984,1,0,1,12,80,0,1,1,66,45
judge_timeout,16,187467030496729,fault-injection.judge_timeout.r016.s187467030496729,sha256:92b5f4d44f20fc0379815c4d850a5619bdf8a8a0b0862a7f69fee5b412c52bf0,sha256:666894c3f0a58e457baa4d6387d86c62e6c4b39b85a383f68387804d7ba8408b,80,max_ticks,,245,0.805668,199,49,0,0.008097,1,3,3,2,3,0.259736,245,0.142857,35,32,0.9136,1306.122449,0,0.465336,12.519959,0,247,0,2,0.54074,1,0,1,0.690722,0.129555,1,0,1,13,80,0,1,1,60,46
judge_timeout,17,20806297321196,fault-injection.judge_timeout.r017.s20806297321196,sha256:c38ac41ae61e9ff2ce25e64da291da489521b6041d6a9fec85372923a45e7862,sha256:e9128fe70955f8fcaeb488bb4e78bc68d633c708f808dababcdeaf884b6854e0,80,max_ticks,,249,0.812749,204,49,0,0.007968,1,3,3,2,3,0.209249,249,0.140562,35,32,0.9121,1285.140562,0,0.464921,14.220551,0,251,0,2,0.551714,1,0,1,0.673367,0.12749,1,0,1,12,80,0,1,1,65,45
judge_timeout,18,178583155281758,fault-injection.judge_timeout.r018.s178583155281758,sha256:270d4cc4a1a69a5c29a51ce2bc9fbe3c4808263cff4229485ce77604e0ece2dc,sha256:53abaffc0a1a9296ac5abff5c1deac96dd2d0615249c8ce16c05d3bc5681a488,80,max_ticks,,250,0.813492,205,49,0,0.007937,1,3,3,2,3,0.210377,250,0.14,35,32,0.9087,1280,0,0.465002,14.031735,0,252,0,2,0.5244,1,0,1,0.67,0.126984,1,0,1,12,80,0,1,1,66,45
judge_timeout,19,226535872856816,fault-injection.judge_timeout.r019.s226535872856816,sha256:6e0e146e70f7be882796e2c0e97908457e3d1b7f983975183e461793386731e3,sha256:7afd342e9be479343b583c1ec950f862b0e9512e1267e18669afb0327f329d2e,80,max_ticks,,249,0.808765,203,49,0,0.007968,1,3,3,2,3,0.234835,249,0.140562,35,32,0.91,1285.140562,0,0.465181,12.379589,0,251,0,2,0.560407,1,0,1,0.676768,0.12749,1,0,1,13,80,0,1,1,64,46
judge_timeout,20,186630022464417,fault-injection.judge_timeout.r020.s186630022464417,sha256:229ac7fb19c94d9abac33256a2a1c7fe3af1a7ef05df7023c3df7a71d1e8e259,sha256:689943ccd40019d82fa25289d2068e08c833e0362240a6c67c3562f5e74be5fc,80,max_ticks,,178,0.783333,141,49,0,0.011111,1,3,3,2,3,0.418471,178,0.151685,27,24,0.9086,1348.314607,0,0.46545,12.993412,0,180,0,2,0.553933,1,0,1,0.985294,0.133333,1,0,1,12,80,0,1,1,2,37
judge_timeout,21,131454352285334,fault-injection.judge_timeout.r021.s131454352285334,sha256:89f6d30d4f9504fb93c11f3cdd4f981ddaa2f685af14477a15fd12b57860418d,sha256:875e828320161dd3821593c92702edb2a9d629ccfbe9186f466a7c1c0817eac2,80,max_ticks,,252,0.814961,207,49,0,0.007874,1,3,3,2,3,0.181057,252,0.138889,35,32,0.908,1269.84127,0,0.464199,12.817399,0,254,0,2,0.548231,1,0,1,0.673267,0.125984,1,0,1,12,80,0,1,1,66,45
judge_timeout,22,79471898959074,fault-injection.judge_timeout.r022.s79471898959074,sha256:148622ffec6b21123f0112ce5693eb68184ea56b1ceb6079ec48ce56e25b6a16,sha256:9b6fd209349368ac62dbba4c80d0cc9e29d07b95c70a90ddcf7c0e183baeabea,80,max_ticks,,245,0.809717,200,49,0,0.008097,1,3,3,2,3,0.211602,245,0.142857,35,32,0.9129,1306.122449,0,0.46535,12.973255,0,247,0,2,0.530216,1,0,1,0.692308,0.129555,1,0,1,12,80,0,1,1,60,45
judge_timeout,23,145348247203150,fault-injection.judge_timeout.r023.s145348247203150,sha256:b9734211c355ab6ddba1367d6310a5991613ee6314cdbd02eabd1e22bb1c3afc,sha256:fc70c8bc7d5544186a4f030e520396020a36874b7a4e6be881d859ffbe083fb3,80,max_ticks,,249,0.812749,204,49,0,0.007968,1,3,3,2,3,0.214952,249,0.140562,35,32,0.9107,1285.140562,0,0.464805,11.117581,0,251,0,2,0.56521,1,0,1,0.673367,0.12749,1,0,1,12,80,0,1,1,65,45
judge_timeout,24,202279436564580,fault-injection.judge_timeout.r024.s202279436564580,sha256:78d20d395e9d118e64ee709a4efd55c55bc353f95c1d90c2a8a76f5be9f3c367,sha256:107fc0e38f4059d7222f68aa68de8bc47efae44e8d14ef7d9e9db175764ae695,80,max_ticks,,178,0.783333,141,50,0,0.011111,1,3,3,2,3,0.383276,178,0.151685,27,24,0.9086,1348.314607,0,0.465123,13.582342,0,180,0,2,0.552419,1,0,0.958333,0.985294,0.133333,1,0,1,12,80,0,1,1,2,37
judge_timeout,25,106970971292751,fault-injection.judge_timeout.r025.s106970971292751,sha256:a47729949920fdc8ba8a34455f4384da7687380e7045dcee980a018b379b81c7,sha256:ea02f3b044006f217abd6884d6981a272573e9f723529ac50813cae0e7789b05,80,max_ticks,,241,0.814815,198,50,0,0.00823,1,3,3,2,3,0.198313,241,0.136929,33,30,0.9106,1244.813278,0,0.464716,13.130504,0,243,0,2,0.560457,1,0,1,0.704663,0.123457,1,0,1,12,80,0,1,1,57,43
judge_timeout,26,14151389406217,fault-injection.judge_timeout.r026.s14151389406217,sha256:dd36d642891e4571de43585463046abba2af45ff58f7e757f7077497c785cf14,sha256:eb5dc3d0849bfd07af3905e2f82f74c48ddc916b4f1b1d9811d546a6bdc483f7,80,max_ticks,,248,0.812,203,50,0,0.008,1,3,3,2,3,0.197859,248,0.141129,35,32,0.914,1290.322581,0,0.464115,13.770167,0,250,0,2,0.563501,1,0,1,0.681818,0.128,1,0,1,12,80,0,1,1,63,45
judge_timeout,27,171180390060552,fault-injection.judge_timeout.r027.s171180390060552,sha256:09d96f99a9b2dd10c8fada0adebb569805ae2650981e3bab7952cadf2e7ff4dd,sha256:601a4cfe85c3f8267d6556a27330884e4bc364dc05212c3553054317271589c3,80,max_ticks,,221,0.785408,183,,0,0.051502,1,2,3,2,3,0.243906,221,0.122172,27,24,0.9314,1085.972851,0,0.476485,6.520656,0,233,0,12,0.5843,0.666667,0,0.777778,0.662921,0.103004,1,0,0.666667,13,80,0,11,11,60,38
judge_timeout,28,196088034135508,fault-injection.judge_timeout.r028.s196088034135508,sha256:5ffc1d58295193b0f233e96e4a8a1017c2241f8fb1ac09e082c1f56d9e2c04af,sha256:894ba203afb0601b82414bd5a4798195116b8e2a97c3995dd247d224f04651bf,80,max_ticks,,244,0.813008,200,49,0,0.00813,1,3,3,2,3,0.264127,244,0.139344,34,31,0.9122,1270.491803,0,0.464866,12.265556,0,246,0,2,0.582192,1,0,1,0.692308,0.126016,1,0,1,12,80,0,1,1,60,44
judge_timeout,29,53402825319966,fault-injection.judge_timeout.r029.s53402825319966,sha256:bc2a8f4ab542cc346151a1debfc20b986f2bae044b328f900d927c67e31ee53a,sha256:6d72b878e38ad0ab4fbbf08ccaeb248bb7e5e38534d3f675a283664e3cab8871,80,max_ticks,,249,0.812749,204,51,0,0.007968,1,3,3,2,3,0.18245,249,0.140562,35,32,0.9074,1285.140562,0,0.464686,13.29654,0,251,0,2,0.538208,1,0,1,0.673367,0.12749,1,0,1,12,80,0,1,1,65,45
judge_timeout,30,190052384377950,fault-injection.judge_timeout.r030.s190052384377950,sha256:6fc4bf056259f0695584436c59fef4a623823abe910e4393f17a20259fb9901c,sha256:ab616181493e1363388222c76ab269d1064cd40466b8dc145b0969393a8dccf6,80,max_ticks,,248,0.82,205,51,0,0.008,1,3,3,2,3,0.181792,248,0.133065,33,30,0.9098,1209.677419,0,0.46496,14.884606,0,250,0,2,0.540768,1,0,0.9375,0.67,0.12,1,0,1,12,80,0,1,1,66,43
judge_timeout,31,46330499293338,fault-injection.judge_timeout.r031.s46330499293338,sha256:8e019c4be837e00b27ad47a79b9fbd65c7e4763db6be338f8259ee10818843ec,sha256:63d1e8ab5e12dc6314d9679499240553292ccc4abf8de4265217650c9161d94c,80,max_ticks,,250,0.813492,205,49,0,0.007937,1,3,3,2,3,0.210237,250,0.14,35,32,0.9116,1280,0,0.465812,12.615154,0,252,0,2,0.592503,1,0,1,0.67,0.126984,1,0,1,12,80,0,1,1,66,45
judge_timeout,32,248535336031370,fault-injection.judge_timeout.r032.s248535336031370,sha256:6f4fe6fc2eb464152266fe4bceaf04d02c530cd9e1d992a2008f3d9426e8e28d,sha256:c4a6f9ba0d5f49c66ae3aaba2ef6764eb1206b56d89db1e654297f2c63f6e495,80,max_ticks,,250,0.813492,205,49,0,0.007937,1,3,3,2,3,0.216566,250,0.14,35,32,0.9087,1280,0,0.46402,12.443605,0,252,0,2,0.523542,1,0,1,0.67,0.126984,1,0,1,12,80,0,1,1,66,45
judge_timeout,33,227065794631182,fault-injection.judge_timeout.r033.s227065794631182,sha256:dcfc3c64adf6e502cbaff6b6ae3e2abb3d65592ea5dd5a807190484687369783,sha256:2bc4350602064dff195c23daeceffb7066974c3edf43cfdead4b9b8530d3cc76,80,max_ticks,,245,0.813765,201,49,0,0.008097,1,3,3,2,3,0.210724,245,0.138776,34,31,0.9116,1265.306122,0,0.464248,13.012496,0,247,0,2,0.592368,1,0,1,0.688776,0.125506,1,0,1,12,80,0,1,1,61,44
judge_timeout,34,21702879519969,fault-injection.judge_timeout.r034.s21702879519969,sha256:f8dd2bef2c97ad2b22f1c5e7cb7b65fcb704ff3322dc97f71330765c542bca4c,sha256:96cc8b0440c751627b2597cb14681b708d46c39f58b084667f35a8d561c76add,80,max_ticks,,250,0.813492,205,49,0,0.007937,1,3,3,2,3,0.217607,250,0.14,35,32,0.9073,1280,0,0.463889,12.244586,0,252,0,2,0.490027,1,0,1,0.67,0.126984,1,0,1,12,80,0,1,1,66,45
judge_timeout,35,35598899935367,fault-injection.judge_timeout.r035.s35598899935367,sha256:bff24cb2673058bbabda2effd933486aa1ac5508a0eaeae12366356e611fb736,sha256:ff537f8b2b9b780bf9df4afcb6bfbc7be6f0750a8ec918d8a83530f3a02f488e,80,max_ticks,,248,0.812,203,49,0,0.008,1,3,3,2,3,0.213212,248,0.141129,35,32,0.9096,1290.322581,0,0.466018,13.271781,0,250,0,2,0.56754,1,0,1,0.676768,0.128,1,0,1,12,80,0,1,1,64,45
judge_timeout,36,65055224056911,fault-injection.judge_timeout.r036.s65055224056911,sha256:a6cdde51810101c1f3a751bf9dc860bfb32800643e255399364f0dc6264be61c,sha256:d75b35bf0767fdd6e8e6d24edb5d0f23efd97c1d4eda3b55cebfb11cb0f6545f,80,max_ticks,,248,0.812,203,50,0,0.008,1,3,3,2,3,0.202682,248,0.141129,35,32,0.9112,1290.322581,0,0.465589,12.915556,0,250,0,2,0.535908,1,0,0.96875,0.676768,0.128,1,0,1,12,80,0,1,1,64,45
judge_timeout,37,214902445761111,fault-injection.judge_timeout.r037.s214902445761111,sha256:4f1e7b943f83182e10c9c0eede7e5f831967f3091ddccfbc78d9a5dd377e9407,sha256:897007efe7967e5c99aa752474e2b9f997a4f8cea513e29ab813ac7fb8ec8920,80,max_ticks,,250,0.813492,205,49,0,0.007937,1,3,3,2,3,0.210578,250,0.14,35,32,0.9113,1280,0,0.465334,12.750907,0,252,0,2,0.524341,1,0,1,0.67,0.126984,1,0,1,12,80,0,1,1,66,45
judge_timeout,38,119744411108894,fault-injection.judge_timeout.r038.s119744411108894,sha256:ebf1134f860c67c0d4c235c8bfac1695a421866343762bc81afad56f7c627e6c,sha256:2bba3d9608cee13d88fb638426f59e530bf92cc533f2ed2d27280cf1f0c8656a,80,max_ticks,,249,0.812749,204,49,0,0.007968,1,3,3,2,3,0.21322,249,0.140562,35,32,0.9135,1285.140562,0,0.465711,14.909794,0,251,0,2,0.549447,1,0,1,0.673367,0.12749,1,0,1,12,80,0,1,1,65,45
judge_timeout,39,65950238206829,fault-injection.judge_timeout.r039.s65950238206829,sha256:a0db07c14f1529253dd3a3c1fed69d67d2de5e277d8c0e17fd11a526a9d8b9d5,sha256:55106c106f8de5ad08382293379202a16fae181457aebb0ad88f62529f80136f,80,max_ticks,,250,0.813492,205,49,0,0.007937,1,3,3,2,3,0.195635,250,0.14,35,32,0.9088,1280,0,0.464416,12.214994,0,252,0,2,0.565763,1,0,1,0.675,0.126984,1,0,1,12,80,0,1,1,65,45
network_unavailable,0,279868911064688,fault-injection.network_unavailable.r000.s279868911064688,sha256:0d2cf4c19d2d7d591e55cc795a50ba6c65ea2ba01d8d4e36ad59c2177630d649,sha256:86b90234ca892ca2ab7aed74a5cc16ece8ce82f5bcf3fc63077325f66c912659,80,max_ticks,,251,0.814229,206,51,0,0.007905,1,3,3,2,3,0.181547,251,0.139442,35,32,0.9133,0,0,0.465178,13.097847,0,253,0,2,0.507986,1,0,0.96875,0.671642,0.126482,1,0,1,12,80,0,1,1,66,45
network_unavailable,1,178066096556615,fault-injection.network_unavailable.r001.s178066096556615,sha256:dc9c435a5e9ed36e9dcad527d7e1d85cce67d81d490b389897d9ccf4f3768080,sha256:b65571a1f758f370ebd21573f4b48be332ea5076d7f01baecf9491fb33414e46,80,max_ticks,,250,0.813492,205,49,0,0.007937,1,3,3,2,3,0.212101,250,0.14,35,32,0.9142,0,0,0.465403,12.789958,0,252,0,2,0.523156,1,0,1,0.67,0.126984,1,0,1,12,80,0,1,1,66,45
network_unavailable,2,1426170926021,fault-injection.network_unavailable.r002.s1426170926021,sha256:9ea3843f4cfa199ab389cb2592d287f91b7d74b53b2715245744277d2510603d,sha256:97aecfa729c6e47b7f2463426603fbc345ae095feb05d6cf50eff14422ac3ebe,80,max_ticks,,246,0.810484,201,49,0,0.008065,1,3,3,2,3,0.206896,246,0.142276,35,32,0.9119,0,0,0.464529,13.511469,0,248,0,2,0.497075,1,0,1,0.683673,0.129032,1,0,1,12,80,0,1,1,62,45
network_unavailable,3,128669221546128,fault-injection.network_unavailable.r003.s128669221546128,sha256:70eccc8319bbb6d2148e4ffda0d13781080c9edc0225da85b69fe7092e97693b,sha256:3085cb973f38b3ebb5641cef28bac8dc93d7ba4efd96b84a1151c7e1d59bb8d0,80,max_ticks,,247,0.815261,203,49,0,0.008032,1,3,3,2,3,0.213269,247,0.137652,34,31,0.9117,0,0,0.465104,12.446351,0,249,0,2,0.576417,1,0,1,0.676768,0.124498,1,0,1,12,80,0,1,1,64,44
network_unavailable,4,185107988234670,fault-injection.network_unavailable.r004.s185107988234670,sha256:41c522e276a50541deb9a76c45ca626f3a64a19177914e2107f7ce0ff47e937b,sha256:2d5314257a223bbaf5fed13587072edec8de5dac8a1a30759a03908ec47abe38,80,max_ticks,,179,0.78453,142,51,0,0.01105,1,3,3,2,3,0.322312,179,0.150838,27,24,0.9143,0,0,0.465069,12.913271,0,181,0,2,0.5288,1,0,0.916667,0.985401,0.132597,1,0,1,12,80,0,1,1,2,37
network_unavailable,5,107804999490300,fault-injection.network_unavailable.r005.s107804999490300,sha256:b954b443e187b31aab3d23d970ef7314c54e7df3e820a4cfb50737f7617e924d,sha256:93eb1e344fc303de2e78b85bdfd6f9976ff5e3e54f36ab830c6a98dc6b631a17,80,max_ticks,,247,0.811245,202,49,0,0.008032,1,3,3,2,3,0.219491,247,0.1417,35,32,0.9085,0,0,0.464113,13.031792,0,249,0,2,0.573547,1,0,1,0.680203,0.128514,1,0,1,12,80,0,1,1,63,45
network_unavailable,6,96937981685370,fault-injection.network_unavailable.r006.s96937981685370,sha256:efec544bbdff7fd47686d52d42c4b9f7cb2fe5fd10b606ee188f3671a53df98c,sha256:f03af2b4d9cf3b8abda72bff6fe904076e22114eb56ace556de997568fa121ad,80,max_ticks,,250,0.813492,205,49,0,0.007937,1,3,3,2,3,0.209539,250,0.14,35,32,0.908,0,0,0.463444,9.811015,0,252,0,2,0.571936,1,0,1,0.67,0.126984,1,0,1,12,80,0,1,1,66,45
network_unavailable,7,168849236765083,fault-injection.network_unavailable.r007.s168849236765083,sha256:db91dbb3fc2e964afdedb35a30039132a2f2f9067c6f43f2319138c85ba33edd,sha256:bc4e1693f2269ef5ee0efaaff91bf6e01ac09953dcdbb5322aff5cf30fb01fd8,80,max_ticks,,247,0.811245,202,49,0,0.008032,1,3,3,2,3,0.215327,247,0.1417,35,32,0.9108,0,0,0.464495,11.762425,0,249,0,2,0.55116,1,0,1,0.680203,0.128514,1,0,1,12,80,0,1,1,63,45
network_unavailable,8,240332356280604,fault-injection.network_unavailable.r008.s240332356280604,sha256:aa438d92aa61209579c7d02c468f7ab8a3c880444cb8986611af45fa57fdef49,sha256:89545184faedb896980af45d31e0ed0f28b72275157738211c4c2e6309f6c50f,80,max_ticks,,248,0.82,205,49,0,0.008,1,3,3,2,3,0.211089,248,0.133065,33,30,0.9114,0,0,0.46494,11.890534,0,250,0,2,0.546833,1,0,1,0.67,0.12,1,0,1,12,80,0,1,1,66,43
network_unavailable,9,126050894662,fault-injection.network_unavailable.r009.s126050894662,sha256:362a4531944158c6dc7dbb56928454f9eb00be520bfaeaff1d6d1352c6d4d981,sha256:b75dd74a2db653b0a000e431dd3c63f7ac0c4f6562fd29b114d0c8bfca33a57a,80,max_ticks,,247,0.811245,202,50,0,0.008032,1,3,3,2,3,0.196869,247,0.1417,35,32,0.9106,0,0,0.463605,13.140343,0,249,0,2,0.586212,1,0,0.967742,0.685279,0.128514,1,0,1,12,80,0,1,1,62,45
network_unavailable,10,5778519009931,fault-injection.network_unavailable.r010.s5778519009931,sha256:9905eaf483a3e016c89ad731f417746fe26cb08b3f4990956fcdd63446c705d5,sha256:32d227b94f112d43bf7d07ecba472b5e28764257e63f42fd652111ed1c8e74fe,80,max_ticks,,249,0.816733,205,49,0,0.007968,1,3,3,2,3,0.207643,249,0.136546,34,31,0.9125,0,0,0.465454,13.846353,0,251,0,2,0.57384,1,0,1,0.67,0.123506,1,0,1,12,80,0,1,1,66,44
network_unavailable,11,53120701815735,fault-injection.network_unavailable.r011.s53120701815735,sha256:4e36dd7e146074c3b5847107de0af3ed672c4c5ee50cc343c75e8513cfcc34b9,sha256:f80057c888f226bad1f68b7bb51ef9d55c7cabc7b79e0fbbf9f19920484688ad,80,max_ticks,,245,0.809717,200,49,0,0.008097,1,3,3,2,3,0.211512,245,0.142857,35,32,0.9138,0,0,0.464809,11.128937,0,247,0,2,0.540631,1,0,1,0.687179,0.129555,1,0,1,12,80,0,1,1,61,45
network_unavailable,12,149166651730298,fault-injection.network_unavailable.r012.s149166651730298,sha256:cb5d7b696d025a244a2688448bf6e4801a001ee096b0970d5e91032e3360e719,sha256:ac5c65d352f57d9613d5b5328ee90ba754221f7028f22b6c344143b954fca95f,80,max_ticks,,241,0.8107,197,49,0,0.00823,1,3,3,2,3,0.214423,241,0.141079,34,31,0.9039,0,0,0.46359,11.484153,0,243,0,2,0.534992,1,0,1,0.697917,0.127572,1,0,1,12,80,0,1,1,58,44
network_unavailable,13,198157650392612,fault-injection.network_unavailable.r013.s198157650392612,sha256:27d9fe48ef74a26f99f223235aa7cbec93a2e09bd8bf222760837de7d72ef711,sha256:fde7aa2a2532d3d2fcd874faedd71b7101812cfc1837f906468ad0cd52155d9c,80,max_ticks,,248,0.808,202,49,0,0.008,1,3,3,2,3,0.243166,248,0.141129,35,32,0.9068,0,0,0.465727,12.193708,0,250,0,2,0.554482,1,0,1,0.675127,0.128,1,0,1,13,80,0,1,1,64,46
network_unavailable,14,169186521342247,fault-injection.network_unavailable.r014.s169186521342247,sha256:74ebf4b7da1a55b4f1384827cd71675f7a1c227742417392564121e6f9d0d018,sha256:a6f8dbec680fd340750f416e0bee7757e08c78004c6c2847e77499889772b951,80,max_ticks,,242,0.807377,197,49,0,0.008197,1,3,3,2,3,0.209013,242,0.144628,35,32,0.9091,0,0,0.464109,13.081404,0,244,0,2,0.540625,1,0,1,0.703125,0.131148,1,0,1,12,80,0,1,1,57,45
network_unavailable,15,77722212059357,fault-injection.network_unavailable.r015.s77722212059357,sha256:79edaf6ed6a23fe3d6c14b040f13484a46160a01cce1cb9309a0a8a48f95c0e8,sha256:f2675258d017a5742b306a4a05c166646d41c40fcdc25ec8c64925c756aeaaa4,80,max_ticks,,250,0.813492,205,49,0,0.007937,1,3,3,2,3,0.215785,250,0.14,35,32,0.9105,0,0,0.464746,13.334764,0,252,0,2,0.573308,1,0,1,0.67,0.126984,1,0,1,12,80,0,1,1,66,45
network_unavailable,16,187467030496729,fault-injection.network_unavailable.r016.s187467030496729,sha256:b693dc6ce77f8b430ab88dcfb3431c39c2ba8cb14e0c3ae42f7895c4762fd2d7,sha256:666894c3f0a58e457baa4d6387d86c62e6c4b39b85a383f68387804d7ba8408b,80,max_ticks,,245,0.805668,199,49,0,0.008097,1,3,3,2,3,0.259736,245,0.142857,35,32,0.9136,0,0,0.465336,12.519959,0,247,0,2,0.54074,1,0,1,0.690722,0.129555,1,0,1,13,80,0,1,1,60,46
network_unavailable,17,20806297321196,fault-injection.network_unavailable.r017.s20806297321196,sha256:3c1bb52bf390de89bf7e082133fcec424c840492405952806be8294f38db621a,sha256:e9128fe70955f8fcaeb488bb4e78bc68d633c708f808dababcdeaf884b6854e0,80,max_ticks,,249,0.812749,204,49,0,0.007968,1,3,3,2,3,0.209249,249,0.140562,35,32,0.9121,0,0,0.464921,14.220551,0,251,0,2,0.551714,1,0,1,0.673367,0.12749,1,0,1,12,80,0,1,1,65,45
network_unavailable,18,178583155281758,fault-injection.network_unavailable.r018.s178583155281758,sha256:7450c9a5a12f000fb2fb206f8626d4f2922102b87aae35610a6e2447ebd7b971,sha256:53abaffc0a1a9296ac5abff5c1deac96dd2d0615249c8ce16c05d3bc5681a488,80,max_ticks,,250,0.813492,205,49,0,0.007937,1,3,3,2,3,0.210377,250,0.14,35,32,0.9087,0,0,0.465002,14.031735,0,252,0,2,0.5244,1,0,1,0.67,0.126984,1,0,1,12,80,0,1,1,66,45
network_unavailable,19,226535872856816,fault-injection.network_unavailable.r019.s226535872856816,sha256:0e3c2d9552cf344bafc60be252b2f8ab7545c1b41b466905d75fdb04aa55ff68,sha256:7afd342e9be479343b583c1ec950f862b0e9512e1267e18669afb0327f329d2e,80,max_ticks,,249,0.808765,203,49,0,0.007968,1,3,3,2,3,0.234835,249,0.140562,35,32,0.91,0,0,0.465181,12.379589,0,251,0,2,0.560407,1,0,1,0.676768,0.12749,1,0,1,13,80,0,1,1,64,46
network_unavailable,20,186630022464417,fault-injection.network_unavailable.r020.s186630022464417,sha256:e888716b14c02e89d9828de274050a1ef1e11eca6a359d122f5dc60b79e0eaea,sha256:689943ccd40019d82fa25289d2068e08c833e0362240a6c67c3562f5e74be5fc,80,max_ticks,,178,0.783333,141,49,0,0.011111,1,3,3,2,3,0.418471,178,0.151685,27,24,0.9086,0,0,0.46545,12.993412,0,180,0,2,0.553933,1,0,1,0.985294,0.133333,1,0,1,12,80,0,1,1,2,37
network_unavailable,21,131454352285334,fault-injection.network_unavailable.r021.s131454352285334,sha256:aafdbddbc39684999c8a4f754cd67f7bd73ba8c767c7884c4005aa90c5a82ba1,sha256:875e828320161dd3821593c92702edb2a9d629ccfbe9186f466a7c1c0817eac2,80,max_ticks,,252,0.814961,207,49,0,0.007874,1,3,3,2,3,0.181057,252,0.138889,35,32,0.908,0,0,0.464199,12.817399,0,254,0,2,0.548231,1,0,1,0.673267,0.125984,1,0,1,12,80,0,1,1,66,45
network_unavailable,22,79471898959074,fault-injection.network_unavailable.r022.s79471898959074,sha256:836d664f425795b4af71af4ed38c2cdca50b9a7a86bb3ea769b8eedc4a6b1361,sha256:9b6fd209349368ac62dbba4c80d0cc9e29d07b95c70a90ddcf7c0e183baeabea,80,max_ticks,,245,0.809717,200,49,0,0.008097,1,3,3,2,3,0.211602,245,0.142857,35,32,0.9129,0,0,0.46535,12.973255,0,247,0,2,0.530216,1,0,1,0.692308,0.129555,1,0,1,12,80,0,1,1,60,45
network_unavailable,23,145348247203150,fault-injection.network_unavailable.r023.s145348247203150,sha256:0afa558dca2a6cab70eb5e2057789dcf7cd645c3245d209547d9a6260419ebe9,sha256:fc70c8bc7d5544186a4f030e520396020a36874b7a4e6be881d859ffbe083fb3,80,max_ticks,,249,0.812749,204,49,0,0.007968,1,3,3,2,3,0.214952,249,0.140562,35,32,0.9107,0,0,0.464805,11.117581,0,251,0,2,0.56521,1,0,1,0.673367,0.12749,1,0,1,12,80,0,1,1,65,45
network_unavailable,24,202279436564580,fault-injection.network_unavailable.r024.s202279436564580,sha256:6991f581cb16226f29821de981fddb33ca08523c12166cedc3c168b5b09271f3,sha256:107fc0e38f4059d7222f68aa68de8bc47efae44e8d14ef7d9e9db175764ae695,80,max_ticks,,178,0.783333,141,50,0,0.011111,1,3,3,2,3,0.383276,178,0.151685,27,24,0.9086,0,0,0.465123,13.582342,0,180,0,2,0.552419,1,0,0.958333,0.985294,0.133333,1,0,1,12,80,0,1,1,2,37
network_unavailable,25,106970971292751,fault-injection.network_unavailable.r025.s106970971292751,sha256:fb261ba157e8c890540daa4970dc8ebfb5ff7ab7d17bd68326417162d7251986,sha256:ea02f3b044006f217abd6884d6981a272573e9f723529ac50813cae0e7789b05,80,max_ticks,,241,0.814815,198,50,0,0.00823,1,3,3,2,3,0.198313,241,0.136929,33,30,0.9106,0,0,0.464716,13.130504,0,243,0,2,0.560457,1,0,1,0.704663,0.123457,1,0,1,12,80,0,1,1,57,43
network_unavailable,26,14151389406217,fault-injection.network_unavailable.r026.s14151389406217,sha256:5919cd17d3b432a5a6292e6bda8a721cdeb71b2c3e864a38bcc816af607f7de9,sha256:eb5dc3d0849bfd07af3905e2f82f74c48ddc916b4f1b1d9811d546a6bdc483f7,80,max_ticks,,248,0.812,203,50,0,0.008,1,3,3,2,3,0.197859,248,0.141129,35,32,0.914,0,0,0.464115,13.770167,0,250,0,2,0.563501,1,0,1,0.681818,0.128,1,0,1,12,80,0,1,1,63,45
network_unavailable,27,171180390060552,fault-injection.network_unavailable.r027.s171180390060552,sha256:9947ce779a24c7dd7c145d737ea53bdf0cbf1bda26ee04ea6edeafaecf58c4fb,sha256:601a4cfe85c3f8267d6556a27330884e4bc364dc05212c3553054317271589c3,80,max_ticks,,221,0.785408,183,,0,0.051502,1,2,3,2,3,0.243906,221,0.122172,27,24,0.9314,0,0,0.476485,6.520656,0,233,0,12,0.5843,0.666667,0,0.777778,0.662921,0.103004,1,0,0.666667,13,80,0,11,11,60,38
network_unavailable,28,196088034135508,fault-injection.network_unavailable.r028.s196088034135508,sha256:62348749246ecbfceee83f6fb5e144373333129dddb2ac85485074ce75d0fc15,sha256:894ba203afb0601b82414bd5a4798195116b8e2a97c3995dd247d224f04651bf,80,max_ticks,,244,0.813008,200,49,0,0.00813,1,3,3,2,3,0.264127,244,0.139344,34,31,0.9122,0,0,0.464866,12.265556,0,246,0,2,0.582192,1,0,1,0.692308,0.126016,1,0,1,12,80,0,1,1,60,44
network_unavailable,29,53402825319966,fault-injection.network_unavailable.r029.s53402825319966,sha256:865b651f63439f112062a1b08a173171c88d0198143158de72d7287e914737cd,sha256:6d72b878e38ad0ab4fbbf08ccaeb248bb7e5e38534d3f675a283664e3cab8871,80,max_ticks,,249,0.812749,204,51,0,0.007968,1,3,3,2,3,0.18245,249,0.140562,35,32,0.9074,0,0,0.464686,13.29654,0,251,0,2,0.538208,1,0,1,0.673367,0.12749,1,0,1,12,80,0,1,1,65,45
network_unavailable,30,190052384377950,fault-injection.network_unavailable.r030.s190052384377950,sha256:478a6ebe7054f442d2ea1b34d45805f6cf8ffa084fbf8e3e3fe559fc94c44b39,sha256:ab616181493e1363388222c76ab269d1064cd40466b8dc145b0969393a8dccf6,80,max_ticks,,248,0.82,205,51,0,0.008,1,3,3,2,3,0.181792,248,0.133065,33,30,0.9098,0,0,0.46496,14.884606,0,250,0,2,0.540768,1,0,0.9375,0.67,0.12,1,0,1,12,80,0,1,1,66,43
network_unavailable,31,46330499293338,fault-injection.network_unavailable.r031.s46330499293338,sha256:b469e52952f7059cfdaaf3e0f1419dfba77c183a96058b66205c14c5a5931209,sha256:63d1e8ab5e12dc6314d9679499240553292ccc4abf8de4265217650c9161d94c,80,max_ticks,,250,0.813492,205,49,0,0.007937,1,3,3,2,3,0.210237,250,0.14,35,32,0.9116,0,0,0.465812,12.615154,0,252,0,2,0.592503,1,0,1,0.67,0.126984,1,0,1,12,80,0,1,1,66,45
network_unavailable,32,248535336031370,fault-injection.network_unavailable.r032.s248535336031370,sha256:00e34fba3b468f5216b74f03d2a8fa3614331fec067fa6ff1f4a0c232b4e9277,sha256:c4a6f9ba0d5f49c66ae3aaba2ef6764eb1206b56d89db1e654297f2c63f6e495,80,max_ticks,,250,0.813492,205,49,0,0.007937,1,3,3,2,3,0.216566,250,0.14,35,32,0.9087,0,0,0.46402,12.443605,0,252,0,2,0.523542,1,0,1,0.67,0.126984,1,0,1,12,80,0,1,1,66,45
network_unavailable,33,227065794631182,fault-injection.network_unavailable.r033.s227065794631182,sha256:2a2489334eb896397131df3c605c8ae8455d65a44ad24bb744849d486eebd29f,sha256:2bc4350602064dff195c23daeceffb7066974c3edf43cfdead4b9b8530d3cc76,80,max_ticks,,245,0.813765,201,49,0,0.008097,1,3,3,2,3,0.210724,245,0.138776,34,31,0.9116,0,0,0.464248,13.012496,0,247,0,2,0.592368,1,0,1,0.688776,0.125506,1,0,1,12,80,0,1,1,61,44
network_unavailable,34,21702879519969,fault-injection.network_unavailable.r034.s21702879519969,sha256:19b33bbd66b8fca1c2b2106fb8a490f734247716308ac2dd2a9384f40b9ee30d,sha256:96cc8b0440c751627b2597cb14681b708d46c39f58b084667f35a8d561c76add,80,max_ticks,,250,0.813492,205,49,0,0.007937,1,3,3,2,3,0.217607,250,0.14,35,32,0.9073,0,0,0.463889,12.244586,0,252,0,2,0.490027,1,0,1,0.67,0.126984,1,0,1,12,80,0,1,1,66,45
network_unavailable,35,35598899935367,fault-injection.network_unavailable.r035.s35598899935367,sha256:495899c5fbeb95954b5968979991b0f6544600b041c337c9498920b0cbc6f54c,sha256:ff537f8b2b9b780bf9df4afcb6bfbc7be6f0750a8ec918d8a83530f3a02f488e,80,max_ticks,,248,0.812,203,49,0,0.008,1,3,3,2,3,0.213212,248,0.141129,35,32,0.9096,0,0,0.466018,13.271781,0,250,0,2,0.56754,1,0,1,0.676768,0.128,1,0,1,12,80,0,1,1,64,45
network_unavailable,36,65055224056911,fault-injection.network_unavailable.r036.s65055224056911,sha256:2489cf91ddd3ba8425dec7c8d13d20765b87a98a9dfb9b7c7db07632a6568d52,sha256:d75b35bf0767fdd6e8e6d24edb5d0f23efd97c1d4eda3b55cebfb11cb0f6545f,80,max_ticks,,248,0.812,203,50,0,0.008,1,3,3,2,3,0.202682,248,0.141129,35,32,0.9112,0,0,0.465589,12.915556,0,250,0,2,0.535908,1,0,0.96875,0.676768,0.128,1,0,1,12,80,0,1,1,64,45
network_unavailable,37,214902445761111,fault-injection.network_unavailable.r037.s214902445761111,sha256:34c856da4ff02d5a807a299554983f500b1fa136168092a8d666fad891b6c341,sha256:897007efe7967e5c99aa752474e2b9f997a4f8cea513e29ab813ac7fb8ec8920,80,max_ticks,,250,0.813492,205,49,0,0.007937,1,3,3,2,3,0.210578,250,0.14,35,32,0.9113,0,0,0.465334,12.750907,0,252,0,2,0.524341,1,0,1,0.67,0.126984,1,0,1,12,80,0,1,1,66,45
network_unavailable,38,119744411108894,fault-injection.network_unavailable.r038.s119744411108894,sha256:f78e3902dd9a20f590e7af9a49a13d1f57b8120356790dd3d2d5a9eb57254dd9,sha256:2bba3d9608cee13d88fb638426f59e530bf92cc533f2ed2d27280cf1f0c8656a,80,max_ticks,,249,0.812749,204,49,0,0.007968,1,3,3,2,3,0.21322,249,0.140562,35,32,0.9135,0,0,0.465711,14.909794,0,251,0,2,0.549447,1,0,1,0.673367,0.12749,1,0,1,12,80,0,1,1,65,45
network_unavailable,39,65950238206829,fault-injection.network_unavailable.r039.s65950238206829,sha256:531a8de4831d8083f150cf2608a31dccbe44360ec2241139cd1c422c8eb5870b,sha256:55106c106f8de5ad08382293379202a16fae181457aebb0ad88f62529f80136f,80,max_ticks,,250,0.813492,205,49,0,0.007937,1,3,3,2,3,0.195635,250,0.14,35,32,0.9088,0,0,0.464416,12.214994,0,252,0,2,0.565763,1,0,1,0.675,0.126984,1,0,1,12,80,0,1,1,65,45
human_state_dropout,0,279868911064688,fault-injection.human_state_dropout.r000.s279868911064688,sha256:a2a3e680552f32318d23cfe2c9b515ca942558acb0ed545613f4e4486d91fd18,sha256:ecca67a480d18346b50ab31ac259a608ffd67fc649ee7e8c67099e918e20682e,80,max_ticks,,232,0.918803,215,41,0,0.008547,1,3,3,2,3,-0.177829,232,0.012931,3,0,0.5733,0,0,0.393778,13.097847,0,234,,2,0.556285,1,0,0.64,0.657143,0,1,0,1,16,80,0,1,1,72,17
human_state_dropout,1,178066096556615,fault-injection.human_state_dropout.r001.s178066096556615,sha256:e5a126bc6f52d2845b1a16d02130e1a404c8f72f9d55140e29d93c79ec9f27b0,sha256:7cb0a4dd29cc11a313dfa16b0a1cf6449e41f88cd43616814a58799b2f559e1b,80,max_ticks,,234,0.919492,217,41,0,0.008475,1,3,3,2,3,-0.185271,234,0.012821,3,0,0.5698,0,0,0.39398,12.789958,0,236,,2,0.50306,1,0,0.64,0.646226,0,1,0,1,16,80,0,1,1,75,17
human_state_dropout,2,1426170926021,fault-injection.human_state_dropout.r002.s1426170926021,sha256:b39357cf27166f8db56a5738af3f62592fd880d199f1d2826506568498f171e4,sha256:48300d0508a659ffd7888d41c3e1988f966b65e7c5507ca7e42c31733211cfe0,80,max_ticks,,230,0.918103,213,42,0,0.008621,1,3,3,2,3,-0.166363,230,0.013043,3,0,0.5722,0,0,0.393036,13.511469,0,232,,2,0.558345,1,0,0.666667,0.663462,0,1,0,1,16,80,0,1,1,70,17
human_state_dropout,3,128669221546128,fault-injection.human_state_dropout.r003.s128669221546128,sha256:6681eaf2f1645077a16cfc99dfb9bb615df99a6e0e244038e9a92b90039b7fa6,sha256:2bc9d7be9d979fa607746e6249f62d67df9f7b1edaab49c71600c53a2d8808b2,80,max_ticks,,226,0.916667,209,41,0,0.008772,1,3,3,2,3,-0.177729,226,0.013274,3,0,0.5724,0,0,0.393703,12.446351,0,228,,2,0.596444,1,0,0.64,0.671569,0,1,0,1,16,80,0,1,1,67,17
human_state_dropout,4,185107988234670,fault-injection.human_state_dropout.r004.s185107988234670,sha256:ea18b7e2d5fa89916036574d007327d0634060947493efe2b74f77ba3dba11ad,sha256:454a2ea9fb832aab56945e10c5b60cccb6983c2babd2d990ff2757768b0cb48c,80,max_ticks,,162,0.884146,145,41,0,0.012195,1,3,3,2,3,-0.128232,162,0.018519,3,0,0.5721,0,0,0.39378,12.913271,0,164,,2,0.601946,1,0,0.470588,0.978571,0,1,0,1,16,80,0,1,1,3,17
human_state_dropout,5,107804999490300,fault-injection.human_state_dropout.r005.s107804999490300,sha256:fb356c3adf4d015466c33eec3ebd7037474c47166ae9c6bdfbdbc1c47b74bb5e,sha256:cc0207f818d07610f978090e9851ae8f1249df2d82ed679a934fc1dbab104bf0,80,max_ticks,,233,0.919149,216,41,0,0.008511,1,3,3,2,3,-0.194699,233,0.012876,3,0,0.5702,0,0,0.39273,13.031792,0,235,,2,0.563916,1,0,0.64,0.654028,0,1,0,1,16,80,0,1,1,73,17
human_state_dropout,6,96937981685370,fault-injection.human_state_dropout.r006.s96937981685370,sha256:b8e494c21267efe05a9301674b6b96d26f9397ea12e3d7c3995f6f1a06028b5f,sha256:83cc3376607ae72154e279547ecaa6da04609fe6d3ce692e1c6e78fd86b1a34f,80,max_ticks,,234,0.919492,217,41,0,0.008475,1,3,3,2,3,-0.180732,234,0.012821,3,0,0.5701,0,0,0.392395,9.811015,0,236,,2,0.5756,1,0,0.592593,0.650943,0,1,0,1,16,80,0,1,1,74,17
human_state_dropout,7,168849236765083,fault-injection.human_state_dropout.r007.s168849236765083,sha256:8f96d4bdab10360664fadce13a70c0c34a7c9aaeff433f1bbd0693c9a324165c,sha256:4c59559a34c9ce3c96fa85299df5da3e6099bfd0f75009acb2ddf440bf8efb2a,80,max_ticks,,233,0.919149,216,41,0,0.008511,1,3,3,2,3,-0.175027,233,0.012876,3,0,0.573,0,0,0.393267,11.762425,0,235,,2,0.572627,1,0,0.64,0.649289,0,1,0,1,16,80,0,1,1,74,17
human_state_dropout,8,240332356280604,fault-injection.human_state_dropout.r008.s240332356280604,sha256:04aef86cf28f5b9ba047606d3af6bb9524840deb389c5e18dde7fe278993d9d2,sha256:fd296323590b7fd9ebae6ad8a226eb68605fb5afa39386cdaa6bf9920551a92b,80,max_ticks,,234,0.919492,217,42,0,0.008475,1,3,3,2,3,-0.181974,234,0.012821,3,0,0.5708,0,0,0.393617,11.890534,0,236,,2,0.572765,1,0,0.64,0.646226,0,1,0,1,16,80,0,1,1,75,17
human_state_dropout,9,126050894662,fault-injection.human_state_dropout.r009.s126050894662,sha256:62906c5cfa70655d85e87afe860faba3affffe568c71de39661e1f1a43aa7e50,sha256:6bcfbad3bd38a9b3d8f2e85044802bc22f0334904511652ed2fc65436291b146,80,max_ticks,,228,0.917391,211,41,0,0.008696,1,3,3,2,3,-0.188498,228,0.013158,3,0,0.5728,0,0,0.391952,13.140343,0,230,,2,0.593957,1,0,0.64,0.669903,0,1,0,1,16,80,0,1,1,68,17
human_state_dropout,10,5778519009931,fault-injection.human_state_dropout.r010.s5778519009931,sha256:a6d1191cda72f375b1465beb04c44928d0cab58ccda50e6fac8e9b5d014eed63,sha256:3f28458ca3c5f4c953c76eb76f08f9080ad94216c89c22ee8fd5ca1fc6e3fa89,80,max_ticks,,234,0.919492,217,42,0,0.008475,1,3,3,2,3,-0.176531,234,0.012821,3,0,0.5742,0,0,0.39397,13.846353,0,236,,2,0.561613,1,0,0.64,0.646226,0,1,0,1,16,80,0,1,1,75,17
human_state_dropout,11,53120701815735,fault-injection.human_state_dropout.r011.s53120701815735,sha256:e7230ca352e25912ccc5466facbd2de2012f5d77d5b64e209dc656149decd137,sha256:cba876abe293b0fbaf290b8e6a574d9e6871a52fdd2f8428317d12a04900b5d9,80,max_ticks,,229,0.917749,212,41,0,0.008658,1,3,3,2,3,-0.179585,229,0.0131,3,0,0.5698,0,0,0.393444,11.128937,0,231,,2,0.557216,1,0,0.461538,0.666667,0,1,0,1,16,80,0,1,1,69,17
human_state_dropout,12,149166651730298,fault-injection.human_state_dropout.r012.s149166651730298,sha256:836add99d112353c6d7fd01e21a6c5e233f0f947779156376b865911eae244a3,sha256:922e69112f0316c7bb8cbf4f659c05bf49dc48df978d6cda5c9ef85e6a7b9ae8,80,max_ticks,,223,0.915556,206,41,0,0.008889,1,3,3,2,3,-0.18243,223,0.013453,3,0,0.5729,0,0,0.392556,11.484153,0,225,,2,0.538983,1,0,0.615385,0.686567,0,1,0,1,16,80,0,1,1,63,17
human_state_dropout,13,198157650392612,fault-injection.human_state_dropout.r013.s198157650392612,sha256:8fa8a22776580aaaa3e6a9e62dc85fd33f330a2e201d990de2ea989654d100ca,sha256:0c357db1c31424cc9991c4a68f8622e8fb647e4c5467922876c4e45f7cd17d07,80,max_ticks,,230,0.918103,213,43,0,0.008621,1,3,3,2,3,-0.17029,230,0.013043,3,0,0.5785,0,0,0.394342,12.193708,0,232,9,2,0.530614,1,0,0.666667,0.668269,0,1,0,1,16,80,0,1,1,69,17
human_state_dropout,14,169186521342247,fault-injection.human_state_dropout.r014.s169186521342247,sha256:0b9516f85171ed24579da3df067e9c19ff4b08c98f26ef9c102b5057f76645d2,sha256:56d9649fe65285b47a11c16c0fdfb63a19c312d5f68ec18c920b65cdea91fe97,80,max_ticks,,225,0.9163,208,41,0,0.008811,1,3,3,2,3,-0.164876,225,0.013333,3,0,0.5684,0,0,0.393091,13.081404,0,227,,2,0.563073,1,0,0.64,0.684729,0,1,0,1,16,80,0,1,1,64,17
human_state_dropout,15,77722212059357,fault-injection.human_state_dropout.r015.s77722212059357,sha256:5b885ad95c2fa8296420e37f149e113e839beda0b030668dfab934f7ac4fc0c2,sha256:45b424ed4e5f030d3ba7ce355ebe68adc2467d6a7083ce5d63675cda3901f5af,80,max_ticks,,228,0.917391,211,41,0,0.008696,1,3,3,2,3,-0.136973,228,0.013158,3,0,0.5727,0,0,0.393278,13.334764,0,230,,2,0.572547,1,0,0.64,0.665049,0,1,0,1,16,80,0,1,1,69,17
human_state_dropout,16,187467030496729,fault-injection.human_state_dropout.r016.s187467030496729,sha256:8c67149609a6bc4aae4eeb3be9bfd411c31e4b0545baec294c38ad2e512a2657,sha256:cf266e808cf7bd988cd121d82fa21cd5bb364ed2bd336c95ce12a154d4fd7c0b,80,max_ticks,,229,0.917749,212,41,0,0.008658,1,3,3,2,3,-0.178348,229,0.0131,3,0,0.5782,0,0,0.393733,12.519959,0,231,,2,0.559016,1,0,0.64,0.661836,0,1,0,1,16,80,0,1,1,70,17
human_state_dropout,17,20806297321196,fault-injection.human_state_dropout.r017.s20806297321196,sha256:f6d52d77cd14160e83d4ab46ddc0172353960cc1f5d383ff13225bb2d4cb62a9,sha256:c5a82be9f5f114317556d12d7f43f73c7e9c83502b6ad007c42ac9a362de4260,80,max_ticks,,235,0.919831,218,42,0,0.008439,1,3,3,2,3,-0.175429,235,0.012766,3,0,0.5735,0,0,0.39327,14.220551,0,237,,2,0.587619,1,0,0.64,0.647887,0,1,0,1,16,80,0,1,1,75,17
human_state_dropout,18,178583155281758,fault-injection.human_state_dropout.r018.s178583155281758,sha256:47f86854d60ca1685a3c75e4debe695377e6053c7b635cb4e6f963938140b20a,sha256:9d4623202b145054caa23f7c81f83710b108d39872c484bc0134a3f7e9d8a681,80,max_ticks,,234,0.919492,217,41,0,0.008475,1,3,3,2,3,-0.182022,234,0.012821,3,0,0.572,0,0,0.393548,14.031735,0,236,,2,0.526584,1,0,0.64,0.646226,0,1,0,1,16,80,0,1,1,75,17
human_state_dropout,19,226535872856816,fault-injection.human_state_dropout.r019.s226535872856816,sha256:24a1eca72183f19fe4d97c566e00290638479c26c4befc27ac357340df6854aa,sha256:e203e3254f099f8304b729a130046bf67e8af2f7625b43a351492239a2182efc,80,max_ticks,,234,0.919492,217,42,0,0.008475,1,3,3,2,3,-0.186522,234,0.012821,3,0,0.5757,0,0,0.393683,12.379589,0,236,,2,0.563605,1,0,0.64,0.646226,0,1,0,1,16,80,0,1,1,75,17
human_state_dropout,20,186630022464417,fault-injection.human_state_dropout.r020.s186630022464417,sha256:4c212e2e84914f4d90a406ce951489aeb0f620158db458eaeb0414a3579d0018,sha256:7957416e708dde114ec495641d56ef71bbcf82e0edc58cff704790055adb3f41,80,max_ticks,,162,0.884146,145,41,0,0.012195,1,3,3,2,3,-0.131233,162,0.018519,3,0,0.5728,0,0,0.394136,12.993412,0,164,,2,0.601953,1,0,0.470588,0.978571,0,1,0,1,16,80,0,1,1,3,17
human_state_dropout,21,131454352285334,fault-injection.human_state_dropout.r021.s131454352285334,sha256:bd932ed2ab0a130355bf0663234612661e122710cdc386a06685aff75655a992,sha256:3b7e91c40578a3a46c2fbafcd2065ef62adc1bf210642131b7cf4de8bae9c6cc,80,max_ticks,,236,0.920168,219,42,0,0.008403,1,3,3,2,3,-0.179873,236,0.012712,3,0,0.5671,0,0,0.392833,12.817399,0,238,,2,0.56055,1,0,0.64,0.649533,0,1,0,1,16,80,0,1,1,75,17
human_state_dropout,22,79471898959074,fault-injection.human_state_dropout.r022.s79471898959074,sha256:c04e848a653a95932c2000c873bf4b7ae5eb954ef1807418ff4df5b3dfb34b80,sha256:4563466168168714ce81db7128b792c2d0c15ec5b1f55269cc5e11e7e2f0e6ff,80,max_ticks,,230,0.918103,213,41,0,0.008621,1,3,3,2,3,-0.180013,230,0.013043,3,0,0.5738,0,0,0.393816,12.973255,0,232,,2,0.549973,1,0,0.52,0.658654,0,1,0,1,16,80,0,1,1,71,17
human_state_dropout,23,145348247203150,fault-injection.human_state_dropout.r023.s145348247203150,sha256:fe1afe2b12cba618df38c045b71c4ed889b3bdca3728687b1e13c9613c112cdc,sha256:7235e3fe9a2c13741c9d8059cba9c6f7b61d03748fc4c97a9dec87913a7bb0cd,80,max_ticks,,230,0.918103,213,42,0,0.008621,1,3,3,2,3,-0.190061,230,0.013043,3,0,0.5696,0,0,0.393558,11.117581,0,232,,2,0.583135,1,0,0.538462,0.663462,0,1,0,1,16,80,0,1,1,70,17
human_state_dropout,24,202279436564580,fault-injection.human_state_dropout.r024.s202279436564580,sha256:7257b18cb668c9642139591cd24cef348bfb1c13538b5cad846ab2df1ed14b57,sha256:4d95cfc6a6aaaa1008e7164debea8fbb026bf972b3333c01a85263ea42a2c43f,80,max_ticks,,163,0.884848,146,42,0,0.012121,1,3,3,2,3,-0.137986,163,0.018405,3,0,0.574,0,0,0.393686,13.582342,0,165,,2,0.598786,1,0,0.470588,0.978723,0,1,0,1,16,80,0,1,1,3,17
human_state_dropout,25,106970971292751,fault-injection.human_state_dropout.r025.s106970971292751,sha256:87cf3f0bd4733330324b7be95a5a5066ba445ae98b7c653b08a6ee7f6cec328b,sha256:d26db4d9b0bdefca1b4a2b9549f5fb69526419544726695a06bd7526079d7b2d,80,max_ticks,,223,0.915556,206,42,0,0.008889,1,3,3,2,3,-0.190606,223,0.013453,3,0,0.5739,0,0,0.393105,13.130504,0,225,,2,0.587811,1,0,0.64,0.686567,0,1,0,1,16,80,0,1,1,63,17
human_state_dropout,26,14151389406217,fault-injection.human_state_dropout.r026.s14151389406217,sha256:51403d5d9efe25f562eb6d00f40163e0dc686459397dc2a053d29e8f2342f2c2,sha256:a084f45f744979991596e449b43fb0e81a1c2598fb583deea1721cb56efcedd3,80,max_ticks,,234,0.919492,217,41,0,0.008475,1,3,3,2,3,-0.179935,234,0.012821,3,0,0.573,0,0,0.392398,13.770167,0,236,,2,0.579544,1,0,0.666667,0.650943,0,1,0,1,16,80,0,1,1,74,17
human_state_dropout,27,171180390060552,fault-injection.human_state_dropout.r027.s171180390060552,sha256:d82fd4d2c3da8a27862a83e5546813c76161361af802e1eaf5fa48e50eedf03c,sha256:a318e193cf8a9cfaea6b8381da5ddbe4d19dec42ba5ee34df72e8e0e3f99eb5e,80,max_ticks,,215,0.872247,198,,0,0.052863,1,2,3,2,3,0.000915,215,0.013953,3,0,0.5912,0,0,0.4036,6.520656,0,227,9,12,0.58701,0.666667,0,0.695652,0.632124,0,1,0,0.666667,16,80,0,11,11,71,17
human_state_dropout,28,196088034135508,fault-injection.human_state_dropout.r028.s196088034135508,sha256:41885233ea32d5488f59e91e487d84715bc6972eea9d7522730b758e54191414,sha256:6a046ac129c0673d09cb7fefc9a68723f28eab6031927817115552a26a997e2d,80,max_ticks,,231,0.918455,214,41,0,0.008584,1,3,3,2,3,-0.183904,231,0.012987,3,0,0.5691,0,0,0.392961,12.265556,0,233,,2,0.548142,1,0,0.64,0.655502,0,1,0,1,16,80,0,1,1,72,17
human_state_dropout,29,53402825319966,fault-injection.human_state_dropout.r029.s53402825319966,sha256:9c6ced4b45917ec34e6a78d203e5558e2bf27aa7595ea9e544ebd4c9f37042d2,sha256:eba8830f2c406ff3cba9ddde7b8ab120df92868aad9b585eab2008b8f372b0da,80,max_ticks,,224,0.915929,207,41,0,0.00885,1,3,3,2,3,-0.187218,224,0.013393,3,0,0.5709,0,0,0.393833,13.29654,0,226,,2,0.575928,1,0,0.666667,0.683168,0,1,0,1,16,80,0,1,1,64,17
human_state_dropout,30,190052384377950,fault-injection.human_state_dropout.r030.s190052384377950,sha256:41f2c6373389ac0e8696700ed92299426b098a0fc0f2d68f22cde9ea3fbb1c8d,sha256:9457219daa05645d264267f5a4e815cd18d9e455bac0ce34363d140a753eb6a0,80,max_ticks,,234,0.919492,217,41,0,0.008475,1,3,3,2,3,-0.181367,234,0.012821,3,0,0.5731,0,0,0.393677,14.884606,0,236,,2,0.550458,1,0,0.64,0.646226,0,1,0,1,16,80,0,1,1,75,17
human_state_dropout,31,46330499293338,fault-injection.human_state_dropout.r031.s46330499293338,sha256:157dd50f1e9ce9f3280d48426551f50c9bab419e28e28278b5f10b3566bed981,sha256:5ba78f672d4042dc5653c8b45db15b43ad438d03a37fe4a69986dca48106b1cd,80,max_ticks,,235,0.919831,218,42,0,0.008439,1,3,3,2,3,-0.183227,235,0.012766,3,0,0.5695,0,0,0.39437,12.615154,0,237,,2,0.591535,1,0,0.666667,0.647887,0,1,0,1,16,80,0,1,1,75,17
human_state_dropout,32,248535336031370,fault-injection.human_state_dropout.r032.s248535336031370,sha256:be709f65cbd8184c40cac4125a5d4f02efd989ce51ee6e2c7480ee3a0be8b7f2,sha256:27b74452dfdcc01ee225fe2d72d6650ce96d7bba9dda3775612ad94807d1de60,80,max_ticks,,234,0.919492,217,41,0,0.008475,1,3,3,2,3,-0.171201,234,0.012821,3,0,0.5757,0,0,0.392419,12.443605,0,236,,2,0.528342,1,0,0.64,0.646226,0,1,0,1,16,80,0,1,1,75,17
human_state_dropout,33,227065794631182,fault-injection.human_state_dropout.r033.s227065794631182,sha256:30bb508a52a6e337e472cacc0d4ad0871fcdf8696c4d050435a88222c4fd55d9,sha256:364b3c3a0cf1275689698ad328253cb5fd135911c00f88b27320c563e4237ada,80,max_ticks,,228,0.917391,211,42,0,0.008696,1,3,3,2,3,-0.168656,228,0.013158,3,0,0.5761,0,0,0.392478,13.012496,0,230,,2,0.564603,1,0,0.576923,0.669903,0,1,0,1,16,80,0,1,1,68,17
human_state_dropout,34,21702879519969,fault-injection.human_state_dropout.r034.s21702879519969,sha256:748d41441afd4cea2ff52301565ddcdba6c3aff33d89c63fdf66ea9fc7fb1e6f,sha256:2c80466965d396e39009973d06d7d0611fbf4d84a35e1fc210c5a9b43aa63f4c,80,max_ticks,,234,0.919492,217,41,0,0.008475,1,3,3,2,3,-0.188642,234,0.012821,3,0,0.5722,0,0,0.392844,12.244586,0,236,,2,0.524834,1,0,0.64,0.650943,0,1,0,1,16,80,0,1,1,74,17
human_state_dropout,35,35598899935367,fault-injection.human_state_dropout.r035.s35598899935367,sha256:ba05ae55fdc16aeb633e2a55de6f30ff0e27eb06466f55e268d48c5d9b6ef306,sha256:80eed29e8cb92d3afde6fac6eaa2f11fecf52b76b9ff091405ca19f1cc57d107,80,max_ticks,,233,0.919149,216,41,0,0.008511,1,3,3,2,3,-0.186288,233,0.012876,3,0,0.5769,0,0,0.394831,13.271781,0,235,,2,0.564906,1,0,0.6,0.649289,0,1,0,1,16,80,0,1,1,74,17
human_state_dropout,36,65055224056911,fault-injection.human_state_dropout.r036.s65055224056911,sha256:493329f30af4a2c070d3c9578f631475a3823593c6c4bf9e0d2d9e4b778cd551,sha256:31bde7e76628d7dffdb4f85dcef8f9b6d74369d0b362252c8fe0d29836030052,80,max_ticks,,231,0.918455,214,42,0,0.008584,1,3,3,2,3,-0.189862,231,0.012987,3,0,0.5688,0,0,0.393938,12.915556,0,233,,2,0.582659,1,0,0.6,0.655502,0,1,0,1,16,80,0,1,1,72,17
human_state_dropout,37,214902445761111,fault-injection.human_state_dropout.r037.s214902445761111,sha256:0973d1fac0e901209e474a5ae29a942e0a083accc337cb81514c985537f92219,sha256:d7d12893a8491f274783fe5b35200ad261927f018a1770fe64431dfc9d924053,80,max_ticks,,235,0.919831,218,41,0,0.008439,1,3,3,2,3,-0.175788,235,0.012766,3,0,0.5685,0,0,0.393986,12.750907,0,237,,2,0.501125,1,0,0.615385,0.647887,0,1,0,1,16,80,0,1,1,75,17
human_state_dropout,38,119744411108894,fault-injection.human_state_dropout.r038.s119744411108894,sha256:daaac7c0cf99cea2908ff06f2678a0b79e39b2047510b2b7da8021a0acdf89c9,sha256:cfefaa7ceadb8d75c258f076bccbbc765bd67506f53fc683f7fe3229ef7c0fa1,80,max_ticks,,233,0.919149,216,41,0,0.008511,1,3,3,2,3,-0.182266,233,0.012876,3,0,0.5714,0,0,0.39418,14.909794,0,235,,2,0.571747,1,0,0.64,0.649289,0,1,0,1,16,80,0,1,1,74,17
human_state_dropout,39,65950238206829,fault-injection.human_state_dropout.r039.s65950238206829,sha256:f18cd6198ce0e1bbf7c18e6533d529f69fb383169f02c61bcacd96c3bad490bd,sha256:377e84f3b4b17bd5356905bdb956d5ba533d809e24a650a39bece665f586081c,80,max_ticks,,234,0.919492,217,41,0,0.008475,1,3,3,2,3,-0.168328,234,0.012821,3,0,0.5731,0,0,0.3934,12.214994,0,236,,2,0.58173,1,0,0.615385,0.650943,0,1,0,1,16,80,0,1,1,74,17
human_state_dropout_hold_last,0,279868911064688,fault-injection.human_state_dropout_hold_last.r000.s279868911064688,sha256:70246379ada032cb94ee338a8a2bb2bb9db67582964a416deb4958f87b48b381,sha256:6888621dbfd00c74e3e43f7b94017b3b7f26048a50a098879f8f87603db8e942,80,max_ticks,,232,0.987179,231,41,0,0.008547,1,3,3,2,3,-0.177829,232,0.012931,3,0,0.5733,0,0,0.393778,13.097847,0,234,,2,0.551571,1,0,0.64,0.681416,0,1,0,1,0,80,0,1,1,72,1
human_state_dropout_hold_last,1,178066096556615,fault-injection.human_state_dropout_hold_last.r001.s178066096556615,sha256:7261b96df3942496bf8fdc7260c2db07aa2e3fe059a0678cc5f2f17f4c5c6649,sha256:5a1c261f16b7e62eeaf745a5cd4a5bb615b4fd9f5d1753767b0491bf6f0fe97b,80,max_ticks,,234,0.987288,233,41,0,0.008475,1,3,3,2,3,-0.185271,234,0.012821,3,0,0.5698,0,0,0.39398,12.789958,0,236,,2,0.52679,1,0,0.64,0.671053,0,1,0,1,0,80,0,1,1,75,1
human_state_dropout_hold_last,2,1426170926021,fault-injection.human_state_dropout_hold_last.r002.s1426170926021,sha256:c13ef49f301664ae68e983dcbf2db075a1ad89c1bb2966cabd58072bda0192eb,sha256:15ef91c2ce085fc6849a863eeeb4a10626dd473d5b6d583d81ea7215c1b32919,80,max_ticks,,230,0.987069,229,42,0,0.008621,1,3,3,2,3,-0.166363,230,0.013043,3,0,0.5722,0,0,0.393036,13.511469,0,232,,2,0.561665,1,0,0.666667,0.683036,0,1,0,1,0,80,0,1,1,71,1
human_state_dropout_hold_last,3,128669221546128,fault-injection.human_state_dropout_hold_last.r003.s128669221546128,sha256:0f6732ea7c25f70501ceb61b5885dc743fdef92a6b4642dc5d0dcad7dfe3c117,sha256:7686397146dc055a8c560e4669cf8996a255e5c2f61f75d01151cfcd3cbacf5e,80,max_ticks,,226,0.986842,225,41,0,0.008772,1,3,3,2,3,-0.177729,226,0.013274,3,0,0.5724,0,0,0.393703,12.446351,0,228,,2,0.609551,1,0,0.64,0.695455,0,1,0,1,0,80,0,1,1,67,1
human_state_dropout_hold_last,4,185107988234670,fault-injection.human_state_dropout_hold_last.r004.s185107988234670,sha256:1172f72c788b9fa7e88ebf51934d9a9143d808d9ffd2f4fc0980c3f12ce0736e,sha256:373f5a7786c1f2ebaac43fffd2ef6fcb04ccbae8ec4b3b38b0a7a1ce76a7d7d2,80,max_ticks,,162,0.981707,161,41,0,0.012195,1,3,3,2,3,-0.128232,162,0.018519,3,0,0.5721,0,0,0.39378,12.913271,0,164,,2,0.641038,1,0,0.470588,0.980769,0,1,0,1,0,80,0,1,1,3,1
human_state_dropout_hold_last,5,107804999490300,fault-injection.human_state_dropout_hold_last.r005.s107804999490300,sha256:9f3017c047adeb6fdca1da56868bc78a48a44c280c967567b3bfd7c7c2dec2b5,sha256:8f87ad12031bafc93088edda8b8cbc27d42a9dafcff6f0896746cf4da215e269,80,max_ticks,,233,0.987234,232,41,0,0.008511,1,3,3,2,3,-0.194699,233,0.012876,3,0,0.5702,0,0,0.39273,13.031792,0,235,,2,0.58335,1,0,0.64,0.674009,0,1,0,1,0,80,0,1,1,74,1
human_state_dropout_hold_last,6,96937981685370,fault-injection.human_state_dropout_hold_last.r006.s96937981685370,sha256:afb782f10bc74e261c89312b3932dc0ea0b1785c7cf3ca969aecfc6f642255fd,sha256:607802f09b07303162beaf48fd5c53e1c78cc324f8398aeaf488b8102d392da4,80,max_ticks,,234,0.987288,233,41,0,0.008475,1,3,3,2,3,-0.180732,234,0.012821,3,0,0.5701,0,0,0.392395,9.811015,0,236,,2,0.593742,1,0,0.592593,0.671053,0,1,0,1,0,80,0,1,1,75,1
human_state_dropout_hold_last,7,168849236765083,fault-injection.human_state_dropout_hold_last.r007.s168849236765083,sha256:62b85e31b7f40247a71880656291c7ce13c247f28a0f644a8706ae427d9bf803,sha256:21f50800bf48856a0607e188723ad8095af645bf6481465b468a29837dabacd1,80,max_ticks,,233,0.987234,232,41,0,0.008511,1,3,3,2,3,-0.175027,233,0.012876,3,0,0.573,0,0,0.393267,11.762425,0,235,,2,0.578343,1,0,0.64,0.674009,0,1,0,1,0,80,0,1,1,74,1
human_state_dropout_hold_last,8,240332356280604,fault-injection.human_state_dropout_hold_last.r008.s240332356280604,sha256:2e7599001709cba51eddecdbb3fb7b401a2b85037f64848c21ad70005b847f97,sha256:74dc0d9ebfbe5d5a89f67f9ed252d8b1f83f78a9afdf6bb9ec306147e834de91,80,max_ticks,,234,0.987288,233,42,0,0.008475,1,3,3,2,3,-0.181974,234,0.012821,3,0,0.5708,0,0,0.393617,11.890534,0,236,,2,0.567387,1,0,0.64,0.671053,0,1,0,1,0,80,0,1,1,75,1
human_state_dropout_hold_last,9,126050894662,fault-injection.human_state_dropout_hold_last.r009.s126050894662,sha256:9b94f9b6bcb09966274295ae483f5ac3b2074b3b53f34ccb9c464f596ef6ee14,sha256:12b1265a8d4145970c772f56170e42738fb54d4b6e18ac61d6f706b4b9e0d744,80,max_ticks,,228,0.986957,227,41,0,0.008696,1,3,3,2,3,-0.188498,228,0.013158,3,0,0.5728,0,0,0.391952,13.140343,0,230,,2,0.611855,1,0,0.64,0.693694,0,1,0,1,0,80,0,1,1,68,1
human_state_dropout_hold_last,10,5778519009931,fault-injection.human_state_dropout_hold_last.r010.s5778519009931,sha256:0d57769b0b8a1f98775193fd066cbf0772cfcb56a8eca61360ecbcd9307a4166,sha256:8c16387e5b3ff8edbfbd725b691137b65c8c83294752fdb1d88a90a16c4efd99,80,max_ticks,,234,0.987288,233,42,0,0.008475,1,3,3,2,3,-0.176531,234,0.012821,3,0,0.5742,0,0,0.39397,13.846353,0,236,,2,0.565371,1,0,0.64,0.671053,0,1,0,1,0,80,0,1,1,75,1
human_state_dropout_hold_last,11,53120701815735,fault-injection.human_state_dropout_hold_last.r011.s53120701815735,sha256:f3a07351302d146897b3fe2d2295fd448029aedd5ef2db0b9329b7c9b5a042c4,sha256:3935865017c0959a0132dcc60ce85815f1089b2bc16f48382dd20d815c05c058,80,max_ticks,,229,0.987013,228,41,0,0.008658,1,3,3,2,3,-0.179585,229,0.0131,3,0,0.5698,0,0,0.393444,11.128937,0,231,,2,0.589662,1,0,0.461538,0.686099,0,1,0,1,0,80,0,1,1,70,1
human_state_dropout_hold_last,12,149166651730298,fault-injection.human_state_dropout_hold_last.r012.s149166651730298,sha256:aba34b5d0a308f985af89311e7768f2102e2455213744fb9e9f0b047c12a5fb4,sha256:c599933f31f34cddbb52c052a22264546b00373d4513d1ebe95fccd97f529c43,80,max_ticks,,223,0.986667,222,41,0,0.008889,1,3,3,2,3,-0.18243,223,0.013453,3,0,0.5729,0,0,0.392556,11.484153,0,225,,2,0.546508,1,0,0.615385,0.709677,0,1,0,1,0,80,0,1,1,63,1
human_state_dropout_hold_last,13,198157650392612,fault-injection.human_state_dropout_hold_last.r013.s198157650392612,sha256:dbef28d9200fa4686ce566bc4e058955ce99742537c6d63b4a541cc724dc05f9,sha256:ca2c97883839edc2c58c46b75a40ab465169d067b7458826e0bdd1e6b7ec124a,80,max_ticks,,230,0.987069,229,43,0,0.008621,1,3,3,2,3,-0.17029,230,0.013043,3,0,0.5785,0,0,0.394342,12.193708,0,232,9,2,0.55491,1,0,0.666667,0.691964,0,1,0,1,0,80,0,1,1,69,1
human_state_dropout_hold_last,14,169186521342247,fault-injection.human_state_dropout_hold_last.r014.s169186521342247,sha256:f22af3919410844c2ed52843c8332a775baa57aea17cd6bf4773d94b2ebbfd58,sha256:15bc45e1fdea9da560354bf5b21ada8b3bb0c20154656a5e4cd1543a59a520ac,80,max_ticks,,225,0.986784,224,41,0,0.008811,1,3,3,2,3,-0.164876,225,0.013333,3,0,0.5684,0,0,0.393091,13.081404,0,227,,2,0.555283,1,0,0.64,0.707763,0,1,0,1,0,80,0,1,1,64,1
human_state_dropout_hold_last,15,77722212059357,fault-injection.human_state_dropout_hold_last.r015.s77722212059357,sha256:d7c6b0b082cb568eea493714c03e141dc0cafa628403a3ae3b58a21d21b3f519,sha256:dfd50fd25404f036c3a7cfbb6ed1327595e6d2c1239a81f96aba793f4ef7c96e,80,max_ticks,,228,0.986957,227,41,0,0.008696,1,3,3,2,3,-0.136973,228,0.013158,3,0,0.5727,0,0,0.393278,13.334764,0,230,,2,0.585766,1,0,0.64,0.689189,0,1,0,1,0,80,0,1,1,69,1
human_state_dropout_hold_last,16,187467030496729,fault-injection.human_state_dropout_hold_last.r016.s187467030496729,sha256:c61ba478676a8a6b587c43cbf88b3d37e294bddad4b206935019e0d17c3f1e1c,sha256:98a732c87a851b0595968753478aab67250068cc409b2a9ecad96ca9e7718c05,80,max_ticks,,229,0.987013,228,41,0,0.008658,1,3,3,2,3,-0.178348,229,0.0131,3,0,0.5782,0,0,0.393733,12.519959,0,231,,2,0.579978,1,0,0.64,0.686099,0,1,0,1,0,80,0,1,1,70,1
human_state_dropout_hold_last,17,20806297321196,fault-injection.human_state_dropout_hold_last.r017.s20806297321196,sha256:1f7afa59331e5b89e890392df48905b19ceb857d312ede17a0d0cbb6faee5b9b,sha256:3c06f2f040bdb73f29c50e7ec7d48b45ea040f815ed0c42681308b3a083bad8e,80,max_ticks,,235,0.987342,234,42,0,0.008439,1,3,3,2,3,-0.175429,235,0.012766,3,0,0.5735,0,0,0.39327,14.220551,0,237,,2,0.60312,1,0,0.64,0.672489,0,1,0,1,0,80,0,1,1,75,1
human_state_dropout_hold_last,18,178583155281758,fault-injection.human_state_dropout_hold_last.r018.s178583155281758,sha256:0bbcc666ef78412146b41b257dd2a191af26da33e1892f60df4967315e19d5b2,sha256:adb77d8d77499638680f9e5de2e6c5878e336b288f35326ea05ead1ed3bc83c6,80,max_ticks,,234,0.987288,233,41,0,0.008475,1,3,3,2,3,-0.182022,234,0.012821,3,0,0.572,0,0,0.393548,14.031735,0,236,,2,0.554371,1,0,0.64,0.671053,0,1,0,1,0,80,0,1,1,75,1
human_state_dropout_hold_last,19,226535872856816,fault-injection.human_state_dropout_hold_last.r019.s226535872856816,sha256:e6f4ece8ad8a4f1484b914b8460b1dc8dad8b2bd3cb24b277a3c2e186c108eb2,sha256:a0efc7b6ff24130c934f018367b47c9af19f8423ce61950fc2b03c3166238b9c,80,max_ticks,,234,0.987288,233,42,0,0.008475,1,3,3,2,3,-0.186522,234,0.012821,3,0,0.5757,0,0,0.393683,12.379589,0,236,,2,0.576482,1,0,0.64,0.671053,0,1,0,1,0,80,0,1,1,75,1
human_state_dropout_hold_last,20,186630022464417,fault-injection.human_state_dropout_hold_last.r020.s186630022464417,sha256:8b6bd58cf7aa5c0dea8c5755d20646bc3d5e1600027b23f6c3c24c65dfde65ca,sha256:9df9a17519b38064fb78dcd7d9880c34cff56d183a6381630b5b376db95a3c40,80,max_ticks,,162,0.981707,161,41,0,0.012195,1,3,3,2,3,-0.131233,162,0.018519,3,0,0.5728,0,0,0.394136,12.993412,0,164,,2,0.641382,1,0,0.470588,0.980769,0,1,0,1,0,80,0,1,1,3,1
human_state_dropout_hold_last,21,131454352285334,fault-injection.human_state_dropout_hold_last.r021.s131454352285334,sha256:e024dda208af2b6131e56c65f4934acd33ea15096aeff5e1fdbbea7ab3b80010,sha256:cfa72e21e191aa0c39ab0efe891b771d91f3212d978c6ce217c59550a49f4438,80,max_ticks,,236,0.987395,235,42,0,0.008403,1,3,3,2,3,-0.179873,236,0.012712,3,0,0.5671,0,0,0.392833,12.817399,0,238,,2,0.560129,1,0,0.64,0.673913,0,1,0,1,0,80,0,1,1,75,1
human_state_dropout_hold_last,22,79471898959074,fault-injection.human_state_dropout_hold_last.r022.s79471898959074,sha256:f07d208671ca6234014f6087d8b1b9e8050efe5195d9974caa56994843ea7b3b,sha256:50bf8e168ed64d31c07290cdb0339806491e6070e41118711aba15050b9a4525,80,max_ticks,,230,0.987069,229,41,0,0.008621,1,3,3,2,3,-0.180013,230,0.013043,3,0,0.5738,0,0,0.393816,12.973255,0,232,,2,0.556611,1,0,0.52,0.683036,0,1,0,1,0,80,0,1,1,71,1
human_state_dropout_hold_last,23,145348247203150,fault-injection.human_state_dropout_hold_last.r023.s145348247203150,sha256:17c7caeb3d8156940523a7af15c5bcceba9e93fdb04f9738a6c99297004582d5,sha256:f640375c8fdaf5a4c2ce555df65690a2362cae5747a40ef5d8345b27211d4107,80,max_ticks,,230,0.987069,229,42,0,0.008621,1,3,3,2,3,-0.190061,230,0.013043,3,0,0.5696,0,0,0.393558,11.117581,0,232,,2,0.575429,1,0,0.538462,0.6875,0,1,0,1,0,80,0,1,1,70,1
human_state_dropout_hold_last,24,202279436564580,fault-injection.human_state_dropout_hold_last.r024.s202279436564580,sha256:0bbe3fb6372ac98fef363e5aff70176955d890219102caffbb6bdf7d3094246f,sha256:cb8469aa6a313f4e48ec2c4603e4248cec49daf5ddd4f08655cbf25747909dcd,80,max_ticks,,163,0.981818,162,42,0,0.012121,1,3,3,2,3,-0.137986,163,0.018405,3,0,0.574,0,0,0.393686,13.582342,0,165,,2,0.624229,1,0,0.470588,0.980892,0,1,0,1,0,80,0,1,1,3,1
human_state_dropout_hold_last,25,106970971292751,fault-injection.human_state_dropout_hold_last.r025.s106970971292751,sha256:e4ebe1eeead25e013889489ae9ecaeff41180b15ccf50cabcfccde9af8dd87b2,sha256:86825e4df0123124877b758d26c99828926de129181d5e4ae492411677d33fd7,80,max_ticks,,223,0.986667,222,42,0,0.008889,1,3,3,2,3,-0.190606,223,0.013453,3,0,0.5739,0,0,0.393105,13.130504,0,225,,2,0.611018,1,0,0.64,0.709677,0,1,0,1,0,80,0,1,1,63,1
human_state_dropout_hold_last,26,14151389406217,fault-injection.human_state_dropout_hold_last.r026.s14151389406217,sha256:8ce4804254a9a1c2f9a24956383eb42268fc9456d38cd3f297a52539cff81171,sha256:9be5f2b63f70e44ecaf9aeca2cd77a691ae1a0f7808b36d2ee94ebba07a1c148,80,max_ticks,,234,0.987288,233,41,0,0.008475,1,3,3,2,3,-0.179935,234,0.012821,3,0,0.573,0,0,0.392398,13.770167,0,236,,2,0.590783,1,0,0.666667,0.675439,0,1,0,1,0,80,0,1,1,74,1
human_state_dropout_hold_last,27,171180390060552,fault-injection.human_state_dropout_hold_last.r027.s171180390060552,sha256:a63843aaeac2c4fb646d0b8a9c18831c9ad69f778472554ba7a92930ea43685f,sha256:d9d016b082f94f17fc288e4297e419a8212eba5990488542cab7806bef4a72ab,80,max_ticks,,215,0.942731,214,,0,0.052863,1,2,3,2,3,0.000915,215,0.013953,3,0,0.5912,0,0,0.4036,6.520656,0,227,9,12,0.597092,0.666667,0,0.695652,0.660287,0,1,0,0.666667,0,80,0,11,11,71,1
human_state_dropout_hold_last,28,196088034135508,fault-injection.human_state_dropout_hold_last.r028.s196088034135508,sha256:61121a4921f3e2a40d57b7cf21b4aebccd7af8e84c8b03e71442485b68218d5f,sha256:f8d32d7bf6875dfdad1614e141c255e509badb0686732f02589b44f91130f6b4,80,max_ticks,,231,0.987124,230,41,0,0.008584,1,3,3,2,3,-0.183904,231,0.012987,3,0,0.5691,0,0,0.392961,12.265556,0,233,,2,0.551193,1,0,0.64,0.68,0,1,0,1,0,80,0,1,1,72,1
human_state_dropout_hold_last,29,53402825319966,fault-injection.human_state_dropout_hold_last.r029.s53402825319966,sha256:932310623fcaab149299bb1d84c9bbb6dff608c5f9c649d5e6544863ee16db9b,sha256:71e837653b7f2af1484fb86f4664769101cddf8a702eff29da0115031a029c7a,80,max_ticks,,224,0.986726,223,41,0,0.00885,1,3,3,2,3,-0.187218,224,0.013393,3,0,0.5709,0,0,0.393833,13.29654,0,226,,2,0.599402,1,0,0.666667,0.701835,0,1,0,1,0,80,0,1,1,65,1
human_state_dropout_hold_last,30,190052384377950,fault-injection.human_state_dropout_hold_last.r030.s190052384377950,sha256:54150828c97df2891487d67dd3795c9571586ca6346da907476c13b2485b7b14,sha256:52d67da5e18e7901a5988839d8ffea558c99115a09fe9cfa2d26548a5d0c40b8,80,max_ticks,,234,0.987288,233,41,0,0.008475,1,3,3,2,3,-0.181367,234,0.012821,3,0,0.5731,0,0,0.393677,14.884606,0,236,,2,0.570191,1,0,0.64,0.671053,0,1,0,1,0,80,0,1,1,75,1
human_state_dropout_hold_last,31,46330499293338,fault-injection.human_state_dropout_hold_last.r031.s46330499293338,sha256:6e4443c1f03d688f480de537b3ff29d0fd50a3ccf8014f7cd39fdb0da0d92e55,sha256:5c03b169485162f67743c57599018d11536d2fbfa4cbac1770d6dba4abb4c2d8,80,max_ticks,,235,0.987342,234,42,0,0.008439,1,3,3,2,3,-0.183227,235,0.012766,3,0,0.5695,0,0,0.39437,12.615154,0,237,,2,0.602302,1,0,0.666667,0.672489,0,1,0,1,0,80,0,1,1,75,1
human_state_dropout_hold_last,32,248535336031370,fault-injection.human_state_dropout_hold_last.r032.s248535336031370,sha256:a1a155fc867e49dd73bf401963975f3bcc63ee1b11efbe40fd9f3e2d9089b57a,sha256:911a2b08346bcdd7594d087d0a9c42d1578b6b2d7d92c7c24dd0c2782b3598a5,80,max_ticks,,234,0.987288,233,41,0,0.008475,1,3,3,2,3,-0.171201,234,0.012821,3,0,0.5757,0,0,0.392419,12.443605,0,236,,2,0.563135,1,0,0.64,0.671053,0,1,0,1,0,80,0,1,1,75,1
human_state_dropout_hold_last,33,227065794631182,fault-injection.human_state_dropout_hold_last.r033.s227065794631182,sha256:f4748f1a7336fc3fbfaef85861a0a8b8dc0635b5700eac00b06de6075374e84a,sha256:c5364495ad0a44f0bc0c25bf910a5c657697709cab7a0a7b6761c8eddf0f39d2,80,max_ticks,,228,0.986957,227,42,0,0.008696,1,3,3,2,3,-0.168656,228,0.013158,3,0,0.5761,0,0,0.392478,13.012496,0,230,,2,0.553761,1,0,0.576923,0.693694,0,1,0,1,0,80,0,1,1,68,1
human_state_dropout_hold_last,34,21702879519969,fault-injection.human_state_dropout_hold_last.r034.s21702879519969,sha256:97bc15587eb47dcb528fdfc7ec34241d932a8c02669d54626ebdf73d8cab47ee,sha256:5252aa43a907743a14b50c1c81ffed115df5d59a1f1426c9ad620ffdd2b782e4,80,max_ticks,,234,0.987288,233,41,0,0.008475,1,3,3,2,3,-0.188642,234,0.012821,3,0,0.5722,0,0,0.392844,12.244586,0,236,,2,0.548025,1,0,0.64,0.671053,0,1,0,1,0,80,0,1,1,75,1
human_state_dropout_hold_last,35,35598899935367,fault-injection.human_state_dropout_hold_last.r035.s35598899935367,sha256:712cc4814d129a0156b184785a970c382c6c764251dbac010656466b0a0bca02,sha256:3f300b3c0dd1c76fd0920d8e9c748be820edc95580d3a1908955556632f7c1b9,80,max_ticks,,233,0.987234,232,41,0,0.008511,1,3,3,2,3,-0.186288,233,0.012876,3,0,0.5769,0,0,0.394831,13.271781,0,235,,2,0.567988,1,0,0.6,0.674009,0,1,0,1,0,80,0,1,1,74,1
human_state_dropout_hold_last,36,65055224056911,fault-injection.human_state_dropout_hold_last.r036.s65055224056911,sha256:94abe36832c5a083995e1b359cb17386b6dac229fa36e2e4b55b17fa68e60dea,sha256:1255ebb28f1fdcaceb3edcb7394b70b70fb7fa8ab69557455ca41253d57f5dae,80,max_ticks,,231,0.987124,230,42,0,0.008584,1,3,3,2,3,-0.189862,231,0.012987,3,0,0.5688,0,0,0.393938,12.915556,0,233,,2,0.585449,1,0,0.6,0.68,0,1,0,1,0,80,0,1,1,72,1
human_state_dropout_hold_last,37,214902445761111,fault-injection.human_state_dropout_hold_last.r037.s214902445761111,sha256:ff4657bc5dcd588830c4a70da532d11175380510ecb45d646222c2d36d02122c,sha256:dcc90e576221967db86f66589f1a046711af1eed3eee4e01586ad653f463330d,80,max_ticks,,235,0.987342,234,41,0,0.008439,1,3,3,2,3,-0.175788,235,0.012766,3,0,0.5685,0,0,0.393986,12.750907,0,237,,2,0.516389,1,0,0.615385,0.672489,0,1,0,1,0,80,0,1,1,75,1
human_state_dropout_hold_last,38,119744411108894,fault-injection.human_state_dropout_hold_last.r038.s119744411108894,sha256:834d62db9bca909f6233c638bf77315d7ef3e582550c0074b170b0b7f8b99b41,sha256:adcefe48bbe9e58bcf08bcc596649f2bb1d353e56613de642dd98cee961c8820,80,max_ticks,,233,0.987234,232,41,0,0.008511,1,3,3,2,3,-0.182266,233,0.012876,3,0,0.5714,0,0,0.39418,14.909794,0,235,,2,0.593118,1,0,0.64,0.674009,0,1,0,1,0,80,0,1,1,74,1
human_state_dropout_hold_last,39,65950238206829,fault-injection.human_state_dropout_hold_last.r039.s65950238206829,sha256:f4bc36d583267bd0dc90ccc96704a737287dc0b0de6a460670867e4b3ac266b4,sha256:a81d05c0f0a12db46c7f28416209715b9a3e18ffc7f6c670185a92a9ee71bbd5,80,max_ticks,,234,0.987288,233,41,0,0.008475,1,3,3,2,3,-0.168328,234,0.012821,3,0,0.5731,0,0,0.3934,12.214994,0,236,,2,0.59536,1,0,0.615385,0.675439,0,1,0,1,0,80,0,1,1,74,1
