condition,repetition,seed,run_id,head_hash,final_state_hash,ticks_run,termination,invariants_failed,accepted_proposals,commit_rate,committed,convergence_tick,degraded_evidence_commits,deterministic_rejection_rate,faults_injected,goals_reached,goals_total,human_approved,human_reviews,human_state_coupling,judgment_calls,judgment_disagreement_rate,judgment_disagreements,judgment_unavailable,max_operator_load,mean_judgment_latency_ms,mean_observation_age_ms,mean_operator_load,min_pairwise_distance,network_calls,proposals,recovery_ticks,rejected_proposals,resonance.coherence,resonance.convergence,resonance.disagreement,resonance.recovery,resonance.stability,resonance.uncertainty,safe_rejections,separation_breaches,task_success,ticks_at_high_load,ticks_run,unsafe_commits,unsafe_proposals,unsafe_proposals_blocked,unstable_commits,withheld
deterministic_only,0,57527341304683,judgment-ablation.deterministic_only.r000.s57527341304683,sha256:808ae08414166c6a18f327b4baa8c592cdbbf60abf568052c21c51d42eea0293,sha256:23f5786302b0e31fa3791558cfc7170f1f9450a293c78e050ccde327d38ad322,80,max_ticks,,229,0.915612,217,41,3,0.033755,2,3,3,0,0,0.810769,0,,0,0,0.8927,,58.016878,0.465861,13.786206,0,237,0,8,0.572101,1,0,0.967742,0.672986,0.029536,7,0,1,12,80,0,1,1,69,12
deterministic_only,1,99278038155453,judgment-ablation.deterministic_only.r001.s99278038155453,sha256:828f39c240dca6e62cd08aaf53e81b6ebd7cc3cd47d2aa538b6b69b0b3174172,sha256:eed2cccab2b768b68acf6a75a7854ee2bceed463749dfb436dfa12673b73dfdb,80,max_ticks,,232,0.916667,220,41,3,0.033333,2,3,3,0,0,0.813576,0,,0,0,0.8909,,57.291667,0.464955,12.785327,0,240,0,8,0.536363,1,0,0.953125,0.658879,0.029167,7,0,1,12,80,0,1,1,73,12
deterministic_only,2,256815052586320,judgment-ablation.deterministic_only.r002.s256815052586320,sha256:2cd565da6a9aaf7d291d3c64835444c14476f2d01a1cf194eb9adbf02995895e,sha256:bfbea1a30b844ca04f2c10b75464f8291e394976866cc84387b3b4d6cb84dfda,80,max_ticks,,228,0.915254,216,41,3,0.033898,2,3,3,0,0,0.801772,0,,0,0,0.8936,,58.262712,0.465472,8.329243,0,236,0,8,0.556288,1,0,1,0.671429,0.029661,7,0,1,12,80,0,1,1,69,12
deterministic_only,3,54666758928369,judgment-ablation.deterministic_only.r003.s54666758928369,sha256:1c46ec20a8022905ae7a5c7b180c790649c860b996ff66d4e4b54ab7bc293222,sha256:d66156efd01ba83d023d64dce34b71ae2069e786fc7617e0e8af378042dcbca3,80,max_ticks,,218,0.911504,206,41,3,0.035398,2,3,3,0,0,0.807,0,,0,0,0.8964,,60.840708,0.464936,12.819171,0,226,0,8,0.603563,1,0,1,0.705,0.030973,7,0,1,12,80,0,1,1,59,12
deterministic_only,4,265295863012748,judgment-ablation.deterministic_only.r004.s265295863012748,sha256:67b12732edb49fe627f80aa0362eb4026773163a351e47a3402bbe6a77fe3505,sha256:6ae8781c387fefdb26f5198b1ac0067f61649baf5aac9377091499a0bc2ec3d4,80,max_ticks,,228,0.915254,216,41,3,0.033898,2,3,3,0,0,0.805661,0,,0,0,0.8982,,58.262712,0.466369,11.525135,0,236,0,8,0.542884,1,0,0.967742,0.671429,0.029661,7,0,1,12,80,0,1,1,69,12
deterministic_only,5,165917763013172,judgment-ablation.deterministic_only.r005.s165917763013172,sha256:f134ffaab0308617430d987c07fdc2b37b497a148deeb60ca0f129a2942ef656,sha256:78a1307b6389eb33271004452d79b7f9df2ba32321ae46d97776c8e1c6a6afc5,80,max_ticks,,230,0.915966,218,43,3,0.033613,2,3,3,0,0,0.803069,0,,0,0,0.8967,,57.773109,0.465704,13.124082,0,238,0,8,0.579882,1,0,1,0.669811,0.029412,7,0,1,12,80,0,1,1,70,12
deterministic_only,6,252736664674552,judgment-ablation.deterministic_only.r006.s252736664674552,sha256:ecf763ed5cb04092e91bbee073eb54f013719f849a90d422468f75a56f8b1670,sha256:2b9cb16b1009ca87e9a97f534839a27cb3895a425af22443d4b24e805eb21e1a,80,max_ticks,,232,0.9125,219,41,3,0.033333,2,3,3,0,0,0.774487,0,,0,0,0.8941,,57.291667,0.465494,14.045943,0,240,0,8,0.55937,1,0,0.953125,0.657277,0.029167,7,0,1,13,80,0,1,1,73,13
deterministic_only,7,43001839530755,judgment-ablation.deterministic_only.r007.s43001839530755,sha256:08b8ccde975dc6460f8d8eab19ea2b7623866f1820392ac798dde458a4e4267e,sha256:07dfe930826ea9e342de28aff8e92ccce029e0a24e654f4a218848bb21df1daa,80,max_ticks,,233,0.912863,220,41,3,0.033195,2,3,3,0,0,0.772599,0,,0,0,0.895,,57.053942,0.465489,13.124847,0,241,0,8,0.587734,1,0,0.953125,0.658879,0.029046,7,0,1,13,80,0,1,1,73,13
deterministic_only,8,221957817213145,judgment-ablation.deterministic_only.r008.s221957817213145,sha256:8c9590410bc13f7145b6fe5f545e2483f666e22239d88c71fedcc6988102e70c,sha256:2c56bafdb87ab21011c0fd65ac4faacbcc4f2285b1f572e34d6649cf07a65f1b,80,max_ticks,,231,0.916318,219,41,3,0.033473,2,3,3,0,0,0.814007,0,,0,0,0.8883,,57.531381,0.465696,12.759665,0,239,0,8,0.593179,1,0,0.9375,0.661972,0.029289,7,0,1,12,80,0,1,1,72,12
deterministic_only,9,151369659976869,judgment-ablation.deterministic_only.r009.s151369659976869,sha256:e8706eb2976ebe5e1b709156948426da8990adb69fe2f0707bc04406b13b9db9,sha256:65f6b6739d00be13dc836656a79e79ece2f9c02d3507237c4d49b711c0126317,80,max_ticks,,233,0.909091,220,64,0,0.03719,2,3,3,0,0,0.808195,0,,0,0,0.9065,,10.330579,0.466728,5.997492,0,242,0,9,0.559801,1,0,0.928571,0.658879,0.004132,3,0,1,13,80,0,6,6,73,13
deterministic_only,10,42750273790937,judgment-ablation.deterministic_only.r010.s42750273790937,sha256:e8f89ef6e5ad655d8f6dce5b22bbbb62b8aaedb4be679ff447865005461c622b,sha256:5ca2876c03671a9b9abbd7708c7f17e90d90dffb07b595e269e2e886770e221f,80,max_ticks,,231,0.916318,219,41,3,0.033473,2,3,3,0,0,0.814678,0,,0,0,0.8966,,57.531381,0.465899,13.686195,0,239,0,8,0.596297,1,0,0.967742,0.661972,0.029289,7,0,1,12,80,0,1,1,72,12
deterministic_only,11,265000021645429,judgment-ablation.deterministic_only.r011.s265000021645429,sha256:4345cb4b1e8c9ab7559f54614804d8136e4548ac6d7114b26d8526dab45aa5dd,sha256:2351d61a401d967a927e638fb29fc66cb398dfce41cbc7c77d5e4ddc0a407c24,80,max_ticks,,229,0.915612,217,41,3,0.033755,2,3,3,0,0,0.813555,0,,0,0,0.8908,,58.016878,0.465093,12.410532,0,237,0,8,0.581079,1,0,0.96875,0.677725,0.029536,7,0,1,12,80,0,1,1,68,12
deterministic_only,12,105765016728113,judgment-ablation.deterministic_only.r012.s105765016728113,sha256:3cd4d5c11afdb48fcf4760560905b3bf5cff23c1d7fbd1439785c102f0c49dbf,sha256:1d7a4f9e081080b60da0820fad19807961a95e252db7a9c83736e516975f0ebc,80,max_ticks,,232,0.9125,219,41,3,0.033333,2,3,3,0,0,0.774662,0,,0,0,0.8946,,57.291667,0.467389,12.292995,0,240,0,8,0.595991,1,0,0.953125,0.657277,0.029167,7,0,1,13,80,0,1,1,73,13
deterministic_only,13,87362427631443,judgment-ablation.deterministic_only.r013.s87362427631443,sha256:098b81c392cc8063ffc06d0d8264b395ba0f340674e7f8e28b14339918def10c,sha256:dce73fe12a6307b48818748ca717d19137412770d55550a2a6466992945f9213,80,max_ticks,,231,0.916318,219,41,3,0.033473,2,3,3,0,0,0.814567,0,,0,0,0.8939,,57.531381,0.46575,12.387724,0,239,0,8,0.525716,1,0,0.967742,0.661972,0.029289,7,0,1,12,80,0,1,1,72,12
deterministic_only,14,267385964521992,judgment-ablation.deterministic_only.r014.s267385964521992,sha256:e94ceed404f21a92df0f5e93188fa145cb4d2eb23e1a4eb56040c10a782d2f31,sha256:33d9f9fb07344fc3a0f6275cbd8120acb09fe161b665dcb52ece7cf1e57b3128,80,max_ticks,,229,0.915612,217,41,3,0.033755,2,3,3,0,0,0.817735,0,,0,0,0.895,,56.962025,0.465708,13.04765,0,237,0,8,0.614629,1,0,0.983871,0.668246,0.029536,7,0,1,12,80,0,1,1,70,12
deterministic_only,15,50338251191256,judgment-ablation.deterministic_only.r015.s50338251191256,sha256:e8184961068fec22bc7b9462eb31dfc7fc97e7e84ae9484c798d6f1a609cb2e1,sha256:89946087e773e50ad7b6781087845a6612fb48e338345596e838868195cd4d5c,80,max_ticks,,230,0.915966,218,41,3,0.033613,2,3,3,0,0,0.81534,0,,0,0,0.8941,,57.773109,0.465001,14.383423,0,238,0,8,0.583793,1,0,0.967742,0.665094,0.029412,7,0,1,12,80,0,1,1,71,12
deterministic_only,16,174028374442274,judgment-ablation.deterministic_only.r016.s174028374442274,sha256:9bf858fcdaf12776e3fa92861f22e1ef759924fd5b915a7ec23b7e86b1ea334e,sha256:d189d9dabc0e964c1a4cddec0d34f6bb22f61c16d5fd61c6aebc3ee2027865ab,80,max_ticks,,226,0.91453,214,41,3,0.034188,2,3,3,0,0,0.815744,0,,0,0,0.8925,,58.760684,0.46549,13.786432,0,234,0,8,0.576994,1,0,0.90625,0.677885,0.029915,7,0,1,12,80,0,1,1,67,12
deterministic_only,17,262349356812342,judgment-ablation.deterministic_only.r017.s262349356812342,sha256:4f907b3539cdf2532b882fe6479f843aa49cf4c5bb124d127a7308500935270a,sha256:c90c109a95b9cc4926874759f0d108f1f97c3848ad04ccf078735084af9d4918,80,max_ticks,,218,0.883621,205,,0,0.060345,2,2,3,0,0,0.74722,0,,0,0,0.9068,,10.775862,0.471694,5.907696,0,232,1.5,14,0.563813,0.666667,0,0.910714,0.633166,0.00431,3,0,0.666667,13,80,0,11,11,73,13
deterministic_only,18,85578585668014,judgment-ablation.deterministic_only.r018.s85578585668014,sha256:a73e27acc7218f1fa5004185cd61c9820110e11f1559ef238f7587d733afd355,sha256:72b69f5f1180b19e0101b03852ed070bbb3b9de43a577cf1e53a182e4e232051,80,max_ticks,,229,0.915612,217,43,3,0.033755,2,3,3,0,0,0.803175,0,,0,0,0.8895,,58.016878,0.465994,13.275492,0,237,0,8,0.565102,1,0,0.921875,0.672986,0.029536,7,0,1,12,80,0,1,1,69,12
deterministic_only,19,107018321236797,judgment-ablation.deterministic_only.r019.s107018321236797,sha256:01ef42faeb7699e4cf263f79a1803bb7a8d6a000cdf484ddbcf4767270bc54e5,sha256:ae5c959d5f6b4ff078a48cd49bb03c99e6c42d52009c5f51e006fb36dd83601d,80,max_ticks,,226,0.91453,214,41,3,0.034188,2,3,3,0,0,0.816344,0,,0,0,0.894,,58.760684,0.464745,13.522577,0,234,0,8,0.553546,1,0,0.953125,0.677885,0.029915,7,0,1,12,80,0,1,1,67,12
deterministic_only,20,5701907027736,judgment-ablation.deterministic_only.r020.s5701907027736,sha256:40c3a5b91f7175e0776589c063a9275f146253a7fa964fbc63351e4c361c6ade,sha256:89c0d0ead17dc677e5bf0cdae4285d896b328b1bfb06c33117e77ce95e106224,80,max_ticks,,231,0.916318,219,41,3,0.033473,2,3,3,0,0,0.807919,0,,0,0,0.8922,,57.531381,0.465363,14.875633,0,239,0,8,0.57939,1,0,0.953125,0.666667,0.029289,7,0,1,12,80,0,1,1,71,12
deterministic_only,21,51186872990512,judgment-ablation.deterministic_only.r021.s51186872990512,sha256:270b72ad62ec2da789b44690e627235018c307044dbc44743f0f76009e647691,sha256:b23aef19ab17d17cea4f5a2f15ce19c5200c57d3ccf2022bc06b8239d574aaed,80,max_ticks,,230,0.915966,218,41,3,0.033613,2,3,3,0,0,0.815877,0,,0,0,0.893,,57.773109,0.465334,13.163042,0,238,0,8,0.565741,1,0,0.953125,0.665094,0.029412,7,0,1,12,80,0,1,1,71,12
deterministic_only,22,188948363392988,judgment-ablation.deterministic_only.r022.s188948363392988,sha256:9021f30d7a80e2f0797d971d90536f8b6ea1412356008bd7bf4b033f0222aec4,sha256:02f7cfe6673d1a9b6e52190987b224b052d64a50d51432ddba812a43f569579e,80,max_ticks,,162,0.882353,150,41,3,0.047059,2,3,3,0,0,0.894406,0,,0,0,0.8908,,80.882353,0.465552,13.407952,0,170,0,8,0.631956,1,0,0.9375,0.979167,0.041176,7,0,1,12,80,0,1,1,3,12
deterministic_only,23,119597358959743,judgment-ablation.deterministic_only.r023.s119597358959743,sha256:027527581929c21ecc7fdcad1e85d683403aed75de676fe9cb44a987d3e0d5f1,sha256:6cecc319b94f44d9fee54b14e055d845555cac9db1cd8c8b0dacdd786c27816a,80,max_ticks,,229,0.915612,217,41,3,0.033755,2,3,3,0,0,0.813044,0,,0,0,0.8962,,58.016878,0.464805,12.923165,0,237,0,8,0.558741,1,0,0.935484,0.668246,0.029536,7,0,1,12,80,0,1,1,70,12
deterministic_only,24,63259633888481,judgment-ablation.deterministic_only.r024.s63259633888481,sha256:96b733e279fe12da2ff7eaa11ab5f5d75231a0795db98b04e1481dda0f723ce6,sha256:f76ca9742c0313564d779c0a702e8faf9c0e9eea0ec5e594d17cc032194d4bf9,80,max_ticks,,227,0.910638,214,41,3,0.034043,2,3,3,0,0,0.76804,0,,0,0,0.8953,,58.510638,0.466743,12.422272,0,235,0,8,0.581189,1,0,0.983333,0.673077,0.029787,7,0,1,13,80,0,1,1,68,13
deterministic_only,25,220976159642645,judgment-ablation.deterministic_only.r025.s220976159642645,sha256:5e0ece3e324607d32d3402d7fdc8cbd6a997856b2d0a855005a72c3201185baa,sha256:c91bb2acef10955ef3bd9cb95e470576d350d1da03a61924c848ba75597d0718,80,max_ticks,,234,0.917355,222,41,3,0.033058,2,3,3,0,0,0.809048,0,,0,0,0.8912,,56.818182,0.46506,12.506352,0,242,0,8,0.560775,1,0,0.96875,0.662037,0.028926,7,0,1,12,80,0,1,1,73,12
deterministic_only,26,267351106039472,judgment-ablation.deterministic_only.r026.s267351106039472,sha256:cd9d875dbd6723a4705fae91ba703e454d0535fd3f9c56c249022272619dc305,sha256:d9e51c2ea82346980bae73ca4bd0c7bcb9243ff4121eba5270bc66428448e28c,80,max_ticks,,226,0.91453,214,41,3,0.034188,2,3,3,0,0,0.811016,0,,0,0,0.8934,,58.760684,0.465496,13.718977,0,234,0,8,0.576248,1,0,1,0.682692,0.029915,7,0,1,12,80,0,1,1,66,12
deterministic_only,27,79356475614569,judgment-ablation.deterministic_only.r027.s79356475614569,sha256:2398586e3895b8cdb2e83ca3c275e7ed1873b765645a863f47b9cf633f2b6915,sha256:90eb84917897af0651ffc1a746533a115b94bda838d3175f6decd51167822f04,80,max_ticks,,228,0.911017,215,41,3,0.033898,2,3,3,0,0,0.770367,0,,0,0,0.8931,,58.262712,0.466507,14.306532,0,236,0,8,0.598181,1,0,0.983333,0.674641,0.029661,7,0,1,13,80,0,1,1,68,13
deterministic_only,28,182423689935324,judgment-ablation.deterministic_only.r028.s182423689935324,sha256:e873dd482aa3c4bc07212f21c322fd150dcd7a35c0e4dcb83c21785d84cd0ba2,sha256:9c1b6ac8f40907a0c716463167e315d8e803224acf21ec5747c2c8e7e980a80f,80,max_ticks,,231,0.916318,219,42,3,0.033473,2,3,3,0,0,0.810699,0,,0,0,0.8916,,57.531381,0.465626,12.518273,0,239,0,8,0.553677,1,0,0.9375,0.661972,0.029289,7,0,1,12,80,0,1,1,72,12
deterministic_only,29,111109937806271,judgment-ablation.deterministic_only.r029.s111109937806271,sha256:be4396d1c3b05c4d8aaf5c5e28b1c81535dbe7dbb952075b319932f5f4592fce,sha256:53d1847c9f6acf84b01816ad557912c2eea26e209470df36d1d8a35e15a62348,80,max_ticks,,231,0.916318,219,42,3,0.033473,2,3,3,0,0,0.808906,0,,0,0,0.8949,,57.531381,0.465793,13.402101,0,239,0,8,0.567568,1,0,1,0.666667,0.029289,7,0,1,12,80,0,1,1,71,12
deterministic_only,30,130394613034230,judgment-ablation.deterministic_only.r030.s130394613034230,sha256:fa57567187cdcfd3cd9a928eff3fa5885b87f7225c2a8dab0be6362aed0b7ffe,sha256:d24a9b74f96e5d3a5989791f0ce553e70595791096dd5a963a21a495fb76f2bb,80,max_ticks,,230,0.911765,217,41,3,0.033613,2,3,3,0,0,0.77632,0,,0,0,0.8919,,57.773109,0.465609,7.016416,0,238,0,8,0.566005,1,0,1,0.663507,0.029412,7,0,1,13,80,0,1,1,71,13
deterministic_only,31,269769521741202,judgment-ablation.deterministic_only.r031.s269769521741202,sha256:0433a87ab4353d2789d60692487b6e52aff2da7d2b892a63186e3f8e34d4e9c6,sha256:a2c89245d8c42d65e03f4e502bd9638570ee74ab7fd2265e9e1a31abc1a54e0e,80,max_ticks,,230,0.915966,218,41,3,0.033613,2,3,3,0,0,0.811528,0,,0,0,0.8903,,57.773109,0.464195,12.345574,0,238,0,8,0.565762,1,0,0.953125,0.669811,0.029412,7,0,1,12,80,0,1,1,70,12
deterministic_only,32,211127800505858,judgment-ablation.deterministic_only.r032.s211127800505858,sha256:79cd3118aa1d79fdbe9ba23ba6fa42aa9a4280bb51415fcf4d30982ef00cb56d,sha256:fa75af32360b811eebfba2c155e9428423f464ceb6baeff6e54d6a4a724aa9c4,80,max_ticks,,224,0.913793,212,41,3,0.034483,2,3,3,0,0,0.803609,0,,0,0,0.8942,,59.267241,0.465549,14.254537,0,232,0,8,0.528345,1,0,0.951613,0.684466,0.030172,7,0,1,12,80,0,1,1,65,12
deterministic_only,33,159151711187285,judgment-ablation.deterministic_only.r033.s159151711187285,sha256:4255b89d8763c0f18e58bbeac870bd6b3129278df8501b5fcfd0393b75fe4a50,sha256:c63435f0cacf3d11710fa3ccae1328829d8017915c7bf028f72b77738e42407f,80,max_ticks,,232,0.9125,219,42,3,0.033333,2,3,3,0,0,0.771807,0,,0,0,0.8951,,57.291667,0.466845,13.305284,0,240,0,8,0.585099,1,0,0.953125,0.657277,0.029167,7,0,1,13,80,0,1,1,73,13
deterministic_only,34,273916131716412,judgment-ablation.deterministic_only.r034.s273916131716412,sha256:92736b9fe77911ad91f34decbeb3c37c23cf236a3e22de4cd00bd88dc9d82522,sha256:ad66664b365c223b1d06927b530bf07b232cb1f4168cb75ad54fa4efd1157c18,80,max_ticks,,233,0.917012,221,41,3,0.033195,2,3,3,0,0,0.80961,0,,0,0,0.8949,,57.053942,0.465461,12.893157,0,241,0,8,0.542777,1,0,0.953125,0.660465,0.029046,7,0,1,12,80,0,1,1,73,12
deterministic_only,35,65323758223108,judgment-ablation.deterministic_only.r035.s65323758223108,sha256:47821f5aa423a069e02ecb37a9be8df35b32d488c59fa70b286cadc54b810ac2,sha256:0e8272bcbf7d552b4ee10ce31bd86fb0c4af5325cae0c23ac25615eb52edd09c,80,max_ticks,,233,0.917012,221,42,3,0.033195,2,3,3,0,0,0.803964,0,,0,0,0.8957,,57.053942,0.46552,10.882506,0,241,0,8,0.567656,1,0,0.967742,0.660465,0.029046,7,0,1,12,80,0,1,1,73,12
deterministic_only,36,24508646137620,judgment-ablation.deterministic_only.r036.s24508646137620,sha256:3e9344b66e8766e9e52343f631895f607da62c3d62ae5a32d0f45d1d927b887c,sha256:ea9af37bcfd39bdd42af518830bd0d8a1860ea0daa0369f29908de9f55a92ffd,80,max_ticks,,232,0.916667,220,42,3,0.033333,2,3,3,0,0,0.812064,0,,0,0,0.8906,,57.291667,0.464464,11.258734,0,240,0,8,0.571652,1,0,0.967742,0.658879,0.029167,7,0,1,12,80,0,1,1,73,12
deterministic_only,37,247798458636041,judgment-ablation.deterministic_only.r037.s247798458636041,sha256:19bd132a298c81d661bd4afcaefdf6e1b7da7dde0cac24d3c1c724be4ced5682,sha256:234c0f8f57c89d55189db56fe944d244923ac1dad89753d5ca864b23015920c6,80,max_ticks,,232,0.916667,220,41,3,0.033333,2,3,3,0,0,0.814272,0,,0,0,0.889,,57.291667,0.465704,11.9143,0,240,0,8,0.566863,1,0,0.983871,0.663551,0.029167,7,0,1,12,80,0,1,1,72,12
deterministic_only,38,237331592044072,judgment-ablation.deterministic_only.r038.s237331592044072,sha256:d895ce4bc84b2dc4f2c15ccd737628a295d6235ef5fb48b470f75e9d5f8a8e4f,sha256:c82d129d0d7218207b920eddaeca55fd59d43810b327d84f55709e3d7d11faef,80,max_ticks,,231,0.916318,219,41,3,0.033473,2,3,3,0,0,0.809928,0,,0,0,0.8908,,57.531381,0.464058,12.658839,0,239,0,8,0.591823,1,0,0.953125,0.661972,0.029289,7,0,1,12,80,0,1,1,72,12
deterministic_only,39,130211102639073,judgment-ablation.deterministic_only.r039.s130211102639073,sha256:83ac947aa5571e1d5418c44c2c47f90561c862b21a3c4eb42e79748fa7de68ad,sha256:e8f0db20af516fee831714629cf9f8f1ad020958187910416eeeef486c8c0281,80,max_ticks,,232,0.9125,219,41,3,0.033333,2,3,3,0,0,0.774875,0,,0,0,0.8961,,57.291667,0.466064,12.951464,0,240,0,8,0.610629,1,0,0.953125,0.657277,0.029167,7,0,1,13,80,0,1,1,73,13
deterministic_only,40,206363982526286,judgment-ablation.deterministic_only.r040.s206363982526286,sha256:e210ab545ebb1e8ce5f7118470085ce87039fb420bf0d091734d991845cbf701,sha256:996c8f2c6da3ef2bc2bf2ba63c263a948339f72b9e2d3dd80e81e31463dfff82,80,max_ticks,,230,0.915966,218,41,3,0.033613,2,3,3,0,0,0.805715,0,,0,0,0.891,,57.773109,0.46497,12.76025,0,238,0,8,0.534064,1,0,0.983333,0.665094,0.029412,7,0,1,12,80,0,1,1,71,12
deterministic_only,41,163461166554860,judgment-ablation.deterministic_only.r041.s163461166554860,sha256:9c3d90e5f34d649ec486b8db3a99b24ff18bb7303f5497fb20ef6c3740cd86f5,sha256:6050b8833f55671c09018bfd4c5e327bc49b80ff8a16737742926f5dd28ab21d,80,max_ticks,,229,0.915612,217,43,3,0.033755,2,3,3,0,0,0.793077,0,,0,0,0.892,,58.016878,0.466267,12.794073,0,237,0,8,0.591864,1,0,0.953125,0.668246,0.029536,7,0,1,12,80,0,1,1,70,12
deterministic_only,42,6348294522231,judgment-ablation.deterministic_only.r042.s6348294522231,sha256:207d7eb1dcb1c19632f6f103625f150e086116a7a84d46311c27a082282fde30,sha256:bb5202f0ac73b27e30ebb200db8f30b28c9502432020d055744dbb5513b0c2f8,80,max_ticks,,230,0.915966,218,44,3,0.033613,2,3,3,0,0,0.77758,0,,0,0,0.8887,,57.773109,0.464231,13.246802,0,238,0,8,0.589604,1,0,0.983333,0.669811,0.029412,7,0,1,12,80,0,1,1,70,12
deterministic_only,43,25119152934151,judgment-ablation.deterministic_only.r043.s25119152934151,sha256:e03b60f4a52cbd8c2a7f133e9043828b91c50e855c2339fc2910303d852f8e0a,sha256:4fd5ad263b49e8c3b6f72649f6cbe004045f0a5a47c8b3f0e69c1b2a0e978ddc,80,max_ticks,,232,0.916667,220,41,3,0.033333,2,3,3,0,0,0.815258,0,,0,0,0.8949,,57.291667,0.466126,12.679764,0,240,0,8,0.546997,1,0,0.953125,0.658879,0.029167,7,0,1,12,80,0,1,1,73,12
deterministic_only,44,261866152976538,judgment-ablation.deterministic_only.r044.s261866152976538,sha256:f98655775a8d478110b38e25a4c30e94c374e8a2d4dbca47e74961fd339dc197,sha256:9b93c9f9d5537fba3eef47d1c5cb3e231036539df095b56a8fe3699691b8c99e,80,max_ticks,,232,0.908714,219,63,0,0.037344,2,3,3,0,0,0.797812,0,,0,0,0.9086,,10.373444,0.467645,5.256029,0,241,0,9,0.532928,1,0,0.928571,0.657277,0.004149,3,0,1,13,80,0,6,6,73,13
deterministic_only,45,260525559251538,judgment-ablation.deterministic_only.r045.s260525559251538,sha256:86be593beaee0439b7521b1734c1281cfafe52195657d94984a128ed9b65af54,sha256:370438bb0a231137e8e7c1d43e13e008c582ab40c6ca47b9b305d240211260a4,80,max_ticks,,233,0.917012,221,41,3,0.033195,2,3,3,0,0,0.801307,0,,0,0,0.891,,57.053942,0.465261,9.058269,0,241,0,8,0.58424,1,0,0.983871,0.660465,0.029046,7,0,1,12,80,0,1,1,73,12
deterministic_only,46,233461212355422,judgment-ablation.deterministic_only.r046.s233461212355422,sha256:8a2e0f0c971010581e80bbe874ec0fd24c904242eded4cd8d75f599b6ca1edaf,sha256:b65a8df50a0f77d6bef79b861e1bed46d64fe962b44d6ac66289838d46b174db,80,max_ticks,,227,0.910638,214,43,3,0.034043,2,3,3,0,0,0.764322,0,,0,0,0.8961,,58.510638,0.465791,14.613442,0,235,0,8,0.562212,1,0,0.982759,0.677885,0.029787,7,0,1,13,80,0,1,1,67,13
deterministic_only,47,12438102688673,judgment-ablation.deterministic_only.r047.s12438102688673,sha256:62dfc70268ab02bcc50936471f5be0557dd9da1907fb17ba27ec82d162184789,sha256:df8566c7a7f15ac60e9e144635b3219aca45b19cf578bb8827db7cdda49c1597,80,max_ticks,,229,0.911392,216,42,3,0.033755,2,3,3,0,0,0.755248,0,,0,0,0.8934,,58.016878,0.46581,13.287504,0,237,0,8,0.590733,1,0,0.953125,0.671429,0.029536,7,0,1,13,80,0,1,1,69,13
deterministic_only,48,171927412137762,judgment-ablation.deterministic_only.r048.s171927412137762,sha256:6163e1102c6b97f6763c7294166f8e22b82ba678560b95b525fda2a11d8f452e,sha256:b57dd0b725b73db1648ca287817f9779af42f0a5a7c93cf7757b1dbad4aa8b8e,80,max_ticks,,230,0.911765,217,41,3,0.033613,2,3,3,0,0,0.777453,0,,0,0,0.8937,,57.773109,0.465858,13.457671,0,238,0,8,0.591895,1,0,0.953125,0.663507,0.029412,7,0,1,13,80,0,1,1,71,13
deterministic_only,49,207150313255873,judgment-ablation.deterministic_only.r049.s207150313255873,sha256:0c586e6ca1a872ebd81d4beb8f2f23f38d2f6d4d77728e0f48d56bec768e3bfe,sha256:2f4e88c94038617da488a8eb49ad7a6f4973211f9ed91d0f8fd2ff6267c719bb,80,max_ticks,,233,0.917012,221,41,3,0.033195,2,3,3,0,0,0.811211,0,,0,0,0.8917,,57.053942,0.465346,12.734003,0,241,0,8,0.513718,1,0,0.953125,0.660465,0.029046,7,0,1,12,80,0,1,1,73,12
deterministic_only,50,147549711035952,judgment-ablation.deterministic_only.r050.s147549711035952,sha256:ef874e367711d727186ef8125af015239799dc1716d47693f4306ab121365c78,sha256:cb28ebdf81c071b8f6afcdec644701d8e33fe108f90e996852fdae4abcf9c20b,80,max_ticks,,225,0.914163,213,41,3,0.034335,2,3,3,0,0,0.82701,0,,0,0,0.8898,,59.012876,0.46568,12.077007,0,233,0,8,0.585087,1,0,0.967742,0.681159,0.030043,7,0,1,12,80,0,1,1,66,12
deterministic_only,51,217859932877989,judgment-ablation.deterministic_only.r051.s217859932877989,sha256:186bda4aa84d6852c4925d1736785a0645dab430e0e8ef5b0c458d06db54ab49,sha256:4d17132a0930877ba79e0ee67e400d58c2e04dc2d7d7fcd1350e05756cd9efc0,80,max_ticks,,232,0.916667,220,41,3,0.033333,2,3,3,0,0,0.814266,0,,0,0,0.8897,,57.291667,0.465574,6.100487,0,240,0,8,0.569012,1,0,1,0.658879,0.029167,7,0,1,12,80,0,1,1,73,12
deterministic_only,52,20561522542192,judgment-ablation.deterministic_only.r052.s20561522542192,sha256:e3e31aa1c36dea9d3a76ae866fcd7d8279c85827d9424be92bb01fc6f9176082,sha256:07708f00278db7ceedd01793213afd32387ca67a41131f5c8e810105ef75f61e,80,max_ticks,,232,0.92437,220,45,0,0.02521,2,3,3,0,0,0.803059,0,,0,0,0.8943,,10.504202,0.462458,10.255262,0,238,0,6,0.599394,1,0,1,0.658879,0.004202,3,0,1,12,80,0,3,3,73,12
deterministic_only,53,113770858549658,judgment-ablation.deterministic_only.r053.s113770858549658,sha256:a9983baaa493f417baee079985de254b51d674f5b088e07bd0619129d51fc9cb,sha256:0c38d3bb9528edc9317f6b3d570502cceb2d74f1c125cebd3b44bde4b78e0509,80,max_ticks,,232,0.916667,220,41,3,0.033333,2,3,3,0,0,0.813237,0,,0,0,0.8927,,57.291667,0.466766,14.62329,0,240,0,8,0.531096,1,0,0.953125,0.658879,0.029167,7,0,1,12,80,0,1,1,73,12
deterministic_only,54,220480274519613,judgment-ablation.deterministic_only.r054.s220480274519613,sha256:01ba1bea406161a166bd3343fbc826bcfb5a1c4ec11fddd7309021693f12aec5,sha256:f62a6e316cee1f88d3f6d21a6bbd5483425e7aee4611c3c4275a17faaa27ca2c,80,max_ticks,,231,0.912134,218,41,3,0.033473,2,3,3,0,0,0.777959,0,,0,0,0.8978,,57.531381,0.465051,13.254424,0,239,0,8,0.569302,1,0,0.96875,0.665094,0.029289,7,0,1,13,80,0,1,1,71,13
deterministic_only,55,214070485627961,judgment-ablation.deterministic_only.r055.s214070485627961,sha256:e318f6f04a2db743fd9d60f36fff963611a36a072f1b5d2c93e6cdd5b7df9fc5,sha256:a25fbebb948ef6a56052f48e9f212d13bb72ef55e1a2246693fea436449f2a2c,80,max_ticks,,231,0.916318,219,41,3,0.033473,2,3,3,0,0,0.812932,0,,0,0,0.8933,,57.531381,0.465726,12.840358,0,239,0,8,0.569209,1,0,0.953125,0.661972,0.029289,7,0,1,12,80,0,1,1,72,12
deterministic_only,56,206892861191288,judgment-ablation.deterministic_only.r056.s206892861191288,sha256:c14fe5ee6a8e85a3e90423b8f4b175ee9590cab9de77f806f3edb522b2b875ed,sha256:3b8b15e90fc4c573aaf1797ea0393a63dc8f6d6865baa9e95ed9ea07d545cb6f,80,max_ticks,,217,0.883117,204,,0,0.060606,2,2,3,0,0,0.761074,0,,0,0,0.9044,,10.822511,0.47086,6.481151,0,231,0,14,0.575239,0.666667,0,0.928571,0.631313,0.004329,3,0,0.666667,13,80,0,11,11,73,13
deterministic_only,57,226314190322891,judgment-ablation.deterministic_only.r057.s226314190322891,sha256:e74d7566f7bec4d560f5e9460edc6bead4bc69f13c57e13d64405892dae9928b,sha256:aadd8de8676822346b6a77f100bd5ab579d272646f0fbd46ecddd4f11c720219,80,max_ticks,,229,0.915612,217,41,3,0.033755,2,3,3,0,0,0.814211,0,,0,0,0.8961,,58.016878,0.465364,12.039453,0,237,0,8,0.576411,1,0,0.96875,0.672986,0.029536,7,0,1,12,80,0,1,1,69,12
deterministic_only,58,15072225093037,judgment-ablation.deterministic_only.r058.s15072225093037,sha256:cb272c9596dbb06986518d5444d63c0e18793f7e2c85bc8067e3de226564fdaf,sha256:238a5ff28b6f83febaa9cb07a477df8c7be0d91a35f848742f72d0614a05899f,80,max_ticks,,233,0.912863,220,42,3,0.033195,2,3,3,0,0,0.770629,0,,0,0,0.8923,,57.053942,0.465289,13.365985,0,241,0,8,0.543753,1,0,0.953125,0.658879,0.029046,7,0,1,13,80,0,1,1,73,13
deterministic_only,59,25078129984675,judgment-ablation.deterministic_only.r059.s25078129984675,sha256:fda22f72e39cf6bf798a362f4bc0d76304ecc8db08ca5e5c63a439ce0c97a6eb,sha256:2ac7e4940bccc2d920c1ee9b937481054e5bdd56fd178b943b9f3da8d3c5371e,80,max_ticks,,232,0.916667,220,41,3,0.033333,2,3,3,0,0,0.813646,0,,0,0,0.8922,,57.291667,0.464729,12.164095,0,240,0,8,0.569963,1,0,0.953125,0.658879,0.029167,7,0,1,12,80,0,1,1,73,12
deterministic_only,60,218072431996409,judgment-ablation.deterministic_only.r060.s218072431996409,sha256:322d448545fd8cb54b006cf531d3e54fc23a77557d2867cb5b52c66fac9e53af,sha256:62183b404e567248f1b72b8989ce6c56d41f1aeea6b617f79463d72d1e4ecc45,80,max_ticks,,232,0.916667,220,41,3,0.033333,2,3,3,0,0,0.814762,0,,0,0,0.8943,,57.291667,0.46615,12.486451,0,240,0,8,0.586399,1,0,0.953125,0.658879,0.029167,7,0,1,12,80,0,1,1,73,12
deterministic_only,61,196385391895804,judgment-ablation.deterministic_only.r061.s196385391895804,sha256:d593364c66aba533687adbf88f4be90998a21583710e607c0e459c4e23f540c0,sha256:7ad2f0a5b4b3a7bd5c5e78c531ff217d6cccaae95f65372b6d4b83f5c716fa7b,80,max_ticks,,233,0.912863,220,41,3,0.033195,2,3,3,0,0,0.775376,0,,0,0,0.89,,57.053942,0.465032,12.998163,0,241,0,8,0.57398,1,0,0.96875,0.658879,0.029046,7,0,1,13,80,0,1,1,73,13
deterministic_only,62,138988755290196,judgment-ablation.deterministic_only.r062.s138988755290196,sha256:c8a2467b0c95829156676409a60b72ae48ea664c9ea8ffa515f79d0e951ed143,sha256:36b643c5a5fd4cd5d2138cee964077fdaae596134a013261de1efb2ca21d2af9,80,max_ticks,,232,0.916667,220,43,3,0.033333,2,3,3,0,0,0.804361,0,,0,0,0.8917,,57.291667,0.465288,14.292854,0,240,0,8,0.568384,1,0,0.921875,0.658879,0.029167,7,0,1,12,80,0,1,1,73,12
deterministic_only,63,103525539443737,judgment-ablation.deterministic_only.r063.s103525539443737,sha256:c5209828ec0ee53badb61488e66267d582d3e4349914843fa819c9b1941a6394,sha256:ba4a3bcba9ef0adf2092230c11819bfc4bb3b6b8f6af7c3179df22e8a1f6da1a,80,max_ticks,,215,0.910314,203,42,3,0.035874,2,3,3,0,0,0.800837,0,,0,0,0.8923,,61.659193,0.465306,12.910424,0,223,0,8,0.538028,1,0,1,0.725888,0.03139,7,0,1,12,80,0,1,1,54,12
deterministic_only,64,233653530300723,judgment-ablation.deterministic_only.r064.s233653530300723,sha256:5c1a3b38a5ee709cfd18b8deebc8f48dffb9dd6152039d1e83c079047706abe9,sha256:91c964761a1fbbb1139b75c39d17dca0f3bf5bb74b48a17e1d82ba2df08a03ba,80,max_ticks,,232,0.916667,220,41,3,0.033333,2,3,3,0,0,0.815745,0,,0,0,0.8895,,57.291667,0.465359,13.494468,0,240,0,8,0.539296,1,0,0.953125,0.658879,0.029167,7,0,1,12,80,0,1,1,73,12
deterministic_only,65,153377513910633,judgment-ablation.deterministic_only.r065.s153377513910633,sha256:d1d7a8fa09ce52119cebe217b606558c9459c19a094d55513869106f94ab458d,sha256:28ac8110fdc7c6b643df0124426c796b50006bd48c67b27e29ade0d18d118a55,80,max_ticks,,231,0.916318,219,41,3,0.033473,2,3,3,0,0,0.805687,0,,0,0,0.8919,,57.531381,0.465097,12.364845,0,239,0,8,0.585451,1,0,0.953125,0.666667,0.029289,7,0,1,12,80,0,1,1,71,12
deterministic_only,66,235066360775718,judgment-ablation.deterministic_only.r066.s235066360775718,sha256:12d4fa58ba2f3700982ed085bfb1420ef67f84a6f7b395f464b8a25c2a88953b,sha256:49b80524fabd0aeeb60a26cc81d7520fd2c70de13959f1f3ce26b541f60a4540,80,max_ticks,,233,0.917012,221,44,3,0.033195,2,3,3,0,0,0.796773,0,,0,0,0.895,,57.053942,0.466604,12.861767,0,241,0,8,0.585139,1,0,0.953125,0.660465,0.029046,7,0,1,12,80,0,1,1,73,12
deterministic_only,67,177579233675930,judgment-ablation.deterministic_only.r067.s177579233675930,sha256:8a3deb74a94902e3adf380524c44d0bba5b3b00313dca303f6c653f1c25d9d0b,sha256:8070538a8cb99c82f2419d686d27627c6a5a8588a3c99a1ed3cb196e85e2498d,80,max_ticks,,231,0.916318,219,43,3,0.033473,2,3,3,0,0,0.801513,0,,0,0,0.8906,,57.531381,0.465633,11.817616,0,239,0,8,0.549891,1,0,0.983871,0.666667,0.029289,7,0,1,12,80,0,1,1,71,12
deterministic_only,68,230843330437709,judgment-ablation.deterministic_only.r068.s230843330437709,sha256:2cdd3a39c288b226fbd9b1b7ddbbf8867e12c50bcd88f479ee3f613979a2f8e9,sha256:5e223615bc2ce4f476e3d44a8bdefa073481c6446a01493f0cf18cd8eb260bcd,80,max_ticks,,234,0.917355,222,42,3,0.033058,2,3,3,0,0,0.803541,0,,0,0,0.8923,,56.818182,0.465665,10.503091,0,242,0,8,0.558285,1,0,0.983871,0.662037,0.028926,7,0,1,12,80,0,1,1,73,12
deterministic_only,69,232234216461405,judgment-ablation.deterministic_only.r069.s232234216461405,sha256:da91cec1e465b99a0901be0a3bcd8669bfc801ffcd75a9c9896ddedb9d24bbbb,sha256:e5ee818ffcecee8f9d20e4430569c556dc071eb41c67d894a32ff25f33001416,80,max_ticks,,202,0.9,189,41,3,0.038095,2,3,3,0,0,0.772698,0,,0,0,0.8932,,65.47619,0.465841,12.902141,0,210,0,8,0.594835,1,0,0.958333,0.775956,0.033333,7,0,1,13,80,0,1,1,41,13
deterministic_only,70,62696922977182,judgment-ablation.deterministic_only.r070.s62696922977182,sha256:70d493a27727a2174656bcd84a5f55a1fd12c9d6b46d81c62b6ecb81562304e0,sha256:63735826f85b647659dfaa4af37ced60849df35ac324af0ec2320cd3c47424d3,80,max_ticks,,228,0.915254,216,41,3,0.033898,2,3,3,0,0,0.806169,0,,0,0,0.8923,,58.262712,0.465749,13.966995,0,236,0,8,0.569205,1,0,0.953125,0.671429,0.029661,7,0,1,12,80,0,1,1,69,12
deterministic_only,71,67832884458048,judgment-ablation.deterministic_only.r071.s67832884458048,sha256:37ecf9d5754450a70a9b9ee4a8a1b37133a0465ab34b60c1fb32f95f1f53c901,sha256:bdd190c8ce68ba8f6d6a83a9864a6984540d28e7340238ae27324d34dbe1e87b,80,max_ticks,,225,0.914163,213,41,3,0.034335,2,3,3,0,0,0.813954,0,,0,0,0.8905,,59.012876,0.465169,12.799208,0,233,0,8,0.537884,1,0,0.966667,0.68599,0.030043,7,0,1,12,80,0,1,1,65,12
deterministic_only,72,210104169807783,judgment-ablation.deterministic_only.r072.s210104169807783,sha256:27daca5ce889c365c4e96d1415e30e9bc995dabdebdb1cde6a0194bdf70f35bb,sha256:1ed4f4d0a31b4a0dfaebb26f68816eb25b7fb3224a0d0b240b78ce4c64ef87b1,80,max_ticks,,233,0.917012,221,41,3,0.033195,2,3,3,0,0,0.811455,0,,0,0,0.8935,,57.053942,0.465975,11.897595,0,241,0,8,0.571515,1,0,0.96875,0.660465,0.029046,7,0,1,12,80,0,1,1,73,12
deterministic_only,73,60126832853574,judgment-ablation.deterministic_only.r073.s60126832853574,sha256:d83e8d87959091abbdbcd7a17e2d9ff540c7895a9f409f10d0430293cc43ee25,sha256:689c209bfa57d81274342557f1973854736bb9ea4687382ad3c1b9d3c9742f6d,80,max_ticks,,233,0.912863,220,44,3,0.033195,2,3,3,0,0,0.746315,0,,0,0,0.8951,,57.053942,0.465959,11.00707,0,241,0,8,0.596396,1,0,0.983871,0.658879,0.029046,7,0,1,13,80,0,1,1,73,13
deterministic_only,74,103622912935547,judgment-ablation.deterministic_only.r074.s103622912935547,sha256:8079c96f988cbfcc242cb7d76e6145bff4ceed7f06a58546b4869909e33369fe,sha256:2384437e0bad0ae7fdc2e2225d223b465c31aa112b292e351ee87489b92416f5,80,max_ticks,,227,0.914894,215,41,3,0.034043,2,3,3,0,0,0.811413,0,,0,0,0.8894,,58.510638,0.465381,11.607343,0,235,0,8,0.560127,1,0,0.967742,0.679426,0.029787,7,0,1,12,80,0,1,1,67,12
deterministic_only,75,76689572249920,judgment-ablation.deterministic_only.r075.s76689572249920,sha256:c034251ad667566afc9eb482aa2f71dd3f4eed602bc3a92839e2a90107a3b1e3,sha256:5c295eb93caab1909b594122e8f35f03867704bcb367189a8b6da58139db2ee5,80,max_ticks,,229,0.911392,216,41,3,0.033755,2,3,3,0,0,0.778735,0,,0,0,0.8937,,58.016878,0.465865,13.210939,0,237,0,8,0.563949,1,0,0.953125,0.666667,0.029536,7,0,1,13,80,0,1,1,70,13
deterministic_only,76,22879149902528,judgment-ablation.deterministic_only.r076.s22879149902528,sha256:3d3f33855aba3e412fb1853eaf3a2a1a0d1b846706b36ab3a583428860eb8132,sha256:430f17d0bcbae4021bebf2adc26d30263eb091ddd9a94c092fd589663363cd5b,80,max_ticks,,232,0.916667,220,41,3,0.033333,2,3,3,0,0,0.81488,0,,0,0,0.8909,,56.25,0.466594,12.619273,0,240,0,8,0.590787,1,0,1,0.658879,0.029167,7,0,1,12,80,0,1,1,73,12
deterministic_only,77,45961626917818,judgment-ablation.deterministic_only.r077.s45961626917818,sha256:38ab13effecaca2b5cc133dd8a09023c8873e629ba3af579224c14a8018471b8,sha256:4be51cd6d2392e7f0fec5b247fadce8c87d9bcc939fae8455ccbca4e716f5d19,80,max_ticks,,233,0.917012,221,42,3,0.033195,2,3,3,0,0,0.809892,0,,0,0,0.8956,,57.053942,0.465876,9.575554,0,241,0,8,0.583613,1,0,1,0.660465,0.029046,7,0,1,12,80,0,1,1,73,12
deterministic_only,78,241433799777023,judgment-ablation.deterministic_only.r078.s241433799777023,sha256:4a3eb55f9e815a05a10967555148872712c751a88366b1799ae7c6df7341c503,sha256:515dfd55d4bf20e2441b4a3049b302dbb973eeab8c2bd6efd03b02fd833ab6f0,80,max_ticks,,232,0.916667,220,41,3,0.033333,2,3,3,0,0,0.814949,0,,0,0,0.8942,,57.291667,0.466011,13.238682,0,240,0,8,0.532955,1,0,0.953125,0.658879,0.029167,7,0,1,12,80,0,1,1,73,12
deterministic_only,79,127720686340246,judgment-ablation.deterministic_only.r079.s127720686340246,sha256:a63056349eed0f543fa91bc408ecd565de97fa31a1bf05bfc49612e1ff0fd460,sha256:2aa26f50a1034d9a195e3d2b28655dccb3d5fd18612ba193a2c022aea590ff7b,80,max_ticks,,232,0.916667,220,41,3,0.033333,2,3,3,0,0,0.815735,0,,0,0,0.8915,,57.291667,0.465591,10.371981,0,240,0,8,0.538389,1,0,0.983871,0.658879,0.029167,7,0,1,12,80,0,1,1,73,12
deterministic_only,80,263876294331893,judgment-ablation.deterministic_only.r080.s263876294331893,sha256:4b78a587cabef8f55600312fa24d49596e4a7a5a0cedbae646b5090fb9bc9319,sha256:1b023663181ac53feba3893c32bad673bafe419412aec00ee20bd3825a9381ef,80,max_ticks,,228,0.915254,216,41,3,0.033898,2,3,3,0,0,0.808563,0,,0,0,0.8943,,58.262712,0.466146,13.86732,0,236,0,8,0.534184,1,0,1,0.67619,0.029661,7,0,1,12,80,0,1,1,68,12
deterministic_only,81,237707675484309,judgment-ablation.deterministic_only.r081.s237707675484309,sha256:0a6de31c25b0ee8ade2f8edd199fb88dde4c15e983d7d928a045130429a1efb0,sha256:445a5b1f8d04c1c526860eba914ee8cf29efab875fc4c867fc98f82780286e07,80,max_ticks,,230,0.915966,218,42,3,0.033613,2,3,3,0,0,0.803326,0,,0,0,0.8929,,57.773109,0.46592,12.260777,0,238,0,8,0.60528,1,0,0.967742,0.665094,0.029412,7,0,1,12,80,0,1,1,71,12
deterministic_only,82,134107475702514,judgment-ablation.deterministic_only.r082.s134107475702514,sha256:87f392882397bdb5d151bfa94f8f19cc29e15f559d2e88cd22a75a35836dff1a,sha256:5be5dc975a18e1d895c5594fefdccf7c52e75e3e64c0e0102f4039e9157e9fc8,80,max_ticks,,229,0.915612,217,41,3,0.033755,2,3,3,0,0,0.802621,0,,0,0,0.8944,,56.962025,0.466016,10.245959,0,237,0,8,0.567052,1,0,1,0.672986,0.029536,7,0,1,12,80,0,1,1,69,12
deterministic_only,83,117836874297179,judgment-ablation.deterministic_only.r083.s117836874297179,sha256:451a41e45cdd75a2b6cca16964e2245642465e6c95fdd3cbe2f9c12fe67cf1bd,sha256:2ac2d46ebef98d5c9cbd0b48accf77bd25d1d7eb7c544ef9866652681844a415,80,max_ticks,,232,0.920168,219,44,0,0.02521,2,3,3,0,0,0.768975,0,,0,0,0.8921,,10.504202,0.463169,6.169873,0,238,0,6,0.586361,1,0,1,0.657277,0.004202,3,0,1,13,80,0,3,3,73,13
deterministic_only,84,215789779638886,judgment-ablation.deterministic_only.r084.s215789779638886,sha256:e0ad02b16dbf0e13a6aac9f0116d66bb7b715b395ee26a730b4a012bf38f42fc,sha256:f6cf73ad6b1560701fc1710ebdce50a20f3389568178d2c561c0fa39443499e9,80,max_ticks,,228,0.911017,215,44,3,0.033898,2,3,3,0,0,0.756851,0,,0,0,0.8978,,58.262712,0.465342,13.388415,0,236,0,8,0.59677,1,0,0.951613,0.674641,0.029661,7,0,1,13,80,0,1,1,68,13
deterministic_only,85,68235735981533,judgment-ablation.deterministic_only.r085.s68235735981533,sha256:840b421ac0a3e7f3a10e916dabb06654c36fa23ad481b8a3784556ff73b44419,sha256:dbfc311c2eab51d14f9470fc4dc24e20bb2fc2b45fa916042575012e64f0eb15,80,max_ticks,,188,0.897959,176,41,3,0.040816,2,3,3,0,0,0.874268,0,,0,0,0.8887,,70.153061,0.464665,12.594773,0,196,0,8,0.603912,1,0,0.9375,0.835294,0.035714,7,0,1,12,80,0,1,1,28,12
deterministic_only,86,255076023939080,judgment-ablation.deterministic_only.r086.s255076023939080,sha256:f51dd0b540570a167aa33a1f32a525a99927f958e649fceac1c0d52f6435da23,sha256:5d150c2c74cae556e7afdf72c8cce0af49610efbf06b502267b64dd1572cc1bf,80,max_ticks,,163,0.883041,151,41,3,0.046784,2,3,3,0,0,0.893694,0,,0,0,0.8934,,80.409357,0.465951,12.49872,0,171,0,8,0.635345,1,0,0.958333,0.97931,0.040936,7,0,1,12,80,0,1,1,3,12
deterministic_only,87,26146706299082,judgment-ablation.deterministic_only.r087.s26146706299082,sha256:549293fd1c78a77a21d5aaa1e1eab9b3654d8ef7a9e36bc61995772bf36cc2a3,sha256:297fe577841b0a76bf17d4e3725b4830827024727e5187a2fa9674e91463080a,80,max_ticks,,215,0.882096,202,,0,0.061135,2,2,3,0,0,0.753516,0,,0,0,0.9065,,10.917031,0.471746,6.300487,0,229,0,14,0.552241,0.666667,0,0.961538,0.637755,0.004367,3,0,0.666667,13,80,0,11,11,71,13
deterministic_only,88,106324969497314,judgment-ablation.deterministic_only.r088.s106324969497314,sha256:36aa57d4ca54286ea11deec287a7ff3f9914ccafb89eeb4e6dcac9b7d37437d0,sha256:e5485bd8d68dfebb543d5fab068575cea503d88b1001bd88ef6cfcb969ca4672,80,max_ticks,,231,0.916318,219,41,3,0.033473,2,3,3,0,0,0.813967,0,,0,0,0.8954,,57.531381,0.46663,11.649029,0,239,0,8,0.57141,1,0,0.953125,0.661972,0.029289,7,0,1,12,80,0,1,1,72,12
deterministic_only,89,226057765130466,judgment-ablation.deterministic_only.r089.s226057765130466,sha256:7e16ac800123a5668e0c76eda8e71410c229bd5ffea201bf53adf1a7d7c4729c,sha256:d92deb1ac53f3234520bccd0cf70562a9b6466b95a296293ebd2adf09065adde,80,max_ticks,,232,0.916667,220,44,3,0.033333,2,3,3,0,0,0.797232,0,,0,0,0.8938,,57.291667,0.466316,12.926365,0,240,0,8,0.569901,1,0,0.953125,0.658879,0.029167,7,0,1,12,80,0,1,1,73,12
deterministic_only,90,252296002518790,judgment-ablation.deterministic_only.r090.s252296002518790,sha256:54054f5c850bbcf9d030131ac5ceb0b7824506808c5aa36819d86df4d4c8b1b9,sha256:cc419393f7f7d919ed9fabe88c1325243570450b1bcdd8144080d2401016afe8,80,max_ticks,,232,0.916667,220,41,3,0.033333,2,3,3,0,0,0.81493,0,,0,0,0.8893,,57.291667,0.46541,13.280986,0,240,0,8,0.54691,1,0,0.953125,0.658879,0.029167,7,0,1,12,80,0,1,1,73,12
deterministic_only,91,6593257485107,judgment-ablation.deterministic_only.r091.s6593257485107,sha256:3a389b9316dc3bafcf9181c1615a91e65526849fedfdb503d33f31d8b04ebd9e,sha256:c0b68d350f7d6dac895b00d5f8b7cadd7892e7cbfb73b11bca7416fbf8e099ac,80,max_ticks,,229,0.915612,217,40,3,0.033755,2,3,3,0,0,0.815021,0,,0,0,0.8926,,58.016878,0.465943,12.628572,0,237,0,8,0.534932,1,0,0.983333,0.668246,0.029536,7,0,1,12,80,0,1,1,70,12
deterministic_only,92,107733111813570,judgment-ablation.deterministic_only.r092.s107733111813570,sha256:ea3dd98c42d2efc35002a60e09cb40213914a52b40580a500b7160d14bc01fc8,sha256:54aa3789635d1c6432389bcbfbbca183ff13f237dff263cb38294cf1dfd3b54d,80,max_ticks,,225,0.909871,212,41,3,0.034335,2,3,3,0,0,0.77739,0,,0,0,0.8936,,59.012876,0.466047,13.12931,0,233,0,8,0.568549,1,0,0.967742,0.679612,0.030043,7,0,1,13,80,0,1,1,66,13
deterministic_only,93,72272906642654,judgment-ablation.deterministic_only.r093.s72272906642654,sha256:71faaae959d99d601c169b129154cc46ab9b104fe0d6ceaf3a185953edd6588e,sha256:6f50c2e0c649a33106c79f800aee8d05f6f17cf09603c2e0f90d6dd334837a29,80,max_ticks,,231,0.916318,219,41,3,0.033473,2,3,3,0,0,0.813339,0,,0,0,0.8974,,57.531381,0.466911,12.882679,0,239,0,8,0.571871,1,0,0.953125,0.661972,0.029289,7,0,1,12,80,0,1,1,72,12
deterministic_only,94,4034074678193,judgment-ablation.deterministic_only.r094.s4034074678193,sha256:4e0fbb12f0665e9c92899203c74c4d101cd1f00282e64a948e70f3035388ca9f,sha256:4ee183984b1208633fa70db34648d4c05902a9b1e5a8f20964622e72199fbb29,80,max_ticks,,232,0.916667,220,47,3,0.033333,2,3,3,0,0,0.762479,0,,0,0,0.8929,,57.291667,0.465644,13.863438,0,240,0,8,0.553558,1,0,0.859375,0.658879,0.029167,7,0,1,12,80,0,1,1,73,12
deterministic_only,95,160006209284117,judgment-ablation.deterministic_only.r095.s160006209284117,sha256:123c6dcc923ec0e4b9e050e134971322e910873f1894d6e49251e4fb4b3b139e,sha256:5b19114a29b891aaa480230c31136669b0fdf1343a6ad3710186ac81e116793c,80,max_ticks,,231,0.916318,219,41,3,0.033473,2,3,3,0,0,0.81601,0,,0,0,0.8928,,57.531381,0.466266,12.106267,0,239,0,8,0.600009,1,0,0.953125,0.661972,0.029289,7,0,1,12,80,0,1,1,72,12
deterministic_only,96,124596252208084,judgment-ablation.deterministic_only.r096.s124596252208084,sha256:b366d7608907b51b55849a381f8b06ea3d2a6d7a09e3e46f40cf719732dcc9c1,sha256:e68889385db7ec322b32af47acc535a13a88f2cc29abc3c230735824013a437f,80,max_ticks,,232,0.916667,220,42,3,0.033333,2,3,3,0,0,0.813266,0,,0,0,0.8914,,56.25,0.464705,9.94545,0,240,0,8,0.54622,1,0,1,0.663551,0.029167,7,0,1,12,80,0,1,1,72,12
deterministic_only,97,108176812626590,judgment-ablation.deterministic_only.r097.s108176812626590,sha256:c98d24efca228a64741e29bca934bce85486b54ace35145b1301a7485fdd5eab,sha256:ba0379c812327adb67c262f79830b04f8d9510709903f0e8d13143cbdd894392,80,max_ticks,,232,0.9125,219,42,3,0.033333,2,3,3,0,0,0.771198,0,,0,0,0.8961,,57.291667,0.465334,11.616963,0,240,0,8,0.575637,1,0,0.953125,0.657277,0.029167,7,0,1,13,80,0,1,1,73,13
deterministic_only,98,51788843314953,judgment-ablation.deterministic_only.r098.s51788843314953,sha256:9385fa8e14767248560e7be091ff894cdf118a11ae623284c2ef6240b483de5e,sha256:921361c0a94344b795b94ad57d3e82384d90a9a468b36e25b74722f1405685bb,80,max_ticks,,230,0.911765,217,42,3,0.033613,2,3,3,0,0,0.793874,0,,0,0,0.8957,,57.773109,0.465783,12.463958,0,238,0,8,0.588356,1,0,0.953125,0.668246,0.029412,7,0,1,13,80,0,1,1,70,13
deterministic_only,99,265824573729829,judgment-ablation.deterministic_only.r099.s265824573729829,sha256:90e0868e8c7c9722644982ab9a8ca561578103483ff39ea1ae41fe51cef5974a,sha256:c843948cdda69a8b93abc020813506e3a6f379171b7ad28a572fc0cb2d5ea754,80,max_ticks,,224,0.913793,212,42,3,0.034483,2,3,3,0,0,0.813071,0,,0,0,0.8904,,59.267241,0.465845,12.212292,0,232,0,8,0.599723,1,0,0.890625,0.684466,0.030172,7,0,1,12,80,0,1,1,65,12
mock_judgment,0,57527341304683,judgment-ablation.mock_judgment.r000.s57527341304683,sha256:62777fc8f3d65225b27165d7d974abb76451f0eefeb109ab571df8fafad185b6,sha256:39f3fb54bf55c8461095b417dc21dc5f1b471bf6ebda897181099bf0607daca1,80,max_ticks,,230,0.903361,215,41,0,0.033613,2,3,3,2,4,0.762205,230,0.017391,4,0,0.915,0,46.218487,0.474855,13.786206,0,238,0,8,0.579056,1,0,1,0.671429,0.021008,7,0,1,13,80,0,1,1,69,15
mock_judgment,1,99278038155453,judgment-ablation.mock_judgment.r001.s99278038155453,sha256:053142009258a9aa3a8f828e20a6a802becce06fa99a15d4a1ea64c125e8108c,sha256:251e01a4992f53265456f0de4c9558455274388ecc42bf6ec9fe70b1687e0270,80,max_ticks,,233,0.904564,218,41,0,0.033195,2,3,3,2,4,0.767145,233,0.017167,4,0,0.9085,0,45.643154,0.47393,12.785327,0,241,0,8,0.547539,1,0,1,0.657277,0.020747,7,0,1,13,80,0,1,1,73,15
mock_judgment,2,256815052586320,judgment-ablation.mock_judgment.r002.s256815052586320,sha256:930bea9550cc97b49ff457b6eb77d7783283b5b458865a352c9147fbf6626474,sha256:3bb2a35f3b09c16f43b304e51b41fc756c1a71fa1816488df972921495ab9ee3,80,max_ticks,,229,0.902954,214,41,0,0.033755,2,3,3,2,4,0.749066,229,0.017467,4,0,0.909,0,46.413502,0.474471,8.329243,0,237,0,8,0.555148,1,0,1,0.669856,0.021097,7,0,1,13,80,0,1,1,69,15
mock_judgment,3,54666758928369,judgment-ablation.mock_judgment.r003.s54666758928369,sha256:2e5fcaaf5adde48a945c448e8bd0188fc1044c6128b637a9fd52a47c42bfd3b4,sha256:d3405c87aea95d8a78d04ae903f54bf229c7bcb1e83aaeaa8cb05b182a906f61,80,max_ticks,,219,0.898678,204,41,0,0.035242,2,3,3,2,4,0.75993,219,0.018265,4,0,0.9143,0,48.45815,0.473916,12.819171,0,227,0,8,0.590612,1,0,1,0.703518,0.022026,7,0,1,13,80,0,1,1,59,15
mock_judgment,4,265295863012748,judgment-ablation.mock_judgment.r004.s265295863012748,sha256:db6988f0708f37d02ce0618a6d92570b18906c6553be5f0c8d653338883cfa16,sha256:55a90ddb2916bfe7048bb9865fec83a2d4cc6085b7758fc7808a993c4b4975d0,80,max_ticks,,229,0.902954,214,41,0,0.033755,2,3,3,2,4,0.761139,229,0.017467,4,0,0.9121,0,46.413502,0.475351,11.525135,0,237,0,8,0.535068,1,0,1,0.669856,0.021097,7,0,1,13,80,0,1,1,69,15
mock_judgment,5,165917763013172,judgment-ablation.mock_judgment.r005.s165917763013172,sha256:3d54ac785300e04b380cb51fcb7e9354669d640653470d9cb9894d0cf9cda2f1,sha256:2b501ab45449a0414028db896e4bab68d2c5df73ac9249a8b2a92bb80dce2ace,80,max_ticks,,231,0.903766,216,43,0,0.033473,2,3,3,2,4,0.744285,231,0.017316,4,0,0.9138,0,46.025105,0.474676,13.124082,0,239,0,8,0.566075,1,0,1,0.668246,0.020921,7,0,1,13,80,0,1,1,70,15
mock_judgment,6,252736664674552,judgment-ablation.mock_judgment.r006.s252736664674552,sha256:ad507d6a3bd0c2407249832f1ef1fcbe153605e3ce965f48337f833680b529da,sha256:e6653b65d63c12e68e0268e802a7f362ea01d3c96064bc4cdd1bd943ccc95f43,80,max_ticks,,233,0.904564,218,41,0,0.033195,2,3,3,2,4,0.766273,233,0.017167,4,0,0.911,0,45.643154,0.474483,14.045943,0,241,0,8,0.541458,1,0,1,0.657277,0.020747,7,0,1,13,80,0,1,1,73,15
mock_judgment,7,43001839530755,judgment-ablation.mock_judgment.r007.s43001839530755,sha256:9c0107a59e14676af87325d34df1450539fe77949ffedaa3550e20c9a9e26bd3,sha256:d50ed07ffa096bc4aba786a0c06eac73ba71abc2e643593936903a693366a965,80,max_ticks,,234,0.904959,219,41,0,0.033058,2,3,3,2,4,0.763414,234,0.017094,4,0,0.9115,0,45.454545,0.474497,13.124847,0,242,0,8,0.585579,1,0,1,0.658879,0.020661,7,0,1,13,80,0,1,1,73,15
mock_judgment,8,221957817213145,judgment-ablation.mock_judgment.r008.s221957817213145,sha256:829bd16c8948d9b0a8c1dfd741394e142816612862d81f31e9964ffeb4cc2559,sha256:dc0b75eab7a830345c945e7c31b995bbc9e6b98dc6812a2330b0488e03026022,80,max_ticks,,232,0.904167,217,41,0,0.033333,2,3,3,2,4,0.76666,232,0.017241,4,0,0.9071,0,45.833333,0.474701,12.759665,0,240,0,8,0.583195,1,0,0.984375,0.660377,0.020833,7,0,1,13,80,0,1,1,72,15
mock_judgment,9,151369659976869,judgment-ablation.mock_judgment.r009.s151369659976869,sha256:a9ae6363960fb9d3644b52df92ecf4027db7653b03399bd4c217690e30f4bbe0,sha256:072ec86860763d4eeff2fd4f831615a14c7dbaabda7d762c8ef7bba5b2f02d83,80,max_ticks,,233,0.904959,219,64,0,0.03719,2,3,3,2,3,0.802876,233,0.012876,3,0,0.9296,0,10.330579,0.473488,5.997492,0,242,0,9,0.540279,1,0,0.928571,0.658879,0.004132,3,0,1,13,80,0,6,6,73,14
mock_judgment,10,42750273790937,judgment-ablation.mock_judgment.r010.s42750273790937,sha256:54702f00190521e30e8bf8e7d8ae43fbb7b4a0ccf79088feadff10e90ebd0d5a,sha256:b8182ac7027dc53e51cba5d01a5725308b625e3ee81e5e4083861328e7dc6c81,80,max_ticks,,232,0.904167,217,41,0,0.033333,2,3,3,2,4,0.767619,232,0.017241,4,0,0.9143,0,45.833333,0.474872,13.686195,0,240,0,8,0.571707,1,0,1,0.660377,0.020833,7,0,1,13,80,0,1,1,72,15
mock_judgment,11,265000021645429,judgment-ablation.mock_judgment.r011.s265000021645429,sha256:9734b59d19e5b7f59e4418f3c5cca719286686cc97461e863ff83987765f3c79,sha256:017b4be5748dd9b6bf44bb810deedf0255fa9b189dfda91bd465514925f35c86,80,max_ticks,,230,0.907563,216,41,0,0.033613,2,3,3,2,4,0.805044,230,0.017391,4,0,0.9092,0,46.218487,0.474076,12.410532,0,238,0,8,0.577901,1,0,1,0.677725,0.021008,7,0,1,12,80,0,1,1,68,14
mock_judgment,12,105765016728113,judgment-ablation.mock_judgment.r012.s105765016728113,sha256:e31549f0b8ae43aa19b1e61edfff4075838b8048ca423fc52dd8d1ececdbc650,sha256:99ad668c5f597cb2e0e0cc9cb89b9b2e28e95004ee93092a26ced77a0224af83,80,max_ticks,,233,0.904564,218,41,0,0.033195,2,3,3,2,4,0.766957,233,0.017167,4,0,0.9124,0,45.643154,0.476365,12.292995,0,241,0,8,0.579596,1,0,1,0.657277,0.020747,7,0,1,13,80,0,1,1,73,15
mock_judgment,13,87362427631443,judgment-ablation.mock_judgment.r013.s87362427631443,sha256:0b1b526314246bc92cafd29a3b1f166de2963f695234e456f137cf52b785408e,sha256:edd51c231fabdc5a6bdfacba4cf7aca04736c6dbfe6d9e82a787dff0967a7f09,80,max_ticks,,232,0.904167,217,41,0,0.033333,2,3,3,2,4,0.768093,232,0.017241,4,0,0.9098,0,45.833333,0.474738,12.387724,0,240,0,8,0.542441,1,0,1,0.660377,0.020833,7,0,1,13,80,0,1,1,72,15
mock_judgment,14,267385964521992,judgment-ablation.mock_judgment.r014.s267385964521992,sha256:9697671b347d2437fa3c9fcfc1e9be696827b35f02ddf83d8dfd62ef8c6f367b,sha256:2efdabdb25e417014ae8cd50644b2bfc382e7e6cf5e9c6791cf4f675954030fb,80,max_ticks,,230,0.903361,215,41,0,0.033613,2,3,3,2,4,0.759596,230,0.017391,4,0,0.9098,0,45.168067,0.474696,13.04765,0,238,0,8,0.611722,1,0,1,0.666667,0.021008,7,0,1,13,80,0,1,1,70,15
mock_judgment,15,50338251191256,judgment-ablation.mock_judgment.r015.s50338251191256,sha256:2f61fc50056c9e978451d8b9b1805f84b4099c8ae8c1c298536ec8a1d7e0d48c,sha256:df6edd224cce65b17ea7734bd47bd88b53b2c8ad9aee7cd2ef8f2f11b63ccb73,80,max_ticks,,231,0.903766,216,41,0,0.033473,2,3,3,2,4,0.765898,231,0.017316,4,0,0.9104,0,46.025105,0.474006,14.383423,0,239,0,8,0.583371,1,0,1,0.663507,0.020921,7,0,1,13,80,0,1,1,71,15
mock_judgment,16,174028374442274,judgment-ablation.mock_judgment.r016.s174028374442274,sha256:f594d4ae095a1b2d1e2306e0c96e47cc237babf1c2be8bfefb42ff75c4143a91,sha256:81d9cc0c83c49fe3f9d415b26774304e111c3d26f7b634d0db8127b7de535e69,80,max_ticks,,227,0.902128,212,41,0,0.034043,2,3,3,2,4,0.768358,227,0.017621,4,0,0.9129,0,46.808511,0.474476,13.786432,0,235,0,8,0.565876,1,0,0.953125,0.676329,0.021277,7,0,1,13,80,0,1,1,67,15
mock_judgment,17,262349356812342,judgment-ablation.mock_judgment.r017.s262349356812342,sha256:5c2fc403d5bc1d3338d60b192bd630151710908a50a4bf61236609c05263b58e,sha256:be1c6882e03005d60d06c72f09311c428376d7542f379302f97bd3afbcee7ddc,80,max_ticks,,218,0.87931,204,,0,0.060345,2,2,3,2,3,0.75103,218,0.013761,3,0,0.9248,0,10.775862,0.478443,5.907696,0,232,1.5,14,0.554659,0.666667,0,0.910714,0.633166,0.00431,3,0,0.666667,13,80,0,11,11,73,14
mock_judgment,18,85578585668014,judgment-ablation.mock_judgment.r018.s85578585668014,sha256:475ad9cc935eac149fab509e9fc817256928cdf255a1851f411cb1bab6f8e1cf,sha256:16ed658b5980ee7711da34d916d320a7748c2256af1c25b189374ef7fd0739d2,80,max_ticks,,230,0.903361,215,43,0,0.033613,2,3,3,2,4,0.753552,230,0.017391,4,0,0.9121,0,46.218487,0.474994,13.275492,0,238,0,8,0.570112,1,0,0.96875,0.671429,0.021008,7,0,1,13,80,0,1,1,69,15
mock_judgment,19,107018321236797,judgment-ablation.mock_judgment.r019.s107018321236797,sha256:bef7ac925b5368d679b00319b4f7107028d0e89ef5ad6de60082b1913f5aac45,sha256:802789f94f491345a43dd047d2e7081c222170632a41d26dcdc289fe44b7d9ac,80,max_ticks,,227,0.902128,212,41,0,0.034043,2,3,3,2,4,0.769175,227,0.017621,4,0,0.9088,0,46.808511,0.473747,13.522577,0,235,0,8,0.553524,1,0,1,0.676329,0.021277,7,0,1,13,80,0,1,1,67,15
mock_judgment,20,5701907027736,judgment-ablation.mock_judgment.r020.s5701907027736,sha256:5aaa228de464bbb1b6327b4e1720b5dd06e1dd65eddc1aaae1386486e734f6c5,sha256:dbff8507db25ac46bf884964a95ddc0317d9b49138ede9a8c598c8de134b6825,80,max_ticks,,232,0.904167,217,41,0,0.033333,2,3,3,2,4,0.760346,232,0.017241,4,0,0.9117,0,45.833333,0.474365,14.875633,0,240,0,8,0.563262,1,0,1,0.665094,0.020833,7,0,1,13,80,0,1,1,71,15
mock_judgment,21,51186872990512,judgment-ablation.mock_judgment.r021.s51186872990512,sha256:5ebb91eab3a7409d0e32ab742895a68baccaca3015db51d101095857bac4b828,sha256:a7208290478af5d824e04ab912b85e74c5c1741bae6f8261e40ecc12d4962eae,80,max_ticks,,231,0.90795,217,41,0,0.033473,2,3,3,2,4,0.801801,231,0.017316,4,0,0.9127,0,46.025105,0.474334,13.163042,0,239,0,8,0.546357,1,0,1,0.665094,0.020921,7,0,1,12,80,0,1,1,71,14
mock_judgment,22,188948363392988,judgment-ablation.mock_judgment.r022.s188948363392988,sha256:e01ee0761099c923c2d7fdda0d4f5816bc59272036edb156a42b0070a979f969,sha256:78452bc41c1a180b52664e17b0e753caec51cc43787a1b3101a90e7edab9f576,80,max_ticks,,163,0.871345,149,41,0,0.046784,2,3,3,2,4,0.889978,163,0.02454,4,0,0.9105,0,64.327485,0.474557,13.407952,0,171,0,8,0.622179,1,0,1,0.979167,0.02924,7,0,1,12,80,0,1,1,3,14
mock_judgment,23,119597358959743,judgment-ablation.mock_judgment.r023.s119597358959743,sha256:1e088c3f54430ddef40f6bf2a68329bd3974924fc470de95853481217efa16c2,sha256:b9ba8aa271bdebb16275caac2ffedc2268368e381f95ae25cd2768a2cc1a635b,80,max_ticks,,230,0.903361,215,41,0,0.033613,2,3,3,2,4,0.766289,230,0.017391,4,0,0.9121,0,46.218487,0.473769,12.923165,0,238,0,8,0.571021,1,0,0.983871,0.666667,0.021008,7,0,1,13,80,0,1,1,70,15
mock_judgment,24,63259633888481,judgment-ablation.mock_judgment.r024.s63259633888481,sha256:3da7fdd44845e28dc4f27c88fe9e6a8125014ec1d77f9df0ce16514734ed0523,sha256:78ced7e2180461e33bb60a80c4b17547325eb895cf670bd3b3f6dd6c46a80a56,80,max_ticks,,228,0.902542,213,41,0,0.033898,2,3,3,2,4,0.761258,228,0.017544,4,0,0.9117,0,46.610169,0.475753,12.422272,0,236,0,8,0.56897,1,0,1,0.673077,0.021186,7,0,1,13,80,0,1,1,68,15
mock_judgment,25,220976159642645,judgment-ablation.mock_judgment.r025.s220976159642645,sha256:6182979fc183b8e1d3ef830e18d45e6771e62f5e8c087ac723140a43e5393761,sha256:9b090073639240a04be22eadd3072d0f3e3aa8ba778f1e691abfb09042887192,80,max_ticks,,235,0.90535,220,41,0,0.032922,2,3,3,2,4,0.760683,235,0.017021,4,0,0.9092,0,45.26749,0.474051,12.506352,0,243,0,8,0.564233,1,0,1,0.660465,0.020576,7,0,1,13,80,0,1,1,73,15
mock_judgment,26,267351106039472,judgment-ablation.mock_judgment.r026.s267351106039472,sha256:d6296b82c5714c4699fc1cc7ff01eda31042559ad32e6bcf08b8081b77dd19a9,sha256:037807af1ad98589f7c700c6014fdc90b349af30bd357d8df45df6892033d70f,80,max_ticks,,227,0.902128,212,41,0,0.034043,2,3,3,2,4,0.759058,227,0.017621,4,0,0.9107,0,46.808511,0.474486,13.718977,0,235,0,8,0.55483,1,0,1,0.681159,0.021277,7,0,1,13,80,0,1,1,66,15
mock_judgment,27,79356475614569,judgment-ablation.mock_judgment.r027.s79356475614569,sha256:5112d4f49f4a7c6de7306ec11f7df3b5397e9b8ace3dcfbd44e1c5d4c12fc8f9,sha256:5e154024f0150ee3452c3589c815fd550ada5c44666dcead978625619acfbe45,80,max_ticks,,229,0.902954,214,41,0,0.033755,2,3,3,2,4,0.759408,229,0.017467,4,0,0.9119,0,46.413502,0.47548,14.306532,0,237,0,8,0.585693,1,0,1,0.674641,0.021097,7,0,1,13,80,0,1,1,68,15
mock_judgment,28,182423689935324,judgment-ablation.mock_judgment.r028.s182423689935324,sha256:bb3725454d6ac7865e79fe453fb44400d0788258f62b3ce4e2154f78f9651380,sha256:218af1a539a76eacc056f7e008c6ba2a40c46db4646d9724b0893c568ce95de9,80,max_ticks,,232,0.904167,217,42,0,0.033333,2,3,3,2,4,0.762059,232,0.017241,4,0,0.9113,0,45.833333,0.47462,12.518273,0,240,0,8,0.537815,1,0,0.984375,0.660377,0.020833,7,0,1,13,80,0,1,1,72,15
mock_judgment,29,111109937806271,judgment-ablation.mock_judgment.r029.s111109937806271,sha256:2fcc609fa025908803dddb4ba61cd837368c6333db1f6c42f6f6fb20aa69cd41,sha256:54caea91ea9a84a7d959f8e1744c8b9bf1c1975f8005aa8faa6f6425850bd4a4,80,max_ticks,,232,0.908333,218,42,0,0.033333,2,3,3,2,4,0.800364,232,0.017241,4,0,0.9125,0,45.833333,0.474782,13.402101,0,240,0,8,0.55977,1,0,1,0.666667,0.020833,7,0,1,12,80,0,1,1,71,14
mock_judgment,30,130394613034230,judgment-ablation.mock_judgment.r030.s130394613034230,sha256:72ebc8014e7a9d1fbb5810e412b8e7f775e21b9e3d88d1f2db39c3d887a51e6f,sha256:470496f620d7c780424e129ed28d5c4b834298a3dbbffb7922c5143858967013,80,max_ticks,,231,0.903766,216,41,0,0.033473,2,3,3,2,4,0.767813,231,0.017316,4,0,0.9099,0,46.025105,0.474596,7.016416,0,239,0,8,0.569061,1,0,1,0.663507,0.020921,7,0,1,13,80,0,1,1,71,15
mock_judgment,31,269769521741202,judgment-ablation.mock_judgment.r031.s269769521741202,sha256:4a0ddaa5bd729c8bdae0ac087f6bd5e2e9063856b540c02f0c35444827b76bbb,sha256:f594f30f7fa59d123d962e0b30e40303100740176a9667a0121ff2e5281b982d,80,max_ticks,,231,0.90795,217,41,0,0.033473,2,3,3,2,4,0.797829,231,0.017316,4,0,0.9095,0,46.025105,0.47317,12.345574,0,239,0,8,0.550495,1,0,1,0.669811,0.020921,7,0,1,12,80,0,1,1,70,14
mock_judgment,32,211127800505858,judgment-ablation.mock_judgment.r032.s211127800505858,sha256:1ce408995ff72e9cc48e578faf3d1eb994db58d3c9b276adaa7731e115e20cf9,sha256:c4cd3d4072110c8c50d066b37cc9f79d994363e3925f042d90558bb0650f4385,80,max_ticks,,225,0.901288,210,41,0,0.034335,2,3,3,2,4,0.769165,225,0.017778,4,0,0.9102,0,47.2103,0.474545,14.254537,0,233,0,8,0.546687,1,0,1,0.682927,0.021459,7,0,1,13,80,0,1,1,65,15
mock_judgment,33,159151711187285,judgment-ablation.mock_judgment.r033.s159151711187285,sha256:4465d0799a38739725fe35cb24d8e433cb981f2b5ec56937c9fca2daefb6f0bf,sha256:25122f2ef9d959e6ee273196043d69bd0f6481ccfb9b07e37b241d145b43dd87,80,max_ticks,,233,0.904564,218,42,0,0.033195,2,3,3,2,4,0.757643,233,0.017167,4,0,0.9106,0,45.643154,0.475825,13.305284,0,241,0,8,0.573522,1,0,1,0.657277,0.020747,7,0,1,13,80,0,1,1,73,15
mock_judgment,34,273916131716412,judgment-ablation.mock_judgment.r034.s273916131716412,sha256:886cbd09b1fb688a418d55ce0a01194585d07549684f4deff8491ec54a5125e5,sha256:750a7c4aa57edff59d012b9ed41b57fbf8c55e8546130d2e6aa4791f34335082,80,max_ticks,,234,0.904959,219,41,0,0.033058,2,3,3,2,4,0.761348,234,0.017094,4,0,0.9111,0,45.454545,0.474424,12.893157,0,242,0,8,0.533772,1,0,1,0.658879,0.020661,7,0,1,13,80,0,1,1,73,15
mock_judgment,35,65323758223108,judgment-ablation.mock_judgment.r035.s65323758223108,sha256:47518249fc119374deadc907085d4f2f4a2d0ac106bd16ce9310794a408a6452,sha256:9c6e9c65cb954e4a64edbe1b60c0edc0a5df493112f302e6ac43ed65086a5f2c,80,max_ticks,,234,0.904959,219,42,0,0.033058,2,3,3,2,4,0.754365,234,0.017094,4,0,0.909,0,45.454545,0.474484,10.882506,0,242,0,8,0.562046,1,0,1,0.658879,0.020661,7,0,1,13,80,0,1,1,73,15
mock_judgment,36,24508646137620,judgment-ablation.mock_judgment.r036.s24508646137620,sha256:fc2e9ee2b197e336133752d52bb481f1d2a05f8cef1ff322a6dc790134270c80,sha256:9e64588d7fb278c6f145950474f420e63db75461d404177c3c3a6824db2b78d6,80,max_ticks,,233,0.908714,219,42,0,0.033195,2,3,3,2,4,0.797918,233,0.017167,4,0,0.9072,0,45.643154,0.473455,11.258734,0,241,0,8,0.562839,1,0,1,0.658879,0.020747,7,0,1,12,80,0,1,1,73,14
mock_judgment,37,247798458636041,judgment-ablation.mock_judgment.r037.s247798458636041,sha256:8b6de3fe334a0ace2f4a0cbb77d31ab8af026c3f819f9b023562917f0a4f44ee,sha256:51e3883c40331885283aae3995febd2d748f213662e5e5de66d850bcbfb36440,80,max_ticks,,233,0.904564,218,41,0,0.033195,2,3,3,2,4,0.767604,233,0.017167,4,0,0.9117,0,45.643154,0.474714,11.9143,0,241,0,8,0.586719,1,0,1,0.661972,0.020747,7,0,1,13,80,0,1,1,72,15
mock_judgment,38,237331592044072,judgment-ablation.mock_judgment.r038.s237331592044072,sha256:5ebdf2df0322f3b1417cc39ea99812df6bfa2b2fed29023f9d94ee65cfdc8e73,sha256:df92e3d8e73a0a01f047647b95f24cdf64bad25e09f9ff4d9358b9c79a004b21,80,max_ticks,,232,0.908333,218,41,0,0.033333,2,3,3,2,4,0.796922,232,0.017241,4,0,0.909,0,45.833333,0.473037,12.658839,0,240,0,8,0.581068,1,0,1,0.661972,0.020833,7,0,1,12,80,0,1,1,72,14
mock_judgment,39,130211102639073,judgment-ablation.mock_judgment.r039.s130211102639073,sha256:ea11c5753fd703812555eee2fa7cc5627f570ae338fdba64654ec148b2c5c3a1,sha256:a032db49264cf65502d852940fabba917eb9351f1a9885e3548c9b4f36cfe9a9,80,max_ticks,,233,0.904564,218,41,0,0.033195,2,3,3,2,4,0.766127,233,0.017167,4,0,0.9153,0,45.643154,0.475058,12.951464,0,241,0,8,0.590807,1,0,1,0.657277,0.020747,7,0,1,13,80,0,1,1,73,15
mock_judgment,40,206363982526286,judgment-ablation.mock_judgment.r040.s206363982526286,sha256:7032d5134f40bf96c4b590cf834a6825399f1e3803af169bd10818d2463efae0,sha256:26892fdecb0b994a2ca74804b2aa82738dae0c5508fc9efd34bfd9e8915f55c5,80,max_ticks,,231,0.90795,217,41,0,0.033473,2,3,3,2,4,0.793733,231,0.017316,4,0,0.9148,0,46.025105,0.473979,12.76025,0,239,0,8,0.520762,1,0,1,0.665094,0.020921,7,0,1,12,80,0,1,1,71,14
mock_judgment,41,163461166554860,judgment-ablation.mock_judgment.r041.s163461166554860,sha256:02d5cb62f8d9c38c83e29e35810add19b720f9b8ca8af8156cbc9e9930d250dc,sha256:df62d12ebcfdcd82d09051d9601d534b37d235c116e0675862f83d473c4e0fd2,80,max_ticks,,230,0.903361,215,43,0,0.033613,2,3,3,2,4,0.742075,230,0.017391,4,0,0.9142,0,46.218487,0.475273,12.794073,0,238,0,8,0.594565,1,0,1,0.666667,0.021008,7,0,1,13,80,0,1,1,70,15
mock_judgment,42,6348294522231,judgment-ablation.mock_judgment.r042.s6348294522231,sha256:2648b89644a534e4a89db8b87b9bb0631bcfca6ce91cc835a00d4be225d74066,sha256:aa5f01fc19a7e6dade0470fc06cda5bd6317c5863c53a249502495df4d5f36d5,80,max_ticks,,231,0.903766,216,44,0,0.033473,2,3,3,2,4,0.725297,231,0.017316,4,0,0.9078,0,46.025105,0.473235,13.246802,0,239,0,8,0.58693,1,0,1,0.668246,0.020921,7,0,1,13,80,0,1,1,70,15
mock_judgment,43,25119152934151,judgment-ablation.mock_judgment.r043.s25119152934151,sha256:8af8f148574eb118b06d36bfe11dd4b64ac9be0432a9e6d023183d93b391628e,sha256:06762ee5b1214ef0d769ccd7438389e2ce7a0e3c12c80220e4ed90a5d6055a1d,80,max_ticks,,233,0.904564,218,41,0,0.033195,2,3,3,2,4,0.768131,233,0.017167,4,0,0.9095,0,45.643154,0.47513,12.679764,0,241,0,8,0.570515,1,0,1,0.657277,0.020747,7,0,1,13,80,0,1,1,73,15
mock_judgment,44,261866152976538,judgment-ablation.mock_judgment.r044.s261866152976538,sha256:3a3aa9d4952bbd2bdb5c9421c277943ead55b76fa7dc9b233b15a1f46265d84e,sha256:f3b57bd0eaff5f11ca2f3bf034c27d0b938d90120d4a0c60ce1f7653ac29aef9,80,max_ticks,,232,0.904564,218,63,0,0.037344,2,3,3,2,3,0.792904,232,0.012931,3,0,0.925,0,10.373444,0.47439,5.256029,0,241,0,9,0.52849,1,0,0.928571,0.657277,0.004149,3,0,1,13,80,0,6,6,73,14
mock_judgment,45,260525559251538,judgment-ablation.mock_judgment.r045.s260525559251538,sha256:7bab850702e846d4047cf232bce2b098d2e0c89409e9ad52bc9525280c227b24,sha256:d341f261ce1f3cba77279980107d60186e3ad68d36199369865c77008b379d05,80,max_ticks,,234,0.904959,219,41,0,0.033058,2,3,3,2,4,0.751977,234,0.017094,4,0,0.9132,0,45.454545,0.474261,9.058269,0,242,0,8,0.580828,1,0,1,0.658879,0.020661,7,0,1,13,80,0,1,1,73,15
mock_judgment,46,233461212355422,judgment-ablation.mock_judgment.r046.s233461212355422,sha256:889821f594923a033895dad92d35a6fbb266a3e382dc814950f3e7a195a02720,sha256:29bafbcf6842ddc8d723b887335a023ef70bd8776afee3c1903327d26da823be,80,max_ticks,,228,0.902542,213,43,0,0.033898,2,3,3,2,4,0.752735,228,0.017544,4,0,0.9098,0,46.610169,0.474769,14.613442,0,236,0,8,0.555177,1,0,1,0.677885,0.021186,7,0,1,13,80,0,1,1,67,15
mock_judgment,47,12438102688673,judgment-ablation.mock_judgment.r047.s12438102688673,sha256:c5b0775a95ab3cf864c5de1287e3fbeb884d35a0aa3533844e355003be6ae894,sha256:b19e622f116d319d4f167c01ec1c0664625f6f2a05584e766e9d561e77e33c43,80,max_ticks,,230,0.903361,215,42,0,0.033613,2,3,3,2,4,0.745565,230,0.017391,4,0,0.914,0,46.218487,0.474804,13.287504,0,238,0,8,0.595109,1,0,1,0.671429,0.021008,7,0,1,13,80,0,1,1,69,15
mock_judgment,48,171927412137762,judgment-ablation.mock_judgment.r048.s171927412137762,sha256:c7f901f46b0f4f95e39fa825c1b26b919f92324ff8d1597d907dda84c29a1c99,sha256:58a4b11e051710eba3ff2bd175ba597b069bc076a8010fb9ffb8f7c8d51fa031,80,max_ticks,,231,0.903766,216,41,0,0.033473,2,3,3,2,4,0.768894,231,0.017316,4,0,0.912,0,46.025105,0.474852,13.457671,0,239,0,8,0.576352,1,0,1,0.663507,0.020921,7,0,1,13,80,0,1,1,71,15
mock_judgment,49,207150313255873,judgment-ablation.mock_judgment.r049.s207150313255873,sha256:8b04c47a5b8a74290ddf7fcc949a429b38f786c118e759d47f943fb33e4fbe19,sha256:4762967e337c04002528854adf6bbc5e320f5dab6897da558bc7c41bbc520e48,80,max_ticks,,234,0.904959,219,41,0,0.033058,2,3,3,2,4,0.762202,234,0.017094,4,0,0.9061,0,45.454545,0.47433,12.734003,0,242,0,8,0.528132,1,0,1,0.658879,0.020661,7,0,1,13,80,0,1,1,73,15
mock_judgment,50,147549711035952,judgment-ablation.mock_judgment.r050.s147549711035952,sha256:07898493943603bdf1eb29e06f6d1b59446eca524bf203f4dd6cb66e50773126,sha256:d100564af46540b49d19f4dd1d3267394315f24e98759b854b914f3eb0cad58f,80,max_ticks,,226,0.901709,211,41,0,0.034188,2,3,3,2,4,0.779506,226,0.017699,4,0,0.912,0,47.008547,0.474671,12.077007,0,234,0,8,0.569863,1,0,1,0.679612,0.021368,7,0,1,13,80,0,1,1,66,15
mock_judgment,51,217859932877989,judgment-ablation.mock_judgment.r051.s217859932877989,sha256:23c2db814668fa732881ead14b41f4602b70583b605bdc417234c69cf2a79daf,sha256:7cdfd144e976f1d0d47dcd35248a43fc29076fa2bd2dda31fb23a0a1efb2b0d5,80,max_ticks,,233,0.904564,218,41,0,0.033195,2,3,3,2,4,0.767863,233,0.017167,4,0,0.9105,0,45.643154,0.47457,6.100487,0,241,0,8,0.574494,1,0,1,0.657277,0.020747,7,0,1,13,80,0,1,1,73,15
mock_judgment,52,20561522542192,judgment-ablation.mock_judgment.r052.s20561522542192,sha256:eedca0021a95cfd1f2d50aff4cb34e1926981b735e12e996f3f153990e176d5a,sha256:abf4b6800968c49ed2013c9cd15dce6b5b472852453a6dd69242de306c28cfd6,80,max_ticks,,232,0.920168,219,45,0,0.02521,2,3,3,2,3,0.797501,232,0.012931,3,0,0.9102,0,10.504202,0.469203,10.255262,0,238,0,6,0.590941,1,0,1,0.658879,0.004202,3,0,1,12,80,0,3,3,73,13
mock_judgment,53,113770858549658,judgment-ablation.mock_judgment.r053.s113770858549658,sha256:789a5af64530b26beace5f9a39c852ece7279175e151bf42da6f0543b9740418,sha256:d48d4ed898a6267d27ecbd5f20f8a171ea56be63758630de3b11b09c4a9b41bd,80,max_ticks,,233,0.904564,218,41,0,0.033195,2,3,3,2,4,0.76532,233,0.017167,4,0,0.9142,0,45.643154,0.475753,14.62329,0,241,0,8,0.533779,1,0,1,0.657277,0.020747,7,0,1,13,80,0,1,1,73,15
mock_judgment,54,220480274519613,judgment-ablation.mock_judgment.r054.s220480274519613,sha256:02bcdc5d67e7e80c17f39493d1e568225adc103f91dcada3d531ce52284e61fc,sha256:0637f95ecd71b3f12cbe63d60981f499a0fcb4c3472e9cba231cf926b20896a5,80,max_ticks,,232,0.904167,217,41,0,0.033333,2,3,3,2,4,0.769551,232,0.017241,4,0,0.9101,0,45.833333,0.474049,13.254424,0,240,0,8,0.551653,1,0,1,0.665094,0.020833,7,0,1,13,80,0,1,1,71,15
mock_judgment,55,214070485627961,judgment-ablation.mock_judgment.r055.s214070485627961,sha256:96617f5912a4a79dd2442f881e559466977996289b7aece2e895f98fdf92d2b9,sha256:6350f357ff5c8b3b98b05c8a9e5f29bc870d99406492bd39539b07b6483d4a46,80,max_ticks,,232,0.908333,218,41,0,0.033333,2,3,3,2,4,0.78551,232,0.017241,4,0,0.9083,0,45.833333,0.474716,12.840358,0,240,0,8,0.561808,1,0,1,0.661972,0.020833,7,0,1,12,80,0,1,1,72,14
mock_judgment,56,206892861191288,judgment-ablation.mock_judgment.r056.s206892861191288,sha256:d0132e88489ba070bef5cb2b3c4babfcd6fd32913b9bdf138d12f6786d0aa1e5,sha256:7a7bd27229876034bfb4d2b44a8bfa0c949812c5fe7938243320337749e0f86b,80,max_ticks,,217,0.878788,203,,0,0.060606,2,2,3,2,3,0.763692,217,0.013825,3,0,0.9242,0,10.822511,0.477609,6.481151,0,231,0,14,0.560318,0.666667,0,0.928571,0.631313,0.004329,3,0,0.666667,13,80,0,11,11,73,14
mock_judgment,57,226314190322891,judgment-ablation.mock_judgment.r057.s226314190322891,sha256:ffb3791d88ce7cd313cccd6b0cbe36adc3120bae3a08170112e5f84b7935b974,sha256:3180c89651bff80cfba94b8bba87d1d3b87b319a914cfb049efee590d0062903,80,max_ticks,,230,0.903361,215,41,0,0.033613,2,3,3,2,4,0.767411,230,0.017391,4,0,0.9055,0,46.218487,0.47436,12.039453,0,238,0,8,0.549609,1,0,1,0.671429,0.021008,7,0,1,13,80,0,1,1,69,15
mock_judgment,58,15072225093037,judgment-ablation.mock_judgment.r058.s15072225093037,sha256:3608b449a18589a6bdb34cdd112e465dabdb59cd7a216021b26d87740a8f0186,sha256:017afa023dcf9279605b94986e41b0789459d9b95a85f428c6c2c7661647dfdc,80,max_ticks,,234,0.904959,219,42,0,0.033058,2,3,3,2,4,0.762352,234,0.017094,4,0,0.9144,0,45.454545,0.474279,13.365985,0,242,0,8,0.531281,1,0,1,0.658879,0.020661,7,0,1,13,80,0,1,1,73,15
mock_judgment,59,25078129984675,judgment-ablation.mock_judgment.r059.s25078129984675,sha256:0162d0719b386c2031652da802d7b7845d05df330e2a818f84e55d019ab0dda9,sha256:2335bc1b57e2b1310a2b92865d459212429835904f76549b0fe8ada40b1c5c4a,80,max_ticks,,233,0.908714,219,41,0,0.033195,2,3,3,2,4,0.799703,233,0.017167,4,0,0.9075,0,45.643154,0.473721,12.164095,0,241,0,8,0.552302,1,0,1,0.658879,0.020747,7,0,1,12,80,0,1,1,73,14
mock_judgment,60,218072431996409,judgment-ablation.mock_judgment.r060.s218072431996409,sha256:5a36494d22c459d4a539166f24d9fe43a1e34b25bfbe0782ed73709da501a3ca,sha256:ebe07fafd95708c979269fb1e574d143a67de60ee19eac6dd1b9ccc0da094dfa,80,max_ticks,,233,0.904564,218,41,0,0.033195,2,3,3,2,4,0.767891,233,0.017167,4,0,0.9111,0,45.643154,0.475142,12.486451,0,241,0,8,0.579719,1,0,1,0.657277,0.020747,7,0,1,13,80,0,1,1,73,15
mock_judgment,61,196385391895804,judgment-ablation.mock_judgment.r061.s196385391895804,sha256:e8ed213d99efa9305bb68d7bb6c4d4d00e98e776627677c033cb9d85eeafa50c,sha256:c9eeb19134377205b7b6a236c98287ec51551767babdb569c32c083057ed0d85,80,max_ticks,,234,0.904959,219,41,0,0.033058,2,3,3,2,4,0.766954,234,0.017094,4,0,0.9069,0,45.454545,0.474029,12.998163,0,242,0,8,0.554095,1,0,1,0.658879,0.020661,7,0,1,13,80,0,1,1,73,15
mock_judgment,62,138988755290196,judgment-ablation.mock_judgment.r062.s138988755290196,sha256:459da9f6e7533c14224007c19d147e9bf20b4f0001ba169d844d3afa6910eda4,sha256:b1421089603f88bd8c4803953973bd5e9ec06813fcaa0bdef9a194b594eba76e,80,max_ticks,,233,0.908714,219,43,0,0.033195,2,3,3,2,4,0.790197,233,0.017167,4,0,0.9141,0,45.643154,0.47429,14.292854,0,241,0,8,0.557472,1,0,0.96875,0.658879,0.020747,7,0,1,12,80,0,1,1,73,14
mock_judgment,63,103525539443737,judgment-ablation.mock_judgment.r063.s103525539443737,sha256:342d451b090941d931d28213c27923508a52080d12e043256bca4804dd11997c,sha256:c08f3dc00baa5f0fb805c5597113d3f36508128d58d6cabadb3800d16ab9579d,80,max_ticks,,216,0.901786,202,42,0,0.035714,2,3,3,2,4,0.792321,216,0.018519,4,0,0.9107,0,49.107143,0.474289,12.910424,0,224,0,8,0.526861,1,0,1,0.725888,0.022321,7,0,1,12,80,0,1,1,54,14
mock_judgment,64,233653530300723,judgment-ablation.mock_judgment.r064.s233653530300723,sha256:e5fad5ad28484b974d27b6f4e1317f2c6e9ba48e63d304600aa8736151e9d4ca,sha256:2308d41e9d5fdca78b545f971a2a8cf6dcac61e1f911afe604e0e72b0563fe8e,80,max_ticks,,233,0.904564,218,41,0,0.033195,2,3,3,2,4,0.768096,233,0.017167,4,0,0.9087,0,45.643154,0.474336,13.494468,0,241,0,8,0.546153,1,0,1,0.657277,0.020747,7,0,1,13,80,0,1,1,73,15
mock_judgment,65,153377513910633,judgment-ablation.mock_judgment.r065.s153377513910633,sha256:eddd626ad3d37410fba5b88be2bfcb03054a9e87a228c6968bc7870b509845db,sha256:4d5a097db738cf919d6ca26197634ffdd0996b5bc5289c1da89692012d02703c,80,max_ticks,,232,0.904167,217,41,0,0.033333,2,3,3,2,4,0.759453,232,0.017241,4,0,0.9099,0,45.833333,0.474085,12.364845,0,240,0,8,0.585128,1,0,1,0.665094,0.020833,7,0,1,13,80,0,1,1,71,15
mock_judgment,66,235066360775718,judgment-ablation.mock_judgment.r066.s235066360775718,sha256:a6496e2ce701636366d8887593edef8beb787666b91bcb05a0a7b2ab92d4bbbd,sha256:efe7fc89977a65b5c668f248b97bebd4ba05e035673d7ec446cf672e36d9bfbc,80,max_ticks,,234,0.904959,219,44,0,0.033058,2,3,3,2,4,0.743262,234,0.017094,4,0,0.9172,0,45.454545,0.475597,12.861767,0,242,0,8,0.582254,1,0,1,0.658879,0.020661,7,0,1,13,80,0,1,1,73,15
mock_judgment,67,177579233675930,judgment-ablation.mock_judgment.r067.s177579233675930,sha256:a48411893fc3ee937b2f96212c3c333bdefb491c8ff22103e0b2aed015a9c967,sha256:79ab71830361ff7d3ae5ffc37668fb627fce12286da5aaf3c5eec5a9879fc36a,80,max_ticks,,232,0.904167,217,43,0,0.033333,2,3,3,2,4,0.743338,232,0.017241,4,0,0.9084,0,45.833333,0.474609,11.817616,0,240,0,8,0.515137,1,0,1,0.665094,0.020833,7,0,1,13,80,0,1,1,71,15
mock_judgment,68,230843330437709,judgment-ablation.mock_judgment.r068.s230843330437709,sha256:894bd72c3442a7ff0740b381c92d401c3746d9c51fd3048344bda7fa33df8cfe,sha256:063673153a852e8543b9b73026e64c94783f29479ba824bbac5353e710ba78ea,80,max_ticks,,235,0.909465,221,42,0,0.032922,2,3,3,2,4,0.787031,235,0.017021,4,0,0.9116,0,45.26749,0.474661,10.503091,0,243,0,8,0.553966,1,0,1,0.662037,0.020576,7,0,1,12,80,0,1,1,73,14
mock_judgment,69,232234216461405,judgment-ablation.mock_judgment.r069.s232234216461405,sha256:021271246f4f6cc528fcf921f08aea8dcd5210439a42a19987922594825d0428,sha256:30b055ca26ea585f18b623467ff06853996ddabaf0763a80f0d80767397928e5,80,max_ticks,,203,0.890995,188,41,0,0.037915,2,3,3,2,4,0.770297,203,0.019704,4,0,0.9133,0,52.132701,0.474823,12.902141,0,211,0,8,0.58707,1,0,1,0.775956,0.023697,7,0,1,13,80,0,1,1,41,15
mock_judgment,70,62696922977182,judgment-ablation.mock_judgment.r070.s62696922977182,sha256:72bbb9032e5c6d11175f676496e870936e0bbc117d12c4803422b07bfc2c83b5,sha256:1e938771fab703fb5a7df69e4f7f10a119d21a2e27dd0f2a2beee585052784e0,80,max_ticks,,229,0.902954,214,41,0,0.033755,2,3,3,2,4,0.762022,229,0.017467,4,0,0.9125,0,46.413502,0.47472,13.966995,0,237,0,8,0.584315,1,0,1,0.669856,0.021097,7,0,1,13,80,0,1,1,69,15
mock_judgment,71,67832884458048,judgment-ablation.mock_judgment.r071.s67832884458048,sha256:e87a0348f1f9c7f3483392495f90ad6ed9a294ba36848f3792ef5f9e9d9e651f,sha256:ffc7da2f8af7e650299ffb188b4a2f5858c02780ca5fa4dc92244ef919fcc999,80,max_ticks,,226,0.905983,212,41,0,0.034188,2,3,3,2,4,0.79308,226,0.017699,4,0,0.9139,0,47.008547,0.474173,12.799208,0,234,0,8,0.526818,1,0,0.983333,0.68599,0.021368,7,0,1,12,80,0,1,1,65,14
mock_judgment,72,210104169807783,judgment-ablation.mock_judgment.r072.s210104169807783,sha256:a553a57af0644a54ba8f9754d83c73629a0284cd62129eeb785d007911e9744b,sha256:236b45bd3c802f09390ee06083dfe9943c21ff43d3ab2cca39fe50b7aee0447d,80,max_ticks,,234,0.904959,219,41,0,0.033058,2,3,3,2,4,0.764559,234,0.017094,4,0,0.9109,0,45.454545,0.474984,11.897595,0,242,0,8,0.544614,1,0,1,0.658879,0.020661,7,0,1,13,80,0,1,1,73,15
mock_judgment,73,60126832853574,judgment-ablation.mock_judgment.r073.s60126832853574,sha256:55791040d1779154598f1bbfe8fe73deb31270e79d8ca79819f1654579df4df8,sha256:c7aa17099b77cb2edcd722709e84e42c892920316bc2047b7428f61ec31e1ee5,80,max_ticks,,234,0.904959,219,44,0,0.033058,2,3,3,2,4,0.733675,234,0.017094,4,0,0.9126,0,45.454545,0.474945,11.00707,0,242,0,8,0.579667,1,0,1,0.658879,0.020661,7,0,1,13,80,0,1,1,73,15
mock_judgment,74,103622912935547,judgment-ablation.mock_judgment.r074.s103622912935547,sha256:b493316c1a751649bed479440e9c324b3d744e59286a522b95c3026ae2a122f5,sha256:e17f02733e45ed0c9b837877d42ddc2eac58139553c81ff1b617e5081bf98839,80,max_ticks,,228,0.90678,214,41,0,0.033898,2,3,3,2,4,0.797323,228,0.017544,4,0,0.9117,0,46.610169,0.474375,11.607343,0,236,0,8,0.54487,1,0,1,0.679426,0.021186,7,0,1,12,80,0,1,1,67,14
mock_judgment,75,76689572249920,judgment-ablation.mock_judgment.r075.s76689572249920,sha256:81e590ae564d59d16f05825938d6f44a3d922f0fd6b3813705bcf87f7ccecb0f,sha256:86094e02068792148b84370835b9a5c3956977a51347bbf5e31a4c57702c782c,80,max_ticks,,230,0.903361,215,41,0,0.033613,2,3,3,2,4,0.769283,230,0.017391,4,0,0.9113,0,46.218487,0.47485,13.210939,0,238,0,8,0.558639,1,0,1,0.666667,0.021008,7,0,1,13,80,0,1,1,70,15
mock_judgment,76,22879149902528,judgment-ablation.mock_judgment.r076.s22879149902528,sha256:4882b6091812395ce848e88e0d1b3cf251439812ff864f8cd7c0bc48715be47c,sha256:2690ffa7c6ad9d420b9248d640cddf96b0ddbefb9847a8134cc5da773506b183,80,max_ticks,,233,0.908714,219,41,0,0.033195,2,3,3,2,4,0.801391,233,0.017167,4,0,0.914,0,44.605809,0.475605,12.619273,0,241,0,8,0.588929,1,0,1,0.658879,0.020747,7,0,1,12,80,0,1,1,73,14
mock_judgment,77,45961626917818,judgment-ablation.mock_judgment.r077.s45961626917818,sha256:6a9c1954d2d609c1dedff9315a38f14223fd38a6c481b0540c1a1a9790f2a296,sha256:4b04e9df896273133d86d8a16a8a003576cc06c3990020eda4b86cc4874f1976,80,max_ticks,,234,0.904959,219,42,0,0.033058,2,3,3,2,4,0.761263,234,0.017094,4,0,0.9107,0,45.454545,0.47486,9.575554,0,242,0,8,0.587298,1,0,1,0.658879,0.020661,7,0,1,13,80,0,1,1,73,15
mock_judgment,78,241433799777023,judgment-ablation.mock_judgment.r078.s241433799777023,sha256:02231c99b3f14aa1be91e4a0c7e0042d5cba40c6555d6c3a11b69c3e75e2ddfb,sha256:e77fbd93c225246e90f669fc24d4a9372ddf09e3bce033295c1b9de2d3312686,80,max_ticks,,233,0.904564,218,41,0,0.033195,2,3,3,2,4,0.767811,233,0.017167,4,0,0.9141,0,45.643154,0.475015,13.238682,0,241,0,8,0.543327,1,0,1,0.657277,0.020747,7,0,1,13,80,0,1,1,73,15
mock_judgment,79,127720686340246,judgment-ablation.mock_judgment.r079.s127720686340246,sha256:786e157fa1ad58abe268fa5b0fe3fec9a91066c282a6840111f3773cb03d8d48,sha256:495e98e21fe6cf24371b7e442b483cdf77f2563c9e4573a2e0564d2fac446ba8,80,max_ticks,,234,0.904959,219,41,0,0.033058,2,3,3,2,4,0.768575,234,0.017094,4,0,0.9085,0,45.454545,0.474581,10.371981,0,242,0,8,0.525043,1,0,1,0.658879,0.020661,7,0,1,13,80,0,1,1,73,15
mock_judgment,80,263876294331893,judgment-ablation.mock_judgment.r080.s263876294331893,sha256:308b10ea7cc1721a392b5b672f1d504ca961252e713a60d93e31d582479fa738,sha256:d5e987c29846218938a8676e0bacae45d946553e756a6c935ac0b56271e51bf6,80,max_ticks,,229,0.902954,214,41,0,0.033755,2,3,3,2,4,0.758081,229,0.017467,4,0,0.9119,0,46.413502,0.475131,13.86732,0,237,0,8,0.532007,1,0,1,0.674641,0.021097,7,0,1,13,80,0,1,1,68,15
mock_judgment,81,237707675484309,judgment-ablation.mock_judgment.r081.s237707675484309,sha256:e12520673a7703fcc68c91bf1c4b6b4d5259e8074787dbc0bc9e424907a780e8,sha256:58fc4d353ab0d36dc5c0fba117d1d9b426a98bdeef7e043d193a055b966fdfd5,80,max_ticks,,231,0.903766,216,42,0,0.033473,2,3,3,2,4,0.75166,231,0.017316,4,0,0.913,0,46.025105,0.474891,12.260777,0,239,0,8,0.583669,1,0,1,0.663507,0.020921,7,0,1,13,80,0,1,1,71,15
mock_judgment,82,134107475702514,judgment-ablation.mock_judgment.r082.s134107475702514,sha256:a33557663586422b55fabdb83a844548d188bb3add742c2d819821b02bc7ae38,sha256:498facb2a45a8d7e4f29949bc5a372bd340fc38a780adb29d9d40106102d5f29,80,max_ticks,,231,0.903766,216,41,0,0.033473,2,3,3,2,4,0.749963,231,0.017316,4,0,0.9126,0,44.979079,0.475002,10.245959,0,239,0,8,0.581344,1,0,1,0.672986,0.020921,7,0,1,13,80,0,1,1,69,15
mock_judgment,83,117836874297179,judgment-ablation.mock_judgment.r083.s117836874297179,sha256:1ebdac6f5dadef4c76d7c0ebbd4772058e6d3eca0baef072d6667fe50a00b3ef,sha256:5476e481003db0b20e54d0140c165e46316bd7b40c5ec7d28184416088afac07,80,max_ticks,,232,0.915966,218,44,0,0.02521,2,3,3,2,3,0.768086,232,0.012931,3,0,0.9085,0,10.504202,0.469924,6.169873,0,238,0,6,0.580183,1,0,1,0.657277,0.004202,3,0,1,13,80,0,3,3,73,14
mock_judgment,84,215789779638886,judgment-ablation.mock_judgment.r084.s215789779638886,sha256:718fecfc7af99a4765047438761bc75898d689f83d2d5cf8b028bc1b00539c74,sha256:86520c8a6aaa69ceae936fe080da729710cb0a1122fea75befc2a5028a1e8ba6,80,max_ticks,,229,0.902954,214,44,0,0.033755,2,3,3,2,4,0.750369,229,0.017467,4,0,0.9128,0,46.413502,0.474321,13.388415,0,237,0,8,0.606745,1,0,1,0.674641,0.021097,7,0,1,13,80,0,1,1,68,15
mock_judgment,85,68235735981533,judgment-ablation.mock_judgment.r085.s68235735981533,sha256:abdf9a94912e1a457e3825b3b89ffe322572c09c6019524b8e1dd3d777c2d503,sha256:45bacdf0f6246d6bbff7eb275b75ace98f42ed20ed49de8b4b3c35b0088f5f51,80,max_ticks,,189,0.888325,175,41,0,0.040609,2,3,3,2,4,0.874685,189,0.021164,4,0,0.9134,0,55.837563,0.47365,12.594773,0,197,0,8,0.600818,1,0,1,0.835294,0.025381,7,0,1,12,80,0,1,1,28,14
mock_judgment,86,255076023939080,judgment-ablation.mock_judgment.r086.s255076023939080,sha256:c91f82d7c8d3318705822f041274aa145f799841f8fab85bc2d89338066c20cf,sha256:5e4721fe83258350cb747cf4cb242116da2449cf87cb34b5d6944a458fd85569,80,max_ticks,,164,0.866279,149,41,0,0.046512,2,3,3,2,4,0.882727,164,0.02439,4,0,0.9104,0,63.953488,0.474955,12.49872,0,172,0,8,0.624193,1,0,1,0.979167,0.02907,7,0,1,13,80,0,1,1,3,15
mock_judgment,87,26146706299082,judgment-ablation.mock_judgment.r087.s26146706299082,sha256:f79c4eecba1474c4156eb8e8e0ddbb7b6107c5d90350736000c642b308ef9043,sha256:be19b3212404b7cdca333b4649a7aa51d77031cbec60668d8ca4169fe3cd2bc4,80,max_ticks,,215,0.877729,201,,0,0.061135,2,2,3,2,3,0.755332,215,0.013953,3,0,0.9263,0,10.917031,0.478496,6.300487,0,229,0,14,0.539232,0.666667,0,0.961538,0.637755,0.004367,3,0,0.666667,13,80,0,11,11,71,14
mock_judgment,88,106324969497314,judgment-ablation.mock_judgment.r088.s106324969497314,sha256:102c003a78f6dff2fddbae2cea328f9a5f7f38c6027919bb37c0a8060d3bad3a,sha256:6d8589b73d21af18f6253f5b7b5a473cad722d454f37d5671469cc637dadad43,80,max_ticks,,232,0.904167,217,41,0,0.033333,2,3,3,2,4,0.754971,232,0.017241,4,0,0.9121,0,45.833333,0.475633,11.649029,0,240,0,8,0.574193,1,0,1,0.660377,0.020833,7,0,1,13,80,0,1,1,72,15
mock_judgment,89,226057765130466,judgment-ablation.mock_judgment.r089.s226057765130466,sha256:df60c920e17fc3428f24aa1ec065d35f8d1968e216301c59b20b2e5244a37f88,sha256:b88678d691a0eb377b26ccf4d3d420f7cea99857fa74f15f84d33eb7bbc5afad,80,max_ticks,,233,0.904564,218,44,0,0.033195,2,3,3,2,4,0.743296,233,0.017167,4,0,0.9142,0,45.643154,0.475316,12.926365,0,241,0,8,0.57608,1,0,1,0.657277,0.020747,7,0,1,13,80,0,1,1,73,15
mock_judgment,90,252296002518790,judgment-ablation.mock_judgment.r090.s252296002518790,sha256:894df6a4a7921b68e5eb8e360be6d10022559289480f289652ee37a43bfcd757,sha256:978dc98106a756500cff97d283f4cb098a65551a917948d935c0fb8f7d2733aa,80,max_ticks,,233,0.908714,219,41,0,0.033195,2,3,3,2,4,0.801581,233,0.017167,4,0,0.9116,0,45.643154,0.474405,13.280986,0,241,0,8,0.550303,1,0,1,0.658879,0.020747,7,0,1,12,80,0,1,1,73,14
mock_judgment,91,6593257485107,judgment-ablation.mock_judgment.r091.s6593257485107,sha256:b8c6b3b3592c8ef3624d3f7d2137cf312a2f9585d4e3c0b2503e39b307426423,sha256:fb5daff2a88cb0595596b846f55616c4c725b5f4c1d0a244f381b2f5b3eb6b76,80,max_ticks,,230,0.907563,216,40,0,0.033613,2,3,3,2,4,0.801202,230,0.017391,4,0,0.9109,0,46.218487,0.474936,12.628572,0,238,0,8,0.539646,1,0,1,0.668246,0.021008,7,0,1,12,80,0,1,1,70,14
mock_judgment,92,107733111813570,judgment-ablation.mock_judgment.r092.s107733111813570,sha256:b9cd1d9a444487d1ee37917ce687470f7fbfabbead81a1a8cfac2a5ce0c8cad2,sha256:035768ce25241a1144c075da9601072cdeb7a424f11bb017eed14e0bcee93984,80,max_ticks,,226,0.901709,211,41,0,0.034188,2,3,3,2,4,0.768705,226,0.017699,4,0,0.9101,0,47.008547,0.475033,13.12931,0,234,0,8,0.567729,1,0,1,0.679612,0.021368,7,0,1,13,80,0,1,1,66,15
mock_judgment,93,72272906642654,judgment-ablation.mock_judgment.r093.s72272906642654,sha256:20046d5a68ae831fc0aec62ad0e78d4089d07a7e3431d2a492df90b672618552,sha256:f1bf26b780eb117b9863f7616a88c446c7fff04c408f6de073f6f6d7050f3795,80,max_ticks,,232,0.904167,217,41,0,0.033333,2,3,3,2,4,0.765935,232,0.017241,4,0,0.9153,0,45.833333,0.475896,12.882679,0,240,0,8,0.571947,1,0,1,0.660377,0.020833,7,0,1,13,80,0,1,1,72,15
mock_judgment,94,4034074678193,judgment-ablation.mock_judgment.r094.s4034074678193,sha256:cfdfb74ae0a93dc5fb62276c6897c8b95738de73a2cd647d16cc0403baa744b7,sha256:9341e1e950216ba29c5993b1f96fdee1d8ffbbfdcc19a978fc2a6d48393c9347,80,max_ticks,,233,0.904564,218,47,0,0.033195,2,3,3,2,4,0.707687,233,0.017167,4,0,0.9131,0,45.643154,0.474651,13.863438,0,241,0,8,0.565437,1,0,0.90625,0.657277,0.020747,7,0,1,13,80,0,1,1,73,15
mock_judgment,95,160006209284117,judgment-ablation.mock_judgment.r095.s160006209284117,sha256:a7374e19225377a497a51b30d4138dabc2beef14f560211212f1abe59ea09d36,sha256:c072a10aea8036336639b499aa3781a7f2a796e338cf0df6a06f1c364cd9c261,80,max_ticks,,232,0.904167,217,41,0,0.033333,2,3,3,2,4,0.768278,232,0.017241,4,0,0.9116,0,45.833333,0.475275,12.106267,0,240,0,8,0.588327,1,0,1,0.660377,0.020833,7,0,1,13,80,0,1,1,72,15
mock_judgment,96,124596252208084,judgment-ablation.mock_judgment.r096.s124596252208084,sha256:5a59afbe55e7339e2cfcd1e9b6e1d02c0cf0583fe7fbdaeab4e03f1afd305a10,sha256:df4f4df0ce449292fb93b8e6ba422a1b7523df05fc438a0f9ad20dbafcc8b951,80,max_ticks,,234,0.904959,219,42,0,0.033058,2,3,3,2,4,0.748918,234,0.017094,4,0,0.9097,0,44.421488,0.473699,9.94545,0,242,0,8,0.539494,1,0,1,0.663551,0.020661,7,0,1,13,80,0,1,1,72,15
mock_judgment,97,108176812626590,judgment-ablation.mock_judgment.r097.s108176812626590,sha256:90336e10599874aa9ee51e61c72c102f7145b25febbf010f1ad24e1f7a01f12d,sha256:5dd45a7aa7a18048ed274dae40a594f7f55d5d17fea5e8604dd6901aa2d464f4,80,max_ticks,,233,0.904564,218,42,0,0.033195,2,3,3,2,4,0.763049,233,0.017167,4,0,0.908,0,45.643154,0.47431,11.616963,0,241,0,8,0.568509,1,0,1,0.657277,0.020747,7,0,1,13,80,0,1,1,73,15
mock_judgment,98,51788843314953,judgment-ablation.mock_judgment.r098.s51788843314953,sha256:f8d4dcfcdd86d493499c210755ad35bcb047188c899e188d633e1b1178cea4ef,sha256:063ba5a2e6c3db4cc001fb485502a92ba951ccc06392e0f13799242a26446fb2,80,max_ticks,,231,0.903766,216,42,0,0.033473,2,3,3,2,4,0.778585,231,0.017316,4,0,0.9104,0,46.025105,0.474758,12.463958,0,239,0,8,0.58647,1,0,1,0.668246,0.020921,7,0,1,13,80,0,1,1,70,15
mock_judgment,99,265824573729829,judgment-ablation.mock_judgment.r099.s265824573729829,sha256:b92b8d1eef02368a027cfa2242b21a8de0e92c8752d2b4ec01478a1206771d95,sha256:f6122dbf99514eb0390fc4817069f2297f65421dfea88553ff1f5d457f514b2f,80,max_ticks,,225,0.901288,210,42,0,0.034335,2,3,3,2,4,0.769741,225,0.017778,4,0,0.9142,0,47.2103,0.474839,12.212292,0,233,0,8,0.583054,1,0,0.9375,0.682927,0.021459,7,0,1,13,80,0,1,1,65,15
replayed_judgment,0,57527341304683,judgment-ablation.replayed_judgment.r000.s57527341304683,sha256:d78006f022db74ba379e5ce036d019045a85382f5a13e51704762841d10a062d,sha256:39f3fb54bf55c8461095b417dc21dc5f1b471bf6ebda897181099bf0607daca1,80,max_ticks,,230,0.903361,215,41,0,0.033613,2,3,3,2,4,0.762205,230,0.017391,4,0,0.915,0,46.218487,0.474855,13.786206,0,238,0,8,0.579056,1,0,1,0.671429,0.021008,7,0,1,13,80,0,1,1,69,15
replayed_judgment,1,99278038155453,judgment-ablation.replayed_judgment.r001.s99278038155453,sha256:e1a41277c546d9ca8949bd217fe0d06d21531d25b9d3188c61c0ac8044de4a9d,sha256:251e01a4992f53265456f0de4c9558455274388ecc42bf6ec9fe70b1687e0270,80,max_ticks,,233,0.904564,218,41,0,0.033195,2,3,3,2,4,0.767145,233,0.017167,4,0,0.9085,0,45.643154,0.47393,12.785327,0,241,0,8,0.547539,1,0,1,0.657277,0.020747,7,0,1,13,80,0,1,1,73,15
replayed_judgment,2,256815052586320,judgment-ablation.replayed_judgment.r002.s256815052586320,sha256:a99187dad1981a5ec2ea29f6dad29fc3398e758d6605f89d681a3c1097f1086d,sha256:3bb2a35f3b09c16f43b304e51b41fc756c1a71fa1816488df972921495ab9ee3,80,max_ticks,,229,0.902954,214,41,0,0.033755,2,3,3,2,4,0.749066,229,0.017467,4,0,0.909,0,46.413502,0.474471,8.329243,0,237,0,8,0.555148,1,0,1,0.669856,0.021097,7,0,1,13,80,0,1,1,69,15
replayed_judgment,3,54666758928369,judgment-ablation.replayed_judgment.r003.s54666758928369,sha256:d04ed3a98a9725f21f77217f702d0beb18702f8233033c02a2b1f1f91c03bbf7,sha256:d3405c87aea95d8a78d04ae903f54bf229c7bcb1e83aaeaa8cb05b182a906f61,80,max_ticks,,219,0.898678,204,41,0,0.035242,2,3,3,2,4,0.75993,219,0.018265,4,0,0.9143,0,48.45815,0.473916,12.819171,0,227,0,8,0.590612,1,0,1,0.703518,0.022026,7,0,1,13,80,0,1,1,59,15
replayed_judgment,4,265295863012748,judgment-ablation.replayed_judgment.r004.s265295863012748,sha256:5498cc2677f21240791388d10801e18636437e067310aa5b4d4cdc6fed4dcd0f,sha256:55a90ddb2916bfe7048bb9865fec83a2d4cc6085b7758fc7808a993c4b4975d0,80,max_ticks,,229,0.902954,214,41,0,0.033755,2,3,3,2,4,0.761139,229,0.017467,4,0,0.9121,0,46.413502,0.475351,11.525135,0,237,0,8,0.535068,1,0,1,0.669856,0.021097,7,0,1,13,80,0,1,1,69,15
replayed_judgment,5,165917763013172,judgment-ablation.replayed_judgment.r005.s165917763013172,sha256:cc7e48d719b85c1429c44c1b22ee9d9bb5e577a04cca3b73daf0678a2db58a3c,sha256:2b501ab45449a0414028db896e4bab68d2c5df73ac9249a8b2a92bb80dce2ace,80,max_ticks,,231,0.903766,216,43,0,0.033473,2,3,3,2,4,0.744285,231,0.017316,4,0,0.9138,0,46.025105,0.474676,13.124082,0,239,0,8,0.566075,1,0,1,0.668246,0.020921,7,0,1,13,80,0,1,1,70,15
replayed_judgment,6,252736664674552,judgment-ablation.replayed_judgment.r006.s252736664674552,sha256:2cb8895c3cd1cc39c124a13a54feba8b8e64f2195f8034e27b9a4e365f1ec611,sha256:e6653b65d63c12e68e0268e802a7f362ea01d3c96064bc4cdd1bd943ccc95f43,80,max_ticks,,233,0.904564,218,41,0,0.033195,2,3,3,2,4,0.766273,233,0.017167,4,0,0.911,0,45.643154,0.474483,14.045943,0,241,0,8,0.541458,1,0,1,0.657277,0.020747,7,0,1,13,80,0,1,1,73,15
replayed_judgment,7,43001839530755,judgment-ablation.replayed_judgment.r007.s43001839530755,sha256:4929c1ad4d41113aad7833317892f5a35fcf710d4f036874f43a17d05697b69c,sha256:d50ed07ffa096bc4aba786a0c06eac73ba71abc2e643593936903a693366a965,80,max_ticks,,234,0.904959,219,41,0,0.033058,2,3,3,2,4,0.763414,234,0.017094,4,0,0.9115,0,45.454545,0.474497,13.124847,0,242,0,8,0.585579,1,0,1,0.658879,0.020661,7,0,1,13,80,0,1,1,73,15
replayed_judgment,8,221957817213145,judgment-ablation.replayed_judgment.r008.s221957817213145,sha256:cf18f73003ab5083ca6290c6f93b8e786b57cdf3ef90d727824e02a9fea09a36,sha256:dc0b75eab7a830345c945e7c31b995bbc9e6b98dc6812a2330b0488e03026022,80,max_ticks,,232,0.904167,217,41,0,0.033333,2,3,3,2,4,0.76666,232,0.017241,4,0,0.9071,0,45.833333,0.474701,12.759665,0,240,0,8,0.583195,1,0,0.984375,0.660377,0.020833,7,0,1,13,80,0,1,1,72,15
replayed_judgment,9,151369659976869,judgment-ablation.replayed_judgment.r009.s151369659976869,sha256:fe1cb434d7aeb4e7ccccdbf0c6bd004a7839e11c04a7540f7f7842df76d78554,sha256:072ec86860763d4eeff2fd4f831615a14c7dbaabda7d762c8ef7bba5b2f02d83,80,max_ticks,,233,0.904959,219,64,0,0.03719,2,3,3,2,3,0.802876,233,0.012876,3,0,0.9296,0,10.330579,0.473488,5.997492,0,242,0,9,0.540279,1,0,0.928571,0.658879,0.004132,3,0,1,13,80,0,6,6,73,14
replayed_judgment,10,42750273790937,judgment-ablation.replayed_judgment.r010.s42750273790937,sha256:c2572db8fff3c96edef55eebade9300ef2172b0b4b4d6ed0fa7e25d27e56e60b,sha256:b8182ac7027dc53e51cba5d01a5725308b625e3ee81e5e4083861328e7dc6c81,80,max_ticks,,232,0.904167,217,41,0,0.033333,2,3,3,2,4,0.767619,232,0.017241,4,0,0.9143,0,45.833333,0.474872,13.686195,0,240,0,8,0.571707,1,0,1,0.660377,0.020833,7,0,1,13,80,0,1,1,72,15
replayed_judgment,11,265000021645429,judgment-ablation.replayed_judgment.r011.s265000021645429,sha256:ce929d088812adc54f2ad077af4003cecdf509ea1f46a09ea00f2f6dcc9cffd4,sha256:017b4be5748dd9b6bf44bb810deedf0255fa9b189dfda91bd465514925f35c86,80,max_ticks,,230,0.907563,216,41,0,0.033613,2,3,3,2,4,0.805044,230,0.017391,4,0,0.9092,0,46.218487,0.474076,12.410532,0,238,0,8,0.577901,1,0,1,0.677725,0.021008,7,0,1,12,80,0,1,1,68,14
replayed_judgment,12,105765016728113,judgment-ablation.replayed_judgment.r012.s105765016728113,sha256:8688ea5cefcfe7a4fc2865ea81aa4e3ff3b7b5c90f396a2e25d0b9b170180d0b,sha256:99ad668c5f597cb2e0e0cc9cb89b9b2e28e95004ee93092a26ced77a0224af83,80,max_ticks,,233,0.904564,218,41,0,0.033195,2,3,3,2,4,0.766957,233,0.017167,4,0,0.9124,0,45.643154,0.476365,12.292995,0,241,0,8,0.579596,1,0,1,0.657277,0.020747,7,0,1,13,80,0,1,1,73,15
replayed_judgment,13,87362427631443,judgment-ablation.replayed_judgment.r013.s87362427631443,sha256:237173c121b007d0da5ad7ae17419967d23362c3cde3eae24c9e9f2413db03a1,sha256:edd51c231fabdc5a6bdfacba4cf7aca04736c6dbfe6d9e82a787dff0967a7f09,80,max_ticks,,232,0.904167,217,41,0,0.033333,2,3,3,2,4,0.768093,232,0.017241,4,0,0.9098,0,45.833333,0.474738,12.387724,0,240,0,8,0.542441,1,0,1,0.660377,0.020833,7,0,1,13,80,0,1,1,72,15
replayed_judgment,14,267385964521992,judgment-ablation.replayed_judgment.r014.s267385964521992,sha256:12221e688eea347f5582c6856f2e2d8be54fa36dfb3f0b36d6a3790e55cb4db7,sha256:2efdabdb25e417014ae8cd50644b2bfc382e7e6cf5e9c6791cf4f675954030fb,80,max_ticks,,230,0.903361,215,41,0,0.033613,2,3,3,2,4,0.759596,230,0.017391,4,0,0.9098,0,45.168067,0.474696,13.04765,0,238,0,8,0.611722,1,0,1,0.666667,0.021008,7,0,1,13,80,0,1,1,70,15
replayed_judgment,15,50338251191256,judgment-ablation.replayed_judgment.r015.s50338251191256,sha256:815461717632ff8e24f9e70f6259fb972eb45decb430b09905c264937211a092,sha256:df6edd224cce65b17ea7734bd47bd88b53b2c8ad9aee7cd2ef8f2f11b63ccb73,80,max_ticks,,231,0.903766,216,41,0,0.033473,2,3,3,2,4,0.765898,231,0.017316,4,0,0.9104,0,46.025105,0.474006,14.383423,0,239,0,8,0.583371,1,0,1,0.663507,0.020921,7,0,1,13,80,0,1,1,71,15
replayed_judgment,16,174028374442274,judgment-ablation.replayed_judgment.r016.s174028374442274,sha256:f0ca1b3f2b5654577573665104691f663229a4e889dd8c4648f659958c32a7ed,sha256:81d9cc0c83c49fe3f9d415b26774304e111c3d26f7b634d0db8127b7de535e69,80,max_ticks,,227,0.902128,212,41,0,0.034043,2,3,3,2,4,0.768358,227,0.017621,4,0,0.9129,0,46.808511,0.474476,13.786432,0,235,0,8,0.565876,1,0,0.953125,0.676329,0.021277,7,0,1,13,80,0,1,1,67,15
replayed_judgment,17,262349356812342,judgment-ablation.replayed_judgment.r017.s262349356812342,sha256:4a8ac7276809ea351d8b73ca7f6fcd17ebe2c21854c4c7557903e4b5ceb7b9d1,sha256:be1c6882e03005d60d06c72f09311c428376d7542f379302f97bd3afbcee7ddc,80,max_ticks,,218,0.87931,204,,0,0.060345,2,2,3,2,3,0.75103,218,0.013761,3,0,0.9248,0,10.775862,0.478443,5.907696,0,232,1.5,14,0.554659,0.666667,0,0.910714,0.633166,0.00431,3,0,0.666667,13,80,0,11,11,73,14
replayed_judgment,18,85578585668014,judgment-ablation.replayed_judgment.r018.s85578585668014,sha256:a19a64b06c350543f6d91efb202a6b0573b68fc504da1847402d7552386d80ca,sha256:16ed658b5980ee7711da34d916d320a7748c2256af1c25b189374ef7fd0739d2,80,max_ticks,,230,0.903361,215,43,0,0.033613,2,3,3,2,4,0.753552,230,0.017391,4,0,0.9121,0,46.218487,0.474994,13.275492,0,238,0,8,0.570112,1,0,0.96875,0.671429,0.021008,7,0,1,13,80,0,1,1,69,15
replayed_judgment,19,107018321236797,judgment-ablation.replayed_judgment.r019.s107018321236797,sha256:61195a7b3b8e89c955468131018e4b7b47416dfcd9bb84d4ea35413dce06b5e8,sha256:802789f94f491345a43dd047d2e7081c222170632a41d26dcdc289fe44b7d9ac,80,max_ticks,,227,0.902128,212,41,0,0.034043,2,3,3,2,4,0.769175,227,0.017621,4,0,0.9088,0,46.808511,0.473747,13.522577,0,235,0,8,0.553524,1,0,1,0.676329,0.021277,7,0,1,13,80,0,1,1,67,15
replayed_judgment,20,5701907027736,judgment-ablation.replayed_judgment.r020.s5701907027736,sha256:a545fe20359e7a39dcc6557ad8b7827ddeb41d5926cb407bf7bdba357d45bacf,sha256:dbff8507db25ac46bf884964a95ddc0317d9b49138ede9a8c598c8de134b6825,80,max_ticks,,232,0.904167,217,41,0,0.033333,2,3,3,2,4,0.760346,232,0.017241,4,0,0.9117,0,45.833333,0.474365,14.875633,0,240,0,8,0.563262,1,0,1,0.665094,0.020833,7,0,1,13,80,0,1,1,71,15
replayed_judgment,21,51186872990512,judgment-ablation.replayed_judgment.r021.s51186872990512,sha256:81921f383054e5ccd00edee7108c446689af17797f28b6b6faa57f8b1f9bc5e0,sha256:a7208290478af5d824e04ab912b85e74c5c1741bae6f8261e40ecc12d4962eae,80,max_ticks,,231,0.90795,217,41,0,0.033473,2,3,3,2,4,0.801801,231,0.017316,4,0,0.9127,0,46.025105,0.474334,13.163042,0,239,0,8,0.546357,1,0,1,0.665094,0.020921,7,0,1,12,80,0,1,1,71,14
replayed_judgment,22,188948363392988,judgment-ablation.replayed_judgment.r022.s188948363392988,sha256:68795c8506d9018ccdaf4f11aff245867e06ef9df50e36a72a92e744897d9873,sha256:78452bc41c1a180b52664e17b0e753caec51cc43787a1b3101a90e7edab9f576,80,max_ticks,,163,0.871345,149,41,0,0.046784,2,3,3,2,4,0.889978,163,0.02454,4,0,0.9105,0,64.327485,0.474557,13.407952,0,171,0,8,0.622179,1,0,1,0.979167,0.02924,7,0,1,12,80,0,1,1,3,14
replayed_judgment,23,119597358959743,judgment-ablation.replayed_judgment.r023.s119597358959743,sha256:9bb3bc53495ea9b3115df21e30765a481c1266c9fce049cd657c8aa065891b63,sha256:b9ba8aa271bdebb16275caac2ffedc2268368e381f95ae25cd2768a2cc1a635b,80,max_ticks,,230,0.903361,215,41,0,0.033613,2,3,3,2,4,0.766289,230,0.017391,4,0,0.9121,0,46.218487,0.473769,12.923165,0,238,0,8,0.571021,1,0,0.983871,0.666667,0.021008,7,0,1,13,80,0,1,1,70,15
replayed_judgment,24,63259633888481,judgment-ablation.replayed_judgment.r024.s63259633888481,sha256:7708c54f669f5d694915d3bf28967b0170d0bac49ede47d7e7a8f653a63fbb50,sha256:78ced7e2180461e33bb60a80c4b17547325eb895cf670bd3b3f6dd6c46a80a56,80,max_ticks,,228,0.902542,213,41,0,0.033898,2,3,3,2,4,0.761258,228,0.017544,4,0,0.9117,0,46.610169,0.475753,12.422272,0,236,0,8,0.56897,1,0,1,0.673077,0.021186,7,0,1,13,80,0,1,1,68,15
replayed_judgment,25,220976159642645,judgment-ablation.replayed_judgment.r025.s220976159642645,sha256:ed02b75373356cf0c7b32b353e599831f360c4522c7e13de6f535118af67aa6a,sha256:9b090073639240a04be22eadd3072d0f3e3aa8ba778f1e691abfb09042887192,80,max_ticks,,235,0.90535,220,41,0,0.032922,2,3,3,2,4,0.760683,235,0.017021,4,0,0.9092,0,45.26749,0.474051,12.506352,0,243,0,8,0.564233,1,0,1,0.660465,0.020576,7,0,1,13,80,0,1,1,73,15
replayed_judgment,26,267351106039472,judgment-ablation.replayed_judgment.r026.s267351106039472,sha256:dae51485ece938f0206e20495ab7a85bfed6ce6cdc26a4ac5a7b1ea356f42179,sha256:037807af1ad98589f7c700c6014fdc90b349af30bd357d8df45df6892033d70f,80,max_ticks,,227,0.902128,212,41,0,0.034043,2,3,3,2,4,0.759058,227,0.017621,4,0,0.9107,0,46.808511,0.474486,13.718977,0,235,0,8,0.55483,1,0,1,0.681159,0.021277,7,0,1,13,80,0,1,1,66,15
replayed_judgment,27,79356475614569,judgment-ablation.replayed_judgment.r027.s79356475614569,sha256:d3cf8729cdc28c9f254575876da9847af320c3a590e018ea7cc8bc335ad06f48,sha256:5e154024f0150ee3452c3589c815fd550ada5c44666dcead978625619acfbe45,80,max_ticks,,229,0.902954,214,41,0,0.033755,2,3,3,2,4,0.759408,229,0.017467,4,0,0.9119,0,46.413502,0.47548,14.306532,0,237,0,8,0.585693,1,0,1,0.674641,0.021097,7,0,1,13,80,0,1,1,68,15
replayed_judgment,28,182423689935324,judgment-ablation.replayed_judgment.r028.s182423689935324,sha256:8b57f738fc19f3a07a97b21031786ba080cdd89d79d89c755004032804894012,sha256:218af1a539a76eacc056f7e008c6ba2a40c46db4646d9724b0893c568ce95de9,80,max_ticks,,232,0.904167,217,42,0,0.033333,2,3,3,2,4,0.762059,232,0.017241,4,0,0.9113,0,45.833333,0.47462,12.518273,0,240,0,8,0.537815,1,0,0.984375,0.660377,0.020833,7,0,1,13,80,0,1,1,72,15
replayed_judgment,29,111109937806271,judgment-ablation.replayed_judgment.r029.s111109937806271,sha256:435d11e698e6fba2e85279dc2a06d9372fad462fa222f158aeeb1953531cd632,sha256:54caea91ea9a84a7d959f8e1744c8b9bf1c1975f8005aa8faa6f6425850bd4a4,80,max_ticks,,232,0.908333,218,42,0,0.033333,2,3,3,2,4,0.800364,232,0.017241,4,0,0.9125,0,45.833333,0.474782,13.402101,0,240,0,8,0.55977,1,0,1,0.666667,0.020833,7,0,1,12,80,0,1,1,71,14
replayed_judgment,30,130394613034230,judgment-ablation.replayed_judgment.r030.s130394613034230,sha256:b9ad27f4fdeeca5f3fe2363a6a2c052b97de5ec862db2e7920d98c560481a872,sha256:470496f620d7c780424e129ed28d5c4b834298a3dbbffb7922c5143858967013,80,max_ticks,,231,0.903766,216,41,0,0.033473,2,3,3,2,4,0.767813,231,0.017316,4,0,0.9099,0,46.025105,0.474596,7.016416,0,239,0,8,0.569061,1,0,1,0.663507,0.020921,7,0,1,13,80,0,1,1,71,15
replayed_judgment,31,269769521741202,judgment-ablation.replayed_judgment.r031.s269769521741202,sha256:db6d47bf0b7169ed0408b16e28fe0577d5282f7133a4e462421440729d8b0b3e,sha256:f594f30f7fa59d123d962e0b30e40303100740176a9667a0121ff2e5281b982d,80,max_ticks,,231,0.90795,217,41,0,0.033473,2,3,3,2,4,0.797829,231,0.017316,4,0,0.9095,0,46.025105,0.47317,12.345574,0,239,0,8,0.550495,1,0,1,0.669811,0.020921,7,0,1,12,80,0,1,1,70,14
replayed_judgment,32,211127800505858,judgment-ablation.replayed_judgment.r032.s211127800505858,sha256:cf6f8705893a4ad20c1365d77b210bde76ef4fc96ff33d47908a86bf8e948457,sha256:c4cd3d4072110c8c50d066b37cc9f79d994363e3925f042d90558bb0650f4385,80,max_ticks,,225,0.901288,210,41,0,0.034335,2,3,3,2,4,0.769165,225,0.017778,4,0,0.9102,0,47.2103,0.474545,14.254537,0,233,0,8,0.546687,1,0,1,0.682927,0.021459,7,0,1,13,80,0,1,1,65,15
replayed_judgment,33,159151711187285,judgment-ablation.replayed_judgment.r033.s159151711187285,sha256:bdfd647cfaf44f82591a57ceb9cc0c9b84aeb67be8993dfc61deef2f84cfec6b,sha256:25122f2ef9d959e6ee273196043d69bd0f6481ccfb9b07e37b241d145b43dd87,80,max_ticks,,233,0.904564,218,42,0,0.033195,2,3,3,2,4,0.757643,233,0.017167,4,0,0.9106,0,45.643154,0.475825,13.305284,0,241,0,8,0.573522,1,0,1,0.657277,0.020747,7,0,1,13,80,0,1,1,73,15
replayed_judgment,34,273916131716412,judgment-ablation.replayed_judgment.r034.s273916131716412,sha256:38a6bfa91427a950d71d42775a1c48dc41aaca30ff62aa3e18d68de23382178c,sha256:750a7c4aa57edff59d012b9ed41b57fbf8c55e8546130d2e6aa4791f34335082,80,max_ticks,,234,0.904959,219,41,0,0.033058,2,3,3,2,4,0.761348,234,0.017094,4,0,0.9111,0,45.454545,0.474424,12.893157,0,242,0,8,0.533772,1,0,1,0.658879,0.020661,7,0,1,13,80,0,1,1,73,15
replayed_judgment,35,65323758223108,judgment-ablation.replayed_judgment.r035.s65323758223108,sha256:7e61a949f2a8c69753fe24ef0843fbcfc159476128fd515e6209fe6696579863,sha256:9c6e9c65cb954e4a64edbe1b60c0edc0a5df493112f302e6ac43ed65086a5f2c,80,max_ticks,,234,0.904959,219,42,0,0.033058,2,3,3,2,4,0.754365,234,0.017094,4,0,0.909,0,45.454545,0.474484,10.882506,0,242,0,8,0.562046,1,0,1,0.658879,0.020661,7,0,1,13,80,0,1,1,73,15
replayed_judgment,36,24508646137620,judgment-ablation.replayed_judgment.r036.s24508646137620,sha256:b92657e334d0f4d3ebe52e208e20b85d1693fb8eb1a93c742226663dd1631867,sha256:9e64588d7fb278c6f145950474f420e63db75461d404177c3c3a6824db2b78d6,80,max_ticks,,233,0.908714,219,42,0,0.033195,2,3,3,2,4,0.797918,233,0.017167,4,0,0.9072,0,45.643154,0.473455,11.258734,0,241,0,8,0.562839,1,0,1,0.658879,0.020747,7,0,1,12,80,0,1,1,73,14
replayed_judgment,37,247798458636041,judgment-ablation.replayed_judgment.r037.s247798458636041,sha256:1c30ededcfbcd531327bb7df998a6eec8677f971207c6e8f72afaaa85fd7531c,sha256:51e3883c40331885283aae3995febd2d748f213662e5e5de66d850bcbfb36440,80,max_ticks,,233,0.904564,218,41,0,0.033195,2,3,3,2,4,0.767604,233,0.017167,4,0,0.9117,0,45.643154,0.474714,11.9143,0,241,0,8,0.586719,1,0,1,0.661972,0.020747,7,0,1,13,80,0,1,1,72,15
replayed_judgment,38,237331592044072,judgment-ablation.replayed_judgment.r038.s237331592044072,sha256:b912051863411e6705cc18b3785640747b3607e8ce16380720bc848bad7ddacf,sha256:df92e3d8e73a0a01f047647b95f24cdf64bad25e09f9ff4d9358b9c79a004b21,80,max_ticks,,232,0.908333,218,41,0,0.033333,2,3,3,2,4,0.796922,232,0.017241,4,0,0.909,0,45.833333,0.473037,12.658839,0,240,0,8,0.581068,1,0,1,0.661972,0.020833,7,0,1,12,80,0,1,1,72,14
replayed_judgment,39,130211102639073,judgment-ablation.replayed_judgment.r039.s130211102639073,sha256:bfd79b127a1d34d3ae6bff27d41ef2df8bc15765cd2a11030ac8ce9be7f14da1,sha256:a032db49264cf65502d852940fabba917eb9351f1a9885e3548c9b4f36cfe9a9,80,max_ticks,,233,0.904564,218,41,0,0.033195,2,3,3,2,4,0.766127,233,0.017167,4,0,0.9153,0,45.643154,0.475058,12.951464,0,241,0,8,0.590807,1,0,1,0.657277,0.020747,7,0,1,13,80,0,1,1,73,15
replayed_judgment,40,206363982526286,judgment-ablation.replayed_judgment.r040.s206363982526286,sha256:16dc056e8ba49e964cf910e49daf620af9a652d5db12f74972f3d922fd35fa05,sha256:26892fdecb0b994a2ca74804b2aa82738dae0c5508fc9efd34bfd9e8915f55c5,80,max_ticks,,231,0.90795,217,41,0,0.033473,2,3,3,2,4,0.793733,231,0.017316,4,0,0.9148,0,46.025105,0.473979,12.76025,0,239,0,8,0.520762,1,0,1,0.665094,0.020921,7,0,1,12,80,0,1,1,71,14
replayed_judgment,41,163461166554860,judgment-ablation.replayed_judgment.r041.s163461166554860,sha256:761004595aa639e703c77f2fa0b7896999283c88ea28c1003d06def90c569c7f,sha256:df62d12ebcfdcd82d09051d9601d534b37d235c116e0675862f83d473c4e0fd2,80,max_ticks,,230,0.903361,215,43,0,0.033613,2,3,3,2,4,0.742075,230,0.017391,4,0,0.9142,0,46.218487,0.475273,12.794073,0,238,0,8,0.594565,1,0,1,0.666667,0.021008,7,0,1,13,80,0,1,1,70,15
replayed_judgment,42,6348294522231,judgment-ablation.replayed_judgment.r042.s6348294522231,sha256:fd09e2a7938d6ff9716e4c147bbc76a3697c5b348dfd099044af5a28742f71be,sha256:aa5f01fc19a7e6dade0470fc06cda5bd6317c5863c53a249502495df4d5f36d5,80,max_ticks,,231,0.903766,216,44,0,0.033473,2,3,3,2,4,0.725297,231,0.017316,4,0,0.9078,0,46.025105,0.473235,13.246802,0,239,0,8,0.58693,1,0,1,0.668246,0.020921,7,0,1,13,80,0,1,1,70,15
replayed_judgment,43,25119152934151,judgment-ablation.replayed_judgment.r043.s25119152934151,sha256:4d0afa07c6175415662f95f349c6ed87852730750e4d5031a48ff0886eb4eeda,sha256:06762ee5b1214ef0d769ccd7438389e2ce7a0e3c12c80220e4ed90a5d6055a1d,80,max_ticks,,233,0.904564,218,41,0,0.033195,2,3,3,2,4,0.768131,233,0.017167,4,0,0.9095,0,45.643154,0.47513,12.679764,0,241,0,8,0.570515,1,0,1,0.657277,0.020747,7,0,1,13,80,0,1,1,73,15
replayed_judgment,44,261866152976538,judgment-ablation.replayed_judgment.r044.s261866152976538,sha256:bb1a3de59f7b6e32548fdbfbf8b649c69656f2a739c7cbe6c212716760a54451,sha256:f3b57bd0eaff5f11ca2f3bf034c27d0b938d90120d4a0c60ce1f7653ac29aef9,80,max_ticks,,232,0.904564,218,63,0,0.037344,2,3,3,2,3,0.792904,232,0.012931,3,0,0.925,0,10.373444,0.47439,5.256029,0,241,0,9,0.52849,1,0,0.928571,0.657277,0.004149,3,0,1,13,80,0,6,6,73,14
replayed_judgment,45,260525559251538,judgment-ablation.replayed_judgment.r045.s260525559251538,sha256:257decb5fade505fae7fedca6fc8e7a264a91196b10e27609c1bc098f11faf07,sha256:d341f261ce1f3cba77279980107d60186e3ad68d36199369865c77008b379d05,80,max_ticks,,234,0.904959,219,41,0,0.033058,2,3,3,2,4,0.751977,234,0.017094,4,0,0.9132,0,45.454545,0.474261,9.058269,0,242,0,8,0.580828,1,0,1,0.658879,0.020661,7,0,1,13,80,0,1,1,73,15
replayed_judgment,46,233461212355422,judgment-ablation.replayed_judgment.r046.s233461212355422,sha256:75748ac813ceb0073e17de121c233f6167a3ad51471bb392c782e86487f703ef,sha256:29bafbcf6842ddc8d723b887335a023ef70bd8776afee3c1903327d26da823be,80,max_ticks,,228,0.902542,213,43,0,0.033898,2,3,3,2,4,0.752735,228,0.017544,4,0,0.9098,0,46.610169,0.474769,14.613442,0,236,0,8,0.555177,1,0,1,0.677885,0.021186,7,0,1,13,80,0,1,1,67,15
replayed_judgment,47,12438102688673,judgment-ablation.replayed_judgment.r047.s12438102688673,sha256:84a21fd6a3d8cf8e59b78f24d2887eb4ded2a9d2e6e15dcc552263ffe1013912,sha256:b19e622f116d319d4f167c01ec1c0664625f6f2a05584e766e9d561e77e33c43,80,max_ticks,,230,0.903361,215,42,0,0.033613,2,3,3,2,4,0.745565,230,0.017391,4,0,0.914,0,46.218487,0.474804,13.287504,0,238,0,8,0.595109,1,0,1,0.671429,0.021008,7,0,1,13,80,0,1,1,69,15
replayed_judgment,48,171927412137762,judgment-ablation.replayed_judgment.r048.s171927412137762,sha256:d6b78c21cd20367e9d04621825c37b18aae1b02f04e9f0da5623176330f4e7c8,sha256:58a4b11e051710eba3ff2bd175ba597b069bc076a8010fb9ffb8f7c8d51fa031,80,max_ticks,,231,0.903766,216,41,0,0.033473,2,3,3,2,4,0.768894,231,0.017316,4,0,0.912,0,46.025105,0.474852,13.457671,0,239,0,8,0.576352,1,0,1,0.663507,0.020921,7,0,1,13,80,0,1,1,71,15
replayed_judgment,49,207150313255873,judgment-ablation.replayed_judgment.r049.s207150313255873,sha256:e33d71ceaff0d96f51f2ef8bcdfde52f8075ddd525f26b3426b631dd7e4f4203,sha256:4762967e337c04002528854adf6bbc5e320f5dab6897da558bc7c41bbc520e48,80,max_ticks,,234,0.904959,219,41,0,0.033058,2,3,3,2,4,0.762202,234,0.017094,4,0,0.9061,0,45.454545,0.47433,12.734003,0,242,0,8,0.528132,1,0,1,0.658879,0.020661,7,0,1,13,80,0,1,1,73,15
replayed_judgment,50,147549711035952,judgment-ablation.replayed_judgment.r050.s147549711035952,sha256:fb9ef7b0071fad3aceb01eb40ae32564a282c2129d60cfbec7985a44e8f36cf0,sha256:d100564af46540b49d19f4dd1d3267394315f24e98759b854b914f3eb0cad58f,80,max_ticks,,226,0.901709,211,41,0,0.034188,2,3,3,2,4,0.779506,226,0.017699,4,0,0.912,0,47.008547,0.474671,12.077007,0,234,0,8,0.569863,1,0,1,0.679612,0.021368,7,0,1,13,80,0,1,1,66,15
replayed_judgment,51,217859932877989,judgment-ablation.replayed_judgment.r051.s217859932877989,sha256:97e5e0ac941976b498003d1e6b9f16583cf9c874e8c53519762c31c73e08ab56,sha256:7cdfd144e976f1d0d47dcd35248a43fc29076fa2bd2dda31fb23a0a1efb2b0d5,80,max_ticks,,233,0.904564,218,41,0,0.033195,2,3,3,2,4,0.767863,233,0.017167,4,0,0.9105,0,45.643154,0.47457,6.100487,0,241,0,8,0.574494,1,0,1,0.657277,0.020747,7,0,1,13,80,0,1,1,73,15
replayed_judgment,52,20561522542192,judgment-ablation.replayed_judgment.r052.s20561522542192,sha256:842be81bcfcafc99ed402d824eb3da49fc942601b907c242871b1e6e3b98b25a,sha256:abf4b6800968c49ed2013c9cd15dce6b5b472852453a6dd69242de306c28cfd6,80,max_ticks,,232,0.920168,219,45,0,0.02521,2,3,3,2,3,0.797501,232,0.012931,3,0,0.9102,0,10.504202,0.469203,10.255262,0,238,0,6,0.590941,1,0,1,0.658879,0.004202,3,0,1,12,80,0,3,3,73,13
replayed_judgment,53,113770858549658,judgment-ablation.replayed_judgment.r053.s113770858549658,sha256:8dc9fe9bdee81654ee8dbee35f62f0e2e99b8ecc4c7f87264cdcbbfdaf8ee5ff,sha256:d48d4ed898a6267d27ecbd5f20f8a171ea56be63758630de3b11b09c4a9b41bd,80,max_ticks,,233,0.904564,218,41,0,0.033195,2,3,3,2,4,0.76532,233,0.017167,4,0,0.9142,0,45.643154,0.475753,14.62329,0,241,0,8,0.533779,1,0,1,0.657277,0.020747,7,0,1,13,80,0,1,1,73,15
replayed_judgment,54,220480274519613,judgment-ablation.replayed_judgment.r054.s220480274519613,sha256:e9ec33e4b0630efcad52e4f826692b78c6ed4daa95990d2534e1d947392c5468,sha256:0637f95ecd71b3f12cbe63d60981f499a0fcb4c3472e9cba231cf926b20896a5,80,max_ticks,,232,0.904167,217,41,0,0.033333,2,3,3,2,4,0.769551,232,0.017241,4,0,0.9101,0,45.833333,0.474049,13.254424,0,240,0,8,0.551653,1,0,1,0.665094,0.020833,7,0,1,13,80,0,1,1,71,15
replayed_judgment,55,214070485627961,judgment-ablation.replayed_judgment.r055.s214070485627961,sha256:48227b5c0d49ff45ae4742d531b51de5c2ee013cbaf39466a0aa310675034f69,sha256:6350f357ff5c8b3b98b05c8a9e5f29bc870d99406492bd39539b07b6483d4a46,80,max_ticks,,232,0.908333,218,41,0,0.033333,2,3,3,2,4,0.78551,232,0.017241,4,0,0.9083,0,45.833333,0.474716,12.840358,0,240,0,8,0.561808,1,0,1,0.661972,0.020833,7,0,1,12,80,0,1,1,72,14
replayed_judgment,56,206892861191288,judgment-ablation.replayed_judgment.r056.s206892861191288,sha256:708b2f57889fa7a11fbbc3ef337be30544b787597e81aa93b00b6698e20de063,sha256:7a7bd27229876034bfb4d2b44a8bfa0c949812c5fe7938243320337749e0f86b,80,max_ticks,,217,0.878788,203,,0,0.060606,2,2,3,2,3,0.763692,217,0.013825,3,0,0.9242,0,10.822511,0.477609,6.481151,0,231,0,14,0.560318,0.666667,0,0.928571,0.631313,0.004329,3,0,0.666667,13,80,0,11,11,73,14
replayed_judgment,57,226314190322891,judgment-ablation.replayed_judgment.r057.s226314190322891,sha256:6ff87fc77974dc78060215ac5bfd9955646457901d3bdc4d2c85fde2fc333eef,sha256:3180c89651bff80cfba94b8bba87d1d3b87b319a914cfb049efee590d0062903,80,max_ticks,,230,0.903361,215,41,0,0.033613,2,3,3,2,4,0.767411,230,0.017391,4,0,0.9055,0,46.218487,0.47436,12.039453,0,238,0,8,0.549609,1,0,1,0.671429,0.021008,7,0,1,13,80,0,1,1,69,15
replayed_judgment,58,15072225093037,judgment-ablation.replayed_judgment.r058.s15072225093037,sha256:4ef4d683bf7c696cbd5f92820b4ba4500093ff85d58ffe8a73f19c2c3bf0057f,sha256:017afa023dcf9279605b94986e41b0789459d9b95a85f428c6c2c7661647dfdc,80,max_ticks,,234,0.904959,219,42,0,0.033058,2,3,3,2,4,0.762352,234,0.017094,4,0,0.9144,0,45.454545,0.474279,13.365985,0,242,0,8,0.531281,1,0,1,0.658879,0.020661,7,0,1,13,80,0,1,1,73,15
replayed_judgment,59,25078129984675,judgment-ablation.replayed_judgment.r059.s25078129984675,sha256:e28e3e1d92484b00ba545847f1ba8dede268ca4da5fa38ced159d567b7fcf865,sha256:2335bc1b57e2b1310a2b92865d459212429835904f76549b0fe8ada40b1c5c4a,80,max_ticks,,233,0.908714,219,41,0,0.033195,2,3,3,2,4,0.799703,233,0.017167,4,0,0.9075,0,45.643154,0.473721,12.164095,0,241,0,8,0.552302,1,0,1,0.658879,0.020747,7,0,1,12,80,0,1,1,73,14
replayed_judgment,60,218072431996409,judgment-ablation.replayed_judgment.r060.s218072431996409,sha256:905b985245c7900c0c704fbf7f223f4e98e4aeffd5cb7f980860b12d48e9e1ca,sha256:ebe07fafd95708c979269fb1e574d143a67de60ee19eac6dd1b9ccc0da094dfa,80,max_ticks,,233,0.904564,218,41,0,0.033195,2,3,3,2,4,0.767891,233,0.017167,4,0,0.9111,0,45.643154,0.475142,12.486451,0,241,0,8,0.579719,1,0,1,0.657277,0.020747,7,0,1,13,80,0,1,1,73,15
replayed_judgment,61,196385391895804,judgment-ablation.replayed_judgment.r061.s196385391895804,sha256:f7aa80a94ebaab66e80e41ab11f3468055b9af0caaa8504c3f1abc23df6b239a,sha256:c9eeb19134377205b7b6a236c98287ec51551767babdb569c32c083057ed0d85,80,max_ticks,,234,0.904959,219,41,0,0.033058,2,3,3,2,4,0.766954,234,0.017094,4,0,0.9069,0,45.454545,0.474029,12.998163,0,242,0,8,0.554095,1,0,1,0.658879,0.020661,7,0,1,13,80,0,1,1,73,15
replayed_judgment,62,138988755290196,judgment-ablation.replayed_judgment.r062.s138988755290196,sha256:c7535d5107bfeca46adf0d4b1b328283379ac9d948164c3873fe26769ddc135a,sha256:b1421089603f88bd8c4803953973bd5e9ec06813fcaa0bdef9a194b594eba76e,80,max_ticks,,233,0.908714,219,43,0,0.033195,2,3,3,2,4,0.790197,233,0.017167,4,0,0.9141,0,45.643154,0.47429,14.292854,0,241,0,8,0.557472,1,0,0.96875,0.658879,0.020747,7,0,1,12,80,0,1,1,73,14
replayed_judgment,63,103525539443737,judgment-ablation.replayed_judgment.r063.s103525539443737,sha256:c6249b8266d7d25ac38e624a49305afa25ce754ce2b55123b3d480a41f72fdc1,sha256:c08f3dc00baa5f0fb805c5597113d3f36508128d58d6cabadb3800d16ab9579d,80,max_ticks,,216,0.901786,202,42,0,0.035714,2,3,3,2,4,0.792321,216,0.018519,4,0,0.9107,0,49.107143,0.474289,12.910424,0,224,0,8,0.526861,1,0,1,0.725888,0.022321,7,0,1,12,80,0,1,1,54,14
replayed_judgment,64,233653530300723,judgment-ablation.replayed_judgment.r064.s233653530300723,sha256:cd4cb80ec6cc19a0a42cb79a8001f2d8cae1e01e4fd8975cfe663a10808b1fa1,sha256:2308d41e9d5fdca78b545f971a2a8cf6dcac61e1f911afe604e0e72b0563fe8e,80,max_ticks,,233,0.904564,218,41,0,0.033195,2,3,3,2,4,0.768096,233,0.017167,4,0,0.9087,0,45.643154,0.474336,13.494468,0,241,0,8,0.546153,1,0,1,0.657277,0.020747,7,0,1,13,80,0,1,1,73,15
replayed_judgment,65,153377513910633,judgment-ablation.replayed_judgment.r065.s153377513910633,sha256:583a6479479c0bf8fe5ba454dba1973a3f748cce30b1f0adaf42e0a08acd848f,sha256:4d5a097db738cf919d6ca26197634ffdd0996b5bc5289c1da89692012d02703c,80,max_ticks,,232,0.904167,217,41,0,0.033333,2,3,3,2,4,0.759453,232,0.017241,4,0,0.9099,0,45.833333,0.474085,12.364845,0,240,0,8,0.585128,1,0,1,0.665094,0.020833,7,0,1,13,80,0,1,1,71,15
replayed_judgment,66,235066360775718,judgment-ablation.replayed_judgment.r066.s235066360775718,sha256:5e71b967b2da32242175d2be0a112da1c59d933e4c5529b0ac55342fd21c1803,sha256:efe7fc89977a65b5c668f248b97bebd4ba05e035673d7ec446cf672e36d9bfbc,80,max_ticks,,234,0.904959,219,44,0,0.033058,2,3,3,2,4,0.743262,234,0.017094,4,0,0.9172,0,45.454545,0.475597,12.861767,0,242,0,8,0.582254,1,0,1,0.658879,0.020661,7,0,1,13,80,0,1,1,73,15
replayed_judgment,67,177579233675930,judgment-ablation.replayed_judgment.r067.s177579233675930,sha256:5f412ca7ea6c75d7f380c69c0f3f253a0200a7b179105a240872b9a57c8bcef4,sha256:79ab71830361ff7d3ae5ffc37668fb627fce12286da5aaf3c5eec5a9879fc36a,80,max_ticks,,232,0.904167,217,43,0,0.033333,2,3,3,2,4,0.743338,232,0.017241,4,0,0.9084,0,45.833333,0.474609,11.817616,0,240,0,8,0.515137,1,0,1,0.665094,0.020833,7,0,1,13,80,0,1,1,71,15
replayed_judgment,68,230843330437709,judgment-ablation.replayed_judgment.r068.s230843330437709,sha256:f770685dc863379191f26617b4175cd7289edd8190d59645ae26969e8218eee4,sha256:063673153a852e8543b9b73026e64c94783f29479ba824bbac5353e710ba78ea,80,max_ticks,,235,0.909465,221,42,0,0.032922,2,3,3,2,4,0.787031,235,0.017021,4,0,0.9116,0,45.26749,0.474661,10.503091,0,243,0,8,0.553966,1,0,1,0.662037,0.020576,7,0,1,12,80,0,1,1,73,14
replayed_judgment,69,232234216461405,judgment-ablation.replayed_judgment.r069.s232234216461405,sha256:56a40dc949bbdb19254f018e53bcc3edf5c9cdc367169558c42b6defe5d6a288,sha256:30b055ca26ea585f18b623467ff06853996ddabaf0763a80f0d80767397928e5,80,max_ticks,,203,0.890995,188,41,0,0.037915,2,3,3,2,4,0.770297,203,0.019704,4,0,0.9133,0,52.132701,0.474823,12.902141,0,211,0,8,0.58707,1,0,1,0.775956,0.023697,7,0,1,13,80,0,1,1,41,15
replayed_judgment,70,62696922977182,judgment-ablation.replayed_judgment.r070.s62696922977182,sha256:65e5d99d2ae40967714e10bf99d35e0cf5cfdab5ea801c2cd4ad5899da77071b,sha256:1e938771fab703fb5a7df69e4f7f10a119d21a2e27dd0f2a2beee585052784e0,80,max_ticks,,229,0.902954,214,41,0,0.033755,2,3,3,2,4,0.762022,229,0.017467,4,0,0.9125,0,46.413502,0.47472,13.966995,0,237,0,8,0.584315,1,0,1,0.669856,0.021097,7,0,1,13,80,0,1,1,69,15
replayed_judgment,71,67832884458048,judgment-ablation.replayed_judgment.r071.s67832884458048,sha256:9432553d73ba7df6bbfa1c6ccbc921eb5b70449aa87b12db8ca9de69e63d3e60,sha256:ffc7da2f8af7e650299ffb188b4a2f5858c02780ca5fa4dc92244ef919fcc999,80,max_ticks,,226,0.905983,212,41,0,0.034188,2,3,3,2,4,0.79308,226,0.017699,4,0,0.9139,0,47.008547,0.474173,12.799208,0,234,0,8,0.526818,1,0,0.983333,0.68599,0.021368,7,0,1,12,80,0,1,1,65,14
replayed_judgment,72,210104169807783,judgment-ablation.replayed_judgment.r072.s210104169807783,sha256:6ab2da50e9b9f228372c1e808bc4096f11ff11d750c1d6ba9432f4a59091a6f3,sha256:236b45bd3c802f09390ee06083dfe9943c21ff43d3ab2cca39fe50b7aee0447d,80,max_ticks,,234,0.904959,219,41,0,0.033058,2,3,3,2,4,0.764559,234,0.017094,4,0,0.9109,0,45.454545,0.474984,11.897595,0,242,0,8,0.544614,1,0,1,0.658879,0.020661,7,0,1,13,80,0,1,1,73,15
replayed_judgment,73,60126832853574,judgment-ablation.replayed_judgment.r073.s60126832853574,sha256:ad7ffbe18570c33d307d056f18c2d337b3a7999cc23c1aa700a02d3f8bd70d8e,sha256:c7aa17099b77cb2edcd722709e84e42c892920316bc2047b7428f61ec31e1ee5,80,max_ticks,,234,0.904959,219,44,0,0.033058,2,3,3,2,4,0.733675,234,0.017094,4,0,0.9126,0,45.454545,0.474945,11.00707,0,242,0,8,0.579667,1,0,1,0.658879,0.020661,7,0,1,13,80,0,1,1,73,15
replayed_judgment,74,103622912935547,judgment-ablation.replayed_judgment.r074.s103622912935547,sha256:6a3332cac22f1b2761dfe124c0c9b17ec7f567b4fb5863b856a44fdd96358866,sha256:e17f02733e45ed0c9b837877d42ddc2eac58139553c81ff1b617e5081bf98839,80,max_ticks,,228,0.90678,214,41,0,0.033898,2,3,3,2,4,0.797323,228,0.017544,4,0,0.9117,0,46.610169,0.474375,11.607343,0,236,0,8,0.54487,1,0,1,0.679426,0.021186,7,0,1,12,80,0,1,1,67,14
replayed_judgment,75,76689572249920,judgment-ablation.replayed_judgment.r075.s76689572249920,sha256:86ad4d074b15816d018e748276e0316a014bc4f26b59228de27971957c5a93ed,sha256:86094e02068792148b84370835b9a5c3956977a51347bbf5e31a4c57702c782c,80,max_ticks,,230,0.903361,215,41,0,0.033613,2,3,3,2,4,0.769283,230,0.017391,4,0,0.9113,0,46.218487,0.47485,13.210939,0,238,0,8,0.558639,1,0,1,0.666667,0.021008,7,0,1,13,80,0,1,1,70,15
replayed_judgment,76,22879149902528,judgment-ablation.replayed_judgment.r076.s22879149902528,sha256:8322cff78ad0982eff7adac93a3860c0865f2b345e3c7940c9b6d86d442b06ab,sha256:2690ffa7c6ad9d420b9248d640cddf96b0ddbefb9847a8134cc5da773506b183,80,max_ticks,,233,0.908714,219,41,0,0.033195,2,3,3,2,4,0.801391,233,0.017167,4,0,0.914,0,44.605809,0.475605,12.619273,0,241,0,8,0.588929,1,0,1,0.658879,0.020747,7,0,1,12,80,0,1,1,73,14
replayed_judgment,77,45961626917818,judgment-ablation.replayed_judgment.r077.s45961626917818,sha256:32fa0823978633f3efbd171b55825e6685782fba049e61446538ff5747fafa29,sha256:4b04e9df896273133d86d8a16a8a003576cc06c3990020eda4b86cc4874f1976,80,max_ticks,,234,0.904959,219,42,0,0.033058,2,3,3,2,4,0.761263,234,0.017094,4,0,0.9107,0,45.454545,0.47486,9.575554,0,242,0,8,0.587298,1,0,1,0.658879,0.020661,7,0,1,13,80,0,1,1,73,15
replayed_judgment,78,241433799777023,judgment-ablation.replayed_judgment.r078.s241433799777023,sha256:678561f23e5566e1d83513af2485bc7b4aac362cf2d2e7d8069e481d1283a293,sha256:e77fbd93c225246e90f669fc24d4a9372ddf09e3bce033295c1b9de2d3312686,80,max_ticks,,233,0.904564,218,41,0,0.033195,2,3,3,2,4,0.767811,233,0.017167,4,0,0.9141,0,45.643154,0.475015,13.238682,0,241,0,8,0.543327,1,0,1,0.657277,0.020747,7,0,1,13,80,0,1,1,73,15
replayed_judgment,79,127720686340246,judgment-ablation.replayed_judgment.r079.s127720686340246,sha256:e4c87d8b24833e950cbbbfb3b3da0f62b01478ee0d5e9ff5bb84cb66b88067e5,sha256:495e98e21fe6cf24371b7e442b483cdf77f2563c9e4573a2e0564d2fac446ba8,80,max_ticks,,234,0.904959,219,41,0,0.033058,2,3,3,2,4,0.768575,234,0.017094,4,0,0.9085,0,45.454545,0.474581,10.371981,0,242,0,8,0.525043,1,0,1,0.658879,0.020661,7,0,1,13,80,0,1,1,73,15
replayed_judgment,80,263876294331893,judgment-ablation.replayed_judgment.r080.s263876294331893,sha256:34f2fdd50cc277b9e9152a700b003e8b04e81f8507ca9109dc17308a8a1e9f5d,sha256:d5e987c29846218938a8676e0bacae45d946553e756a6c935ac0b56271e51bf6,80,max_ticks,,229,0.902954,214,41,0,0.033755,2,3,3,2,4,0.758081,229,0.017467,4,0,0.9119,0,46.413502,0.475131,13.86732,0,237,0,8,0.532007,1,0,1,0.674641,0.021097,7,0,1,13,80,0,1,1,68,15
replayed_judgment,81,237707675484309,judgment-ablation.replayed_judgment.r081.s237707675484309,sha256:3ac719e1803232caa1366d5841e48dfa6194fc99ecb22648ef9a556060e58698,sha256:58fc4d353ab0d36dc5c0fba117d1d9b426a98bdeef7e043d193a055b966fdfd5,80,max_ticks,,231,0.903766,216,42,0,0.033473,2,3,3,2,4,0.75166,231,0.017316,4,0,0.913,0,46.025105,0.474891,12.260777,0,239,0,8,0.583669,1,0,1,0.663507,0.020921,7,0,1,13,80,0,1,1,71,15
replayed_judgment,82,134107475702514,judgment-ablation.replayed_judgment.r082.s134107475702514,sha256:efef130b1c586baf894acc0af5c71da0ccd278d93c0d41b7920d487fcff600e2,sha256:498facb2a45a8d7e4f29949bc5a372bd340fc38a780adb29d9d40106102d5f29,80,max_ticks,,231,0.903766,216,41,0,0.033473,2,3,3,2,4,0.749963,231,0.017316,4,0,0.9126,0,44.979079,0.475002,10.245959,0,239,0,8,0.581344,1,0,1,0.672986,0.020921,7,0,1,13,80,0,1,1,69,15
replayed_judgment,83,117836874297179,judgment-ablation.replayed_judgment.r083.s117836874297179,sha256:6eca64253e4ee2165cc4fbd3f8f5730ffc934631b10e9ebe36bd0d5c5b01417d,sha256:5476e481003db0b20e54d0140c165e46316bd7b40c5ec7d28184416088afac07,80,max_ticks,,232,0.915966,218,44,0,0.02521,2,3,3,2,3,0.768086,232,0.012931,3,0,0.9085,0,10.504202,0.469924,6.169873,0,238,0,6,0.580183,1,0,1,0.657277,0.004202,3,0,1,13,80,0,3,3,73,14
replayed_judgment,84,215789779638886,judgment-ablation.replayed_judgment.r084.s215789779638886,sha256:8115cacd5b7864ae733bfc5b3aef33222439e37f16347d108cb85a249a2db9e1,sha256:86520c8a6aaa69ceae936fe080da729710cb0a1122fea75befc2a5028a1e8ba6,80,max_ticks,,229,0.902954,214,44,0,0.033755,2,3,3,2,4,0.750369,229,0.017467,4,0,0.9128,0,46.413502,0.474321,13.388415,0,237,0,8,0.606745,1,0,1,0.674641,0.021097,7,0,1,13,80,0,1,1,68,15
replayed_judgment,85,68235735981533,judgment-ablation.replayed_judgment.r085.s68235735981533,sha256:69472a047939d545cc802ee0a702f4d588a8aaddc724a921561a4dfb71f50a1d,sha256:45bacdf0f6246d6bbff7eb275b75ace98f42ed20ed49de8b4b3c35b0088f5f51,80,max_ticks,,189,0.888325,175,41,0,0.040609,2,3,3,2,4,0.874685,189,0.021164,4,0,0.9134,0,55.837563,0.47365,12.594773,0,197,0,8,0.600818,1,0,1,0.835294,0.025381,7,0,1,12,80,0,1,1,28,14
replayed_judgment,86,255076023939080,judgment-ablation.replayed_judgment.r086.s255076023939080,sha256:5f48e76f69aba26c86672dd0d04aa81864e0c55db12b73898a705d267cf21d36,sha256:5e4721fe83258350cb747cf4cb242116da2449cf87cb34b5d6944a458fd85569,80,max_ticks,,164,0.866279,149,41,0,0.046512,2,3,3,2,4,0.882727,164,0.02439,4,0,0.9104,0,63.953488,0.474955,12.49872,0,172,0,8,0.624193,1,0,1,0.979167,0.02907,7,0,1,13,80,0,1,1,3,15
replayed_judgment,87,26146706299082,judgment-ablation.replayed_judgment.r087.s26146706299082,sha256:709fc97dc900dd850a57f63dd6621c98fd9a5f86e3ecc8687b41e896ff5ff7a0,sha256:be19b3212404b7cdca333b4649a7aa51d77031cbec60668d8ca4169fe3cd2bc4,80,max_ticks,,215,0.877729,201,,0,0.061135,2,2,3,2,3,0.755332,215,0.013953,3,0,0.9263,0,10.917031,0.478496,6.300487,0,229,0,14,0.539232,0.666667,0,0.961538,0.637755,0.004367,3,0,0.666667,13,80,0,11,11,71,14
replayed_judgment,88,106324969497314,judgment-ablation.replayed_judgment.r088.s106324969497314,sha256:2e41771cb29175abf9aa75cb8cc0072f1e2fda1e5a079ea092cff3218fd87e3d,sha256:6d8589b73d21af18f6253f5b7b5a473cad722d454f37d5671469cc637dadad43,80,max_ticks,,232,0.904167,217,41,0,0.033333,2,3,3,2,4,0.754971,232,0.017241,4,0,0.9121,0,45.833333,0.475633,11.649029,0,240,0,8,0.574193,1,0,1,0.660377,0.020833,7,0,1,13,80,0,1,1,72,15
replayed_judgment,89,226057765130466,judgment-ablation.replayed_judgment.r089.s226057765130466,sha256:7401acc59e5de02c8c5d18e91f9b2ae31f62093091711e56e3dd38670b495ecb,sha256:b88678d691a0eb377b26ccf4d3d420f7cea99857fa74f15f84d33eb7bbc5afad,80,max_ticks,,233,0.904564,218,44,0,0.033195,2,3,3,2,4,0.743296,233,0.017167,4,0,0.9142,0,45.643154,0.475316,12.926365,0,241,0,8,0.57608,1,0,1,0.657277,0.020747,7,0,1,13,80,0,1,1,73,15
replayed_judgment,90,252296002518790,judgment-ablation.replayed_judgment.r090.s252296002518790,sha256:8bc82bfb06ff9365c5312825f9a641cf0bfea5de3faa16593321cd0a9f950cdb,sha256:978dc98106a756500cff97d283f4cb098a65551a917948d935c0fb8f7d2733aa,80,max_ticks,,233,0.908714,219,41,0,0.033195,2,3,3,2,4,0.801581,233,0.017167,4,0,0.9116,0,45.643154,0.474405,13.280986,0,241,0,8,0.550303,1,0,1,0.658879,0.020747,7,0,1,12,80,0,1,1,73,14
replayed_judgment,91,6593257485107,judgment-ablation.replayed_judgment.r091.s6593257485107,sha256:55d4c11b55d5453f390699de264b54837feb7a40ac5d0e3c544cf302106638dd,sha256:fb5daff2a88cb0595596b846f55616c4c725b5f4c1d0a244f381b2f5b3eb6b76,80,max_ticks,,230,0.907563,216,40,0,0.033613,2,3,3,2,4,0.801202,230,0.017391,4,0,0.9109,0,46.218487,0.474936,12.628572,0,238,0,8,0.539646,1,0,1,0.668246,0.021008,7,0,1,12,80,0,1,1,70,14
replayed_judgment,92,107733111813570,judgment-ablation.replayed_judgment.r092.s107733111813570,sha256:faa1c6942f88c520f0543770ef132d170632278f87e83cc22ad78340ce531d99,sha256:035768ce25241a1144c075da9601072cdeb7a424f11bb017eed14e0bcee93984,80,max_ticks,,226,0.901709,211,41,0,0.034188,2,3,3,2,4,0.768705,226,0.017699,4,0,0.9101,0,47.008547,0.475033,13.12931,0,234,0,8,0.567729,1,0,1,0.679612,0.021368,7,0,1,13,80,0,1,1,66,15
replayed_judgment,93,72272906642654,judgment-ablation.replayed_judgment.r093.s72272906642654,sha256:8dc6dd82a8eb3458ecddcfafc809387e7537fa213901ff8d57a6f6b8bcfe7374,sha256:f1bf26b780eb117b9863f7616a88c446c7fff04c408f6de073f6f6d7050f3795,80,max_ticks,,232,0.904167,217,41,0,0.033333,2,3,3,2,4,0.765935,232,0.017241,4,0,0.9153,0,45.833333,0.475896,12.882679,0,240,0,8,0.571947,1,0,1,0.660377,0.020833,7,0,1,13,80,0,1,1,72,15
replayed_judgment,94,4034074678193,judgment-ablation.replayed_judgment.r094.s4034074678193,sha256:d669e4dd308725b0ded6ceed7ca5300dd67cc3f133a4762f77c2fa5636d7c73c,sha256:9341e1e950216ba29c5993b1f96fdee1d8ffbbfdcc19a978fc2a6d48393c9347,80,max_ticks,,233,0.904564,218,47,0,0.033195,2,3,3,2,4,0.707687,233,0.017167,4,0,0.9131,0,45.643154,0.474651,13.863438,0,241,0,8,0.565437,1,0,0.90625,0.657277,0.020747,7,0,1,13,80,0,1,1,73,15
replayed_judgment,95,160006209284117,judgment-ablation.replayed_judgment.r095.s160006209284117,sha256:7d66659a4ff956cd2e76207cf8bd17b5291e666bf54ad62575f3f78f9712da9b,sha256:c072a10aea8036336639b499aa3781a7f2a796e338cf0df6a06f1c364cd9c261,80,max_ticks,,232,0.904167,217,41,0,0.033333,2,3,3,2,4,0.768278,232,0.017241,4,0,0.9116,0,45.833333,0.475275,12.106267,0,240,0,8,0.588327,1,0,1,0.660377,0.020833,7,0,1,13,80,0,1,1,72,15
replayed_judgment,96,124596252208084,judgment-ablation.replayed_judgment.r096.s124596252208084,sha256:a9e847005752e89f96b9b311e35a88d80b8e1cd4bf17eacd6054ea17a0e93d65,sha256:df4f4df0ce449292fb93b8e6ba422a1b7523df05fc438a0f9ad20dbafcc8b951,80,max_ticks,,234,0.904959,219,42,0,0.033058,2,3,3,2,4,0.748918,234,0.017094,4,0,0.9097,0,44.421488,0.473699,9.94545,0,242,0,8,0.539494,1,0,1,0.663551,0.020661,7,0,1,13,80,0,1,1,72,15
replayed_judgment,97,108176812626590,judgment-ablation.replayed_judgment.r097.s108176812626590,sha256:57acf49cccb8f4dbb594b80528723263746e2993157e2b3ea5c051f1ba811c11,sha256:5dd45a7aa7a18048ed274dae40a594f7f55d5d17fea5e8604dd6901aa2d464f4,80,max_ticks,,233,0.904564,218,42,0,0.033195,2,3,3,2,4,0.763049,233,0.017167,4,0,0.908,0,45.643154,0.47431,11.616963,0,241,0,8,0.568509,1,0,1,0.657277,0.020747,7,0,1,13,80,0,1,1,73,15
replayed_judgment,98,51788843314953,judgment-ablation.replayed_judgment.r098.s51788843314953,sha256:893a4843686413f21379324de60dfbce4277e734e8209b6347b1be8ac604c8e2,sha256:063ba5a2e6c3db4cc001fb485502a92ba951ccc06392e0f13799242a26446fb2,80,max_ticks,,231,0.903766,216,42,0,0.033473,2,3,3,2,4,0.778585,231,0.017316,4,0,0.9104,0,46.025105,0.474758,12.463958,0,239,0,8,0.58647,1,0,1,0.668246,0.020921,7,0,1,13,80,0,1,1,70,15
replayed_judgment,99,265824573729829,judgment-ablation.replayed_judgment.r099.s265824573729829,sha256:ebe8b7df3a073067fc4d89bc8e319be23e40803f3c57d44ad780c905b99213b3,sha256:f6122dbf99514eb0390fc4817069f2297f65421dfea88553ff1f5d457f514b2f,80,max_ticks,,225,0.901288,210,42,0,0.034335,2,3,3,2,4,0.769741,225,0.017778,4,0,0.9142,0,47.2103,0.474839,12.212292,0,233,0,8,0.583054,1,0,0.9375,0.682927,0.021459,7,0,1,13,80,0,1,1,65,15
contrarian_judgment,0,57527341304683,judgment-ablation.contrarian_judgment.r000.s57527341304683,sha256:1fe044fd37d027b8eacb1bda682749483065402cd63b712c223f52a9498339e2,sha256:d522f904973b38ad67c818e1956921380fc6fd56033051c162e309c94410297d,80,max_ticks,,271,0.558719,157,65,1,0.035587,2,3,3,0,0,0.278029,271,0.387454,105,0,0.9025,0,48.932384,0.468354,5.371471,0,281,0.5,10,0.561387,1,0,1,0.738562,0.024911,8,0,1,13,80,0,2,2,40,114
contrarian_judgment,1,99278038155453,judgment-ablation.contrarian_judgment.r001.s99278038155453,sha256:f3da8cf45e3ab265a6e6b02be43f27efb7730dd983b2c9f34640c9fd6bbaaadb,sha256:83ae245b6a4213f343cc956a4f3136c2c5944b18815e27a1a6f7b45fee168d58,80,max_ticks,,273,0.561837,159,66,1,0.035336,2,3,3,0,0,0.277474,273,0.384615,105,0,0.9026,0,48.586572,0.467433,4.919388,0,283,0.5,10,0.633181,1,0,1,0.735484,0.024735,9,0,1,13,80,0,1,1,41,114
contrarian_judgment,2,256815052586320,judgment-ablation.contrarian_judgment.r002.s256815052586320,sha256:3fecef65e9f5485da4246ac16ea9bce1e07a558ce57261dde1086e13463bc4f7,sha256:1b32b98e5cd59d148e79be02e9151a15a869bf05558f6ed61f4b494b4a152c0c,80,max_ticks,,271,0.571942,159,65,0,0.02518,2,3,3,0,0,0.271182,271,0.380074,103,0,0.9017,0,17.985612,0.464232,5.028143,0,278,0.5,7,0.596929,1,0,1,0.735484,0.007194,5,0,1,13,80,0,2,2,41,112
contrarian_judgment,3,54666758928369,judgment-ablation.contrarian_judgment.r003.s54666758928369,sha256:0b5435622db0b9d014eaa0438e16fd4badd6947beea6bef3ca5e864103d72ddb,sha256:b62ea4b9101c7f52d5f088864ea6d9dea0bdc2c0c5d8e0cc7b33306e95c6f7a2,80,max_ticks,,207,0.543779,118,65,1,0.046083,2,3,3,0,0,0.293337,207,0.386473,80,0,0.9051,0,63.364055,0.467421,3.834038,0,217,1,10,0.643295,1,0,1,0.991228,0.032258,8,0,1,13,80,0,2,2,1,89
contrarian_judgment,4,265295863012748,judgment-ablation.contrarian_judgment.r004.s265295863012748,sha256:9df906b68f2307f38bb759d5e716bf237df545652380e3b198c9b91ab347e047,sha256:fb8858ec9b0895ca89fb2fe8f5f4b6fc8cbbf1ad7925f501f124fdf1b5693f4f,80,max_ticks,,264,0.56,154,66,1,0.04,2,3,3,0,0,0.284767,264,0.382576,101,0,0.9063,0,50,0.470101,5.016214,0,275,0.5,11,0.572978,1,0.002778,1,0.753333,0.025455,9,0,1,13,80,0,2,2,37,110
contrarian_judgment,5,165917763013172,judgment-ablation.contrarian_judgment.r005.s165917763013172,sha256:c5ff9a2cda78411683bb47f596528d0aa05f954050d8bc73253443126daedd91,sha256:7d6dfac95d288499db9a5009d2a2eb57d6d16e0a76cb504e2b3e9cccc94d69ed,80,max_ticks,,273,0.558304,158,72,1,0.035336,2,3,3,0,0,0.291816,273,0.388278,106,0,0.9056,0,48.586572,0.468187,4.591196,0,283,0.5,10,0.582657,1,0,1,0.733766,0.024735,8,0,1,13,80,0,2,2,41,115
contrarian_judgment,6,252736664674552,judgment-ablation.contrarian_judgment.r006.s252736664674552,sha256:404f5acff94ba6533942ba938e4f94451efbdf6b4f962a2ad5a71cc9bd5c2d9c,sha256:4442666845c29b440be427a3df61cbb6dcabc898ccb5d030015980892f443ec3,80,max_ticks,,262,0.566176,154,65,1,0.036765,2,3,3,0,0,0.275965,262,0.377863,99,0,0.9023,0,50.551471,0.467977,4.40147,0,272,1,10,0.617947,1,0,1,0.76,0.025735,8,0,1,13,80,0,2,2,36,108
contrarian_judgment,7,43001839530755,judgment-ablation.contrarian_judgment.r007.s43001839530755,sha256:33705ac78bcbfe259274a5bf951de44c89582ad414194a97b098f9b14039a8bd,sha256:be4d5b85eac830ef73d4944f0ae31dba09adf52e69c572b5dbc1f955d98fc75d,80,max_ticks,,271,0.565836,159,66,1,0.035587,2,3,3,0,0,0.261862,271,0.380074,103,0,0.9065,0,48.932384,0.467997,5.623029,0,281,0.5,10,0.603147,1,0,1,0.735484,0.024911,8,0,1,13,80,0,2,2,41,112
contrarian_judgment,8,221957817213145,judgment-ablation.contrarian_judgment.r008.s221957817213145,sha256:786ac8d2e56476e5385186a65e49c6dd381e7988dfe5414cacf192538430184e,sha256:8ebaefc24be83224689641c1cd31f9a2880a6fd5b2be68f36293b79fafbdb082,80,max_ticks,,273,0.565371,160,65,1,0.035336,2,3,3,0,0,0.268532,273,0.384615,105,0,0.8977,0,48.586572,0.468204,5.253827,0,283,0.5,10,0.616044,1,0,1,0.737179,0.024735,9,0,1,12,80,0,1,1,41,113
contrarian_judgment,9,151369659976869,judgment-ablation.contrarian_judgment.r009.s151369659976869,sha256:da76f9f5b1906cdd0f6af5b6fe60e039b77b582e65dd5b79d28dc6b5df99fe63,sha256:7626dd30881505287e4f9e247217e76bcaf5b786886ddf143326e16b59558749,80,max_ticks,,265,0.584559,159,68,0,0.025735,2,3,3,0,0,0.233686,265,0.369811,98,0,0.9015,0,18.382353,0.464219,6.598379,0,272,2,7,0.657666,1,0,1,0.741935,0.007353,5,0,1,12,80,0,2,2,40,106
contrarian_judgment,10,42750273790937,judgment-ablation.contrarian_judgment.r010.s42750273790937,sha256:5b2c839e9cdbffd689258637470461d6f756af1e15832c89fa0202e8f22edada,sha256:1b6d4fc9d908560d00b5cb15bf8e733ef8ec95be85d6f5a36356af571cf3997b,80,max_ticks,,267,0.555957,154,65,1,0.036101,2,3,3,0,0,0.262789,267,0.389513,104,0,0.9074,0,49.638989,0.468391,5.104151,0,277,0.5,10,0.585686,1,0,1,0.76,0.025271,8,0,1,13,80,0,2,2,36,113
contrarian_judgment,11,265000021645429,judgment-ablation.contrarian_judgment.r011.s265000021645429,sha256:a1795636904c8d869068caa2b632f3df9be919067f4943362216cebf8467e4f8,sha256:41d79a1bc7a10ed1fd1658ea08808aff4a1c45ebbf5b3e96841fde4658dde6da,80,max_ticks,,272,0.56383,159,65,1,0.035461,2,3,3,0,0,0.269191,272,0.386029,105,0,0.8989,0,48.758865,0.467582,4.928437,0,282,0.5,10,0.601948,1,0,1,0.735484,0.024823,9,0,1,12,80,0,1,1,41,113
contrarian_judgment,12,105765016728113,judgment-ablation.contrarian_judgment.r012.s105765016728113,sha256:52885b6aa9690b906b1664639e708dc226c0e879b21d1105b0239e7aac30bd2a,sha256:0ac7393ed0129f18899235c3b5b5bab7c346f64ea91b8e5b0f4d261c28f14b5c,80,max_ticks,,268,0.561151,156,65,1,0.035971,2,3,3,0,0,0.2748,268,0.384328,103,0,0.9059,0,49.460432,0.469869,4.111602,0,278,1,10,0.59272,1,0,1,0.743421,0.02518,8,0,1,13,80,0,2,2,39,112
contrarian_judgment,13,87362427631443,judgment-ablation.contrarian_judgment.r013.s87362427631443,sha256:16ffc5a9729082ad1cb6089e7a8566817756d3b66f723a0897d871b7530b18a4,sha256:51b3436c985ae98ccf3cf8094cf378819ffb9e22e3659679ef18c3c15a61c084,80,max_ticks,,206,0.546296,118,66,1,0.046296,2,3,3,0,0,0.294977,206,0.383495,79,0,0.9055,0,63.657407,0.468234,3.792817,0,216,1,10,0.656574,1,0,1,0.991228,0.032407,9,0,1,13,80,0,1,1,1,88
contrarian_judgment,14,267385964521992,judgment-ablation.contrarian_judgment.r014.s267385964521992,sha256:81488ab8caef39a1699e51b115f55231fc06bc1f1510e889adb526dd910f2beb,sha256:bf1325b89e2749bbd7993e18212d78aaaba490ad07472b9e5785a6cd73f4d0f4,80,max_ticks,,272,0.560284,158,65,1,0.035461,2,3,3,0,0,0.277593,272,0.386029,105,0,0.9032,0,48.758865,0.468189,5.022848,0,282,0.5,10,0.618144,1,0,1,0.733766,0.024823,9,0,1,13,80,0,1,1,41,114
contrarian_judgment,15,50338251191256,judgment-ablation.contrarian_judgment.r015.s50338251191256,sha256:a4319f5547a6bb8b82fda5a0be98eb43f97e14c6d77998cff9c351067e155164,sha256:53df5a54d453443c4fea9d392a2f3db5b189a1fdefdf0a247c63702f485b8c82,80,max_ticks,,267,0.559567,155,65,1,0.036101,2,3,3,0,0,0.291796,267,0.385768,103,0,0.9043,0,49.638989,0.467503,6.169703,0,277,0.5,10,0.635938,1,0,1,0.754967,0.025271,9,0,1,13,80,0,1,1,37,112
contrarian_judgment,16,174028374442274,judgment-ablation.contrarian_judgment.r016.s174028374442274,sha256:85ef174cc1b89d63cf73ba6fae02990f45970d51a3de9548c1b1109017c71e27,sha256:02c75cc44c8a97b0a11cc1234bbd3eb36bca52f4826669039b4f1f236fe6a4ba,80,max_ticks,,273,0.565371,160,65,1,0.035336,2,3,3,0,0,0.271913,273,0.384615,105,0,0.903,0,48.586572,0.467975,4.5113,0,283,0.5,10,0.642982,1,0,1,0.737179,0.024735,8,0,1,12,80,0,2,2,41,113
contrarian_judgment,17,262349356812342,judgment-ablation.contrarian_judgment.r017.s262349356812342,sha256:d0e4387096dedd1120edcb8bcff7b61dcfcdc23eeca5454f3b5631a24064e7ea,sha256:a236d5f1644df95a351b914512933086a7a5f23ab0961c5b07a79fe33e69fc5c,80,max_ticks,,269,0.562724,157,65,1,0.035842,2,3,3,0,0,0.252309,269,0.3829,103,0,0.9015,0,49.283154,0.467466,4.526899,0,279,0.5,10,0.550702,1,0,1,0.738562,0.02509,9,0,1,13,80,0,1,1,40,112
contrarian_judgment,18,85578585668014,judgment-ablation.contrarian_judgment.r018.s85578585668014,sha256:21a95149182eede7e59096dc3cd9da367c118a74f1924f1c44a7005b48087ac0,sha256:e122ee7eede8eac1d61767a106394e1af128429afc7adc35de2e427871a7a9a7,80,max_ticks,,272,0.56383,159,66,1,0.035461,2,3,3,0,0,0.283363,272,0.382353,104,0,0.9029,0,48.758865,0.46848,4.52872,0,282,0.5,10,0.593513,1,0,1,0.735484,0.024823,8,0,1,13,80,0,2,2,41,113
contrarian_judgment,19,107018321236797,judgment-ablation.contrarian_judgment.r019.s107018321236797,sha256:1dbd4e7b82c2799ffa12c458cb6917327cdaaa32bfa6358e4f0cd9a26746994a,sha256:872df29b1d4142d1982cb4e62ccfb810161847c54b75185b1b00897e630cc7ec,80,max_ticks,,247,0.553435,145,,0,0.057252,2,2,3,0,0,0.350106,247,0.376518,93,0,0.9204,0,19.083969,0.472253,5.832101,0,262,3,15,0.599283,0.666667,0,0.833333,0.716312,0.007634,5,0,0.666667,13,80,0,10,10,40,102
contrarian_judgment,20,5701907027736,judgment-ablation.contrarian_judgment.r020.s5701907027736,sha256:079e32518021acd0bb1d2cd2a20431125bbe4d3dcb561f82712359f893306e4e,sha256:3f010e801d1ec0412cddf76c9a9d2b4d61d5e7b85186efec4cdcc55548b0b93a,80,max_ticks,,268,0.561151,156,66,1,0.035971,2,3,3,0,0,0.262018,268,0.384328,103,0,0.9026,0,49.460432,0.467874,5.670392,0,278,0.5,10,0.604885,1,0,1,0.756579,0.02518,8,0,1,13,80,0,2,2,37,112
contrarian_judgment,21,51186872990512,judgment-ablation.contrarian_judgment.r021.s51186872990512,sha256:29c1108f1a360ec8ebc2c468deca8e81a37ed52e8fbd2f6936aa5af41f9228fd,sha256:a372fba6a4b2c40bc7465ed8a40cd3d56837c1861a52560515d80e6f091b597d,80,max_ticks,,261,0.564576,153,65,1,0.0369,2,3,3,0,0,0.263435,261,0.383142,100,0,0.9038,0,50.738007,0.467847,3.184914,0,271,0.5,10,0.572236,1,0,1,0.765101,0.02583,8,0,1,12,80,0,2,2,35,108
contrarian_judgment,22,188948363392988,judgment-ablation.contrarian_judgment.r022.s188948363392988,sha256:1fcf4b5528c96a64ab38787d82bf64d8e7d2f37ce2fa112fd7dd3a3b77a51922,sha256:941015a62b314894fd7d7744245451010bf5eee97593b91bb18c515de916d144,80,max_ticks,,251,0.56705,148,65,1,0.038314,2,3,3,0,0,0.259277,251,0.378486,95,0,0.9023,0,52.681992,0.468039,4.593943,0,261,0.5,10,0.595204,1,0,1,0.791667,0.02682,9,0,1,12,80,0,1,1,30,103
contrarian_judgment,23,119597358959743,judgment-ablation.contrarian_judgment.r023.s119597358959743,sha256:9a2a402f2d70338c8db1768cc33bd13c6b194f009111b7f4d755339e68268cf8,sha256:f5a89acc5479fae052cd998e15328bdf1b14cbd7c6461289573811a81f5b1b08,80,max_ticks,,272,0.560284,158,65,1,0.035461,2,3,3,0,0,0.276613,272,0.386029,105,0,0.9079,0,48.758865,0.4673,4.989457,0,282,0.5,10,0.63781,1,0,1,0.733766,0.024823,9,0,1,13,80,0,1,1,41,114
contrarian_judgment,24,63259633888481,judgment-ablation.contrarian_judgment.r024.s63259633888481,sha256:ef2933200a35ae821e411b7e8bc01c9f3fe41c981c27e3afdcc89e87db088ccc,sha256:024203fc92c90c65009f20aaa249b5ad4529c2ecd3dbda0b5f09a64501560b71,80,max_ticks,,266,0.565217,156,67,1,0.036232,2,3,3,0,0,0.280149,266,0.379699,101,0,0.9059,0,49.818841,0.469269,3.325948,0,276,1.5,10,0.614101,1,0,1,0.743421,0.025362,8,0,1,13,80,0,2,2,39,110
contrarian_judgment,25,220976159642645,judgment-ablation.contrarian_judgment.r025.s220976159642645,sha256:0b1e3f132dc2ef13cbdf7a41a10ba0f4dcfaaf9d6256a3d8045ababb9f5c3fd6,sha256:bd7e652ea8c555b010c7be4d45f19bb691dde1a4cf4bd6853d5de788cda3d777,80,max_ticks,,270,0.570397,158,65,0,0.025271,2,3,3,0,0,0.263454,270,0.381481,103,0,0.9003,0,18.050542,0.463806,5.015463,0,277,0.5,7,0.597615,1,0,1,0.733766,0.00722,5,0,1,13,80,0,2,2,41,112
contrarian_judgment,26,267351106039472,judgment-ablation.contrarian_judgment.r026.s267351106039472,sha256:c23e6dfdb3b42df3876c8ce7e8eeaa548ec195214c2ae063d08e7fb781576cb1,sha256:84834f6a818de4b5caa38a517f788147ec53bade86de2ea4c046d6ad3d53a1e6,80,max_ticks,,270,0.560714,157,65,1,0.035714,2,3,3,0,0,0.262281,270,0.388889,105,0,0.905,0,49.107143,0.467994,5.770484,0,280,0.5,10,0.5847,1,0,1,0.745098,0.025,9,0,1,12,80,0,1,1,39,113
contrarian_judgment,27,79356475614569,judgment-ablation.contrarian_judgment.r027.s79356475614569,sha256:846463cd1a698633efb11b51c70fcc8d21bf8683bc167846448957e2f9b1a0a1,sha256:f7ebc7f6ed1a3f6d0c4a413098d34a3a67ecfd1fd7a1f109e5c1e5c184e24849,80,max_ticks,,268,0.557554,155,66,1,0.035971,2,3,3,0,0,0.319519,268,0.38806,104,0,0.9017,0,49.460432,0.468976,5.882437,0,278,0.5,10,0.599275,1,0,1,0.754967,0.02518,9,0,1,13,80,0,1,1,37,113
contrarian_judgment,28,182423689935324,judgment-ablation.contrarian_judgment.r028.s182423689935324,sha256:cf6e5f65087bee428ea0c5a7345a8f48535522e045799f2221848d69171a65da,sha256:e2fba445e171db0bda13975a71381914c504e7a317e1503ba2c1cb55eca9cd54,80,max_ticks,,271,0.562278,158,67,1,0.035587,2,3,3,0,0,0.285315,271,0.383764,104,0,0.9026,0,48.932384,0.468128,4.437365,0,281,0.5,10,0.592852,1,0,1,0.733766,0.024911,9,0,1,13,80,0,1,1,41,113
contrarian_judgment,29,111109937806271,judgment-ablation.contrarian_judgment.r029.s111109937806271,sha256:203e6dda33c3db154071680ece3141ca7318c31e8faf58e3cd7167f9b5b160c7,sha256:dd417750e58e12cef512a17dd17970b09a97210d1050e9f17d6b95b12950357a,80,max_ticks,,271,0.562278,158,66,1,0.035587,2,3,3,0,0,0.23242,271,0.387454,105,0,0.9074,0,48.932384,0.468269,5.490148,0,281,0.5,10,0.619253,1,0,1,0.753247,0.024911,9,0,1,12,80,0,1,1,38,113
contrarian_judgment,30,130394613034230,judgment-ablation.contrarian_judgment.r030.s130394613034230,sha256:6bd9c3e24db796a0519609db5c9d3dd598dbc8f3162757c092d88d4d5e952a7f,sha256:4765f420631cc455bbf3d3b63fefb04a2d7803629df9a242b65a22f6df965802,80,max_ticks,,271,0.558719,157,66,1,0.035587,2,3,3,0,0,0.284774,271,0.387454,105,0,0.9,0,48.932384,0.468109,5.206152,0,281,0.5,10,0.545058,1,0,1,0.738562,0.024911,9,0,1,13,80,0,1,1,40,114
contrarian_judgment,31,269769521741202,judgment-ablation.contrarian_judgment.r031.s269769521741202,sha256:48c46664447c0e3b57aeaa329d4c8e69536f8ce9b834fb1d116c0363c21c20aa,sha256:983eb54a8de6465d656987d1c0d50485d600288fbab9325d783970fdd28e5050,80,max_ticks,,272,0.56383,159,65,1,0.035461,2,3,3,0,0,0.266546,272,0.386029,105,0,0.9023,0,48.758865,0.466696,3.097394,0,282,0.5,10,0.614078,1,0,1,0.735484,0.024823,8,0,1,12,80,0,2,2,41,113
contrarian_judgment,32,211127800505858,judgment-ablation.contrarian_judgment.r032.s211127800505858,sha256:5aa8f08af3f6dfe535311c41c9a7d746f10aff7fbf7a2bf3e85df4e28a5b94d3,sha256:c5dde040a317eada2f8d7fe0b833ae5e8ad8eb5e90f0bd3da8d983ebeb753cf9,80,max_ticks,,270,0.564286,158,65,1,0.035714,2,3,3,0,0,0.267491,270,0.381481,103,0,0.9041,0,49.107143,0.468029,5.167337,0,280,0.5,10,0.58189,1,0,1,0.74026,0.025,9,0,1,13,80,0,1,1,40,112
contrarian_judgment,33,159151711187285,judgment-ablation.contrarian_judgment.r033.s159151711187285,sha256:1e574b8d7c46c272c8f562521ba1f9e9c72f6aa84a259b158c98fa002eb0f899,sha256:69bffa0fc9a57a48cea609365c69e406671dd3659fb768fc2a5565e9b7bf87aa,80,max_ticks,,270,0.564286,158,65,1,0.035714,2,3,3,0,0,0.276933,270,0.381481,103,0,0.9033,0,49.107143,0.469328,3.997407,0,280,0.5,10,0.618636,1,0,1,0.733766,0.025,8,0,1,13,80,0,2,2,41,112
contrarian_judgment,34,273916131716412,judgment-ablation.contrarian_judgment.r034.s273916131716412,sha256:3a1534657f316388f8fd66f7a9d215f8a2e8ad7e0d7b1febba9e072e78771033,sha256:99132e6c0ea81d000dd2bd4ac8aa517494e53ddf0cdb838928d386dd03362206,80,max_ticks,,272,0.560284,158,65,1,0.035461,2,3,3,0,0,0.275172,272,0.386029,105,0,0.9064,0,48.758865,0.467931,3.767026,0,282,0.5,10,0.634749,1,0,1,0.733766,0.024823,8,0,1,13,80,0,2,2,41,114
contrarian_judgment,35,65323758223108,judgment-ablation.contrarian_judgment.r035.s65323758223108,sha256:826412992ab47aa20cb34d696e21999baad659c9d731301fbd70a7722634caf9,sha256:f1267b1344fc34e2ab78dc8332c33d0fdac9c5efa3d20a8d9f95bd5d4d4abbc8,80,max_ticks,,248,0.543726,143,,0,0.057034,2,2,3,0,0,0.321326,248,0.387097,96,0,0.9221,0,19.011407,0.473015,5.267657,0,263,2,15,0.612701,0.666667,0,0.916667,0.705036,0.007605,5,0,0.666667,13,80,0,10,10,41,105
contrarian_judgment,36,24508646137620,judgment-ablation.contrarian_judgment.r036.s24508646137620,sha256:98b0a0e163ee63bbd62c1b60d9900097a338f596a75328fb256bf2195ecaf5d4,sha256:ce4a0dcc769893db89a8df0fa9138029be5380650e283c1ad07204965dd379ed,80,max_ticks,,268,0.557554,155,65,1,0.035971,2,3,3,0,0,0.250015,268,0.391791,105,0,0.8998,0,49.460432,0.466966,4.374034,0,278,0.5,10,0.598117,1,0,1,0.754967,0.02518,9,0,1,12,80,0,1,1,37,113
contrarian_judgment,37,247798458636041,judgment-ablation.contrarian_judgment.r037.s247798458636041,sha256:47e8cca2daf18cd48d25a35ef95de414667805555250cb413f932d2d92a61db0,sha256:ca4334fe19a0e80c9e1e72dae68d6880f2891d74a046ea0ce257e415ec491c73,80,max_ticks,,271,0.562278,158,68,1,0.035587,2,3,3,0,0,0.289061,271,0.383764,104,0,0.9009,0,48.932384,0.468208,5.441071,0,281,0.5,10,0.632694,1,0,1,0.733766,0.024911,9,0,1,13,80,0,1,1,41,113
contrarian_judgment,38,237331592044072,judgment-ablation.contrarian_judgment.r038.s237331592044072,sha256:e4610001f32747dd92c591c52f1e7c926d1537e0526da016328df0e2297efca8,sha256:3afef6acb2c00a2242a85289a67b357eafdef73886ad0e4c4bb0d1eaea15a2b6,80,max_ticks,,262,0.5625,153,65,1,0.036765,2,3,3,0,0,0.287598,262,0.385496,101,0,0.9016,0,50.551471,0.466544,3.318749,0,272,0.5,10,0.599751,1,0,1,0.765101,0.025735,8,0,1,12,80,0,2,2,35,109
contrarian_judgment,39,130211102639073,judgment-ablation.contrarian_judgment.r039.s130211102639073,sha256:2bb5290a899046902fc087197a179620a81fb9f466bd0265e485cf4a82c842aa,sha256:0497fd0587d0c1cbb05df24b2de7d5c397dc6d0d91a3c02ae663c75dfa8b0697,80,max_ticks,,271,0.558719,157,65,1,0.035587,2,3,3,0,0,0.286414,271,0.387454,105,0,0.906,0,48.932384,0.468554,3.498849,0,281,0.5,10,0.600609,1,0,1,0.738562,0.024911,8,0,1,13,80,0,2,2,40,114
contrarian_judgment,40,206363982526286,judgment-ablation.contrarian_judgment.r040.s206363982526286,sha256:c0ad0c5825a9f1aae7e2c2401445d9aa14b4fa614ac718b3bad06618d8314ade,sha256:391faff08ce4a1cceee1db6f0586e8215e2609eb83952f37e7cf0a30244a0be7,80,max_ticks,,269,0.55914,156,65,1,0.035842,2,3,3,0,0,0.296764,269,0.390335,105,0,0.9057,0,49.283154,0.46748,3.576178,0,279,0.5,10,0.638866,1,0,1,0.756579,0.02509,8,0,1,12,80,0,2,2,37,113
contrarian_judgment,41,163461166554860,judgment-ablation.contrarian_judgment.r041.s163461166554860,sha256:854a74aabb820b53f8aeaf0c49a2c59799e078ff664bfbba37be068bf89d597a,sha256:6f38840f25fa82db4e90a73b2c00ad6232b42a4d97f59b723bd75f8eba5c18b0,80,max_ticks,,265,0.557971,154,65,1,0.039855,2,3,3,0,0,0.311011,265,0.384906,102,0,0.9015,0,49.818841,0.470033,3.45626,0,276,0.5,11,0.584535,1,0,1,0.76,0.025362,9,0,1,13,80,0,2,2,36,111
contrarian_judgment,42,6348294522231,judgment-ablation.contrarian_judgment.r042.s6348294522231,sha256:e62c13fa692c4d3cc4b64b43b1a1277c65f162976fecd9c3d8c32c1cd4f75456,sha256:c606cc8038e90dbcc401388ff4d206d5a962715ef968314fa056626d3fa49953,80,max_ticks,,268,0.557554,155,64,1,0.035971,2,3,3,0,0,0.299821,268,0.38806,104,0,0.8998,0,49.460432,0.46675,3.182063,0,278,0.5,10,0.636473,1,0,1,0.748344,0.02518,8,0,1,13,80,0,2,2,38,113
contrarian_judgment,43,25119152934151,judgment-ablation.contrarian_judgment.r043.s25119152934151,sha256:ba12950cc6e32451df4032216d6191dfac42002f74d8dc1ec65bdcee93f4be11,sha256:127c15c75b628e5e7c53aadba976dc43443766d0d9020f27b9d728733b815ff3,80,max_ticks,,273,0.561837,159,65,1,0.035336,2,3,3,0,0,0.282377,273,0.384615,105,0,0.9041,0,48.586572,0.468619,5.294203,0,283,0.5,10,0.616449,1,0,1,0.735484,0.024735,9,0,1,13,80,0,1,1,41,114
contrarian_judgment,44,261866152976538,judgment-ablation.contrarian_judgment.r044.s261866152976538,sha256:7f1ccbc628d16b90e4b524d1109be0bebd443234f02fa85f8d69dfe2df374869,sha256:51f9abce67202700c902a3a4d6d73787d45c707c126ea4143d40e8ec6a1da546,80,max_ticks,,272,0.560284,158,65,1,0.035461,2,3,3,0,0,0.27984,272,0.386029,105,0,0.9015,0,48.758865,0.468891,4.473931,0,282,0.5,10,0.633559,1,0,1,0.733766,0.024823,9,0,1,13,80,0,1,1,41,114
contrarian_judgment,45,260525559251538,judgment-ablation.contrarian_judgment.r045.s260525559251538,sha256:f5f55812d871764c3741ef7ec28e1daae7adeb26ff7bed352fd0cefd134fee54,sha256:efc8dc68492466ecb8d317214bcb5795038512a6e2e75b424df56ed17e2e4f4c,80,max_ticks,,264,0.571956,155,65,0,0.02583,2,3,3,0,0,0.257294,264,0.378788,100,0,0.9028,0,18.450185,0.464007,4.465241,0,271,2,7,0.642137,1,0,1,0.754967,0.00738,5,0,1,13,80,0,2,2,37,109
contrarian_judgment,46,233461212355422,judgment-ablation.contrarian_judgment.r046.s233461212355422,sha256:fe6f01e3b48aa25ad46f328fc08b71aad01fe06dfa657747fb271127f814ac5d,sha256:fb2b54101da1eecc28f045cf41be63bdc32dfa21087c10494037093988384ea9,80,max_ticks,,270,0.564286,158,65,1,0.035714,2,3,3,0,0,0.281593,270,0.381481,103,0,0.9042,0,49.107143,0.468279,4.482223,0,280,0.5,10,0.621537,1,0,1,0.74026,0.025,8,0,1,13,80,0,2,2,40,112
contrarian_judgment,47,12438102688673,judgment-ablation.contrarian_judgment.r047.s12438102688673,sha256:01b56c2a7fb2a4779250a2e06fa7180aed10a3dcd4c38a56d92a290e574dbccf,sha256:9a09d9a6af9e5cb0259912a22371b81fff31cbd88a6b972710128e19d294800c,80,max_ticks,,208,0.545872,119,66,1,0.045872,2,3,3,0,0,0.294101,208,0.384615,80,0,0.9027,0,63.073394,0.468284,5.85133,0,218,1,10,0.655799,1,0,1,0.991304,0.03211,9,0,1,13,80,0,1,1,1,89
contrarian_judgment,48,171927412137762,judgment-ablation.contrarian_judgment.r048.s171927412137762,sha256:04d43927008a08e6a42449323ef82291720b9bafb80ab56bebf8238dae3f6c0a,sha256:40c2841da7323aaf60d4f440446402be1821d1dc46c66108a4071398a4be1ac7,80,max_ticks,,273,0.561837,159,65,1,0.035336,2,3,3,0,0,0.280576,273,0.384615,105,0,0.9025,0,48.586572,0.468338,5.10958,0,283,0.5,10,0.571181,1,0,1,0.735484,0.024735,9,0,1,13,80,0,1,1,41,114
contrarian_judgment,49,207150313255873,judgment-ablation.contrarian_judgment.r049.s207150313255873,sha256:048f5d4699154e58f4f57623453d85b1bdf3ae935461b338976f45b4851f3d6c,sha256:1c8aefb5f847e6ea4dd76e17d970c1e18aa0259e39ec687525696b9dd1ce64ee,80,max_ticks,,272,0.56383,159,65,1,0.035461,2,3,3,0,0,0.287464,272,0.382353,104,0,0.9021,0,48.758865,0.467823,3.919867,0,282,0.5,10,0.629388,1,0,1,0.735484,0.024823,9,0,1,13,80,0,1,1,41,113
contrarian_judgment,50,147549711035952,judgment-ablation.contrarian_judgment.r050.s147549711035952,sha256:29c243f4dd8c8e27b687992b620cc39396d73da993b6982cba3354228d99b839,sha256:d6ffbd7493098b29f3da45a7e476007f6aad3b7ec11912bb878aab8fc6680684,80,max_ticks,,272,0.560284,158,65,1,0.035461,2,3,3,0,0,0.282559,272,0.386029,105,0,0.8996,0,48.758865,0.468192,3.448475,0,282,0.5,10,0.598993,1,0,1,0.733766,0.024823,8,0,1,13,80,0,2,2,41,114
contrarian_judgment,51,217859932877989,judgment-ablation.contrarian_judgment.r051.s217859932877989,sha256:4e155f608c9fa94911a50b4e7acdeade5219ef4d721748b48aa4dc2af854d41f,sha256:74dd940bb937ebf2a86c6cf7cff873a63fa82270d25cb6c1cecbe4bb3df12f22,80,max_ticks,,265,0.56,154,68,1,0.036364,2,3,3,0,0,0.296355,265,0.384906,102,0,0.9034,0,50,0.46808,5.314243,0,275,1,10,0.610468,1,0,1,0.753333,0.025455,9,0,1,13,80,0,1,1,37,111
contrarian_judgment,52,20561522542192,judgment-ablation.contrarian_judgment.r052.s20561522542192,sha256:8b9448def3f88416a1ade97183eae36bb42a29296b800712e96a3bc5aaa0bc15,sha256:5b561cb85dcc9010e4d7893bfbc8dfa30f890b1c051a9b9e0a8b7d48e5f2c46f,80,max_ticks,,264,0.564576,153,65,0,0.02583,2,3,3,0,0,0.273137,264,0.390152,103,0,0.9045,0,18.450185,0.463709,5.366332,0,271,1,7,0.626172,1,0,1,0.765101,0.00738,5,0,1,12,80,0,2,2,35,111
contrarian_judgment,53,113770858549658,judgment-ablation.contrarian_judgment.r053.s113770858549658,sha256:fa51a24d844c6c8a4ccbe29d979986a40e3d63428d2dba6db42caa5963f6926d,sha256:e10c37bf3a101514de37248e8c6fd74193b0e5b0ba120d913c6f35edd1669c48,80,max_ticks,,272,0.56383,159,67,1,0.035461,2,3,3,0,0,0.271278,272,0.382353,104,0,0.9075,0,48.758865,0.469269,6.188008,0,282,0.5,10,0.591905,1,0,1,0.735484,0.024823,8,0,1,13,80,0,2,2,41,113
contrarian_judgment,54,220480274519613,judgment-ablation.contrarian_judgment.r054.s220480274519613,sha256:f9384d4835bc5267bebc76e05ba933c9afaeff88f8dfbe2acfd71ae5eb6b4018,sha256:8d8bb534a9f15b2cf9ee5cebe2b6208aa08cdf69ff3b419851da91d92e275565,80,max_ticks,,265,0.563636,155,65,1,0.036364,2,3,3,0,0,0.292241,265,0.381132,101,0,0.906,0,50,0.467543,5.810878,0,275,0.5,10,0.556161,1,0,1,0.748344,0.025455,9,0,1,13,80,0,1,1,38,110
contrarian_judgment,55,214070485627961,judgment-ablation.contrarian_judgment.r055.s214070485627961,sha256:40514d7a01c588914e50f0f064416b16921070cf03962778551fd7bb1ff93e57,sha256:b513ae41e2a9052304f0b0c3fcfc8151fcc4cfd2a23393aa86af724a6fcafd92,80,max_ticks,,269,0.562724,157,66,1,0.035842,2,3,3,0,0,0.267603,269,0.386617,104,0,0.9045,0,49.283154,0.468246,4.210849,0,279,0.5,10,0.629914,1,0,1,0.751634,0.02509,8,0,1,12,80,0,2,2,38,112
contrarian_judgment,56,206892861191288,judgment-ablation.contrarian_judgment.r056.s206892861191288,sha256:e139248de8147f4cf59f98bf9775246359a3e3957f757395ddd55b204e4360a4,sha256:736fdd22bfdf68d62ca64c466a1c74065bc439c4e3e0357fe0341133bb80dcf5,80,max_ticks,,273,0.565371,160,66,1,0.035336,2,3,3,0,0,0.271963,273,0.384615,105,0,0.9,0,48.586572,0.466645,5.883892,0,283,0.5,10,0.599719,1,0,1,0.737179,0.024735,9,0,1,12,80,0,1,1,41,113
contrarian_judgment,57,226314190322891,judgment-ablation.contrarian_judgment.r057.s226314190322891,sha256:0fc93e0151e01153dcfc6d64427f109269538facfcc1b81cdbce2bf0c740a38e,sha256:ae2e5339cff922c569e3e681bf70a8061615b4fe959716c286f78ded1bfde8b0,80,max_ticks,,272,0.560284,158,65,1,0.035461,2,3,3,0,0,0.277259,272,0.386029,105,0,0.9042,0,48.758865,0.467861,4.721443,0,282,0.5,10,0.574581,1,0,1,0.733766,0.024823,8,0,1,13,80,0,2,2,41,114
contrarian_judgment,58,15072225093037,judgment-ablation.contrarian_judgment.r058.s15072225093037,sha256:b6cbfde7d96b24ab8efbbc0ba1c0593ebbff5e105b3a97122fb398bcdc49daf1,sha256:5b48d29aaa9b0fa953550629a7568307cc245169f69d54ca897fa5373734664e,80,max_ticks,,270,0.564286,158,66,1,0.035714,2,3,3,0,0,0.276427,270,0.381481,103,0,0.9039,0,49.107143,0.467785,4.874051,0,280,0.5,10,0.553489,1,0,1,0.74026,0.025,8,0,1,13,80,0,2,2,40,112
contrarian_judgment,59,25078129984675,judgment-ablation.contrarian_judgment.r059.s25078129984675,sha256:4e8bab0146447d0632cc3bfd11f227b3f8dfe88b1b0124e982f7660517d1e735,sha256:d2fb2c220a4dce364db04a0791f6959623d745082c14f782166e48eec28401d3,80,max_ticks,,272,0.56383,159,66,1,0.035461,2,3,3,0,0,0.262652,272,0.386029,105,0,0.9004,0,48.758865,0.467211,3.959266,0,282,0.5,10,0.583618,1,0,1,0.741935,0.024823,8,0,1,12,80,0,2,2,40,113
contrarian_judgment,60,218072431996409,judgment-ablation.contrarian_judgment.r060.s218072431996409,sha256:32058baacabef342cbf25f8bc47a77e7a726053830645af89e6ea5621d59c44b,sha256:e9cf2b39404dac71d94b35ac7a077461dc6fc5905b3287b95f0c088d3b58877f,80,max_ticks,,270,0.560714,157,66,1,0.035714,2,3,3,0,0,0.304287,270,0.385185,104,0,0.904,0,49.107143,0.468638,4.530066,0,280,0.5,10,0.587594,1,0,1,0.745098,0.025,8,0,1,13,80,0,2,2,39,113
contrarian_judgment,61,196385391895804,judgment-ablation.contrarian_judgment.r061.s196385391895804,sha256:0094f7e890cc5061ace3e475c8f2fd16305d3999ca782d602e3414e285432358,sha256:a157c1b78729f703149866b94668f396d5eeb8ef362da5e88be4bda2e0c6a074,80,max_ticks,,272,0.560284,158,65,1,0.035461,2,3,3,0,0,0.279673,272,0.386029,105,0,0.9003,0,48.758865,0.467535,4.186614,0,282,0.5,10,0.600398,1,0,1,0.733766,0.024823,9,0,1,13,80,0,1,1,41,114
contrarian_judgment,62,138988755290196,judgment-ablation.contrarian_judgment.r062.s138988755290196,sha256:aced1dcd2633c89a0ef4335049a7a32e5daebdfe85bc4ac93ae507382b3e1dcb,sha256:88b8dcbc12ec8cd7ac0ea7d7f5e45cd3b81f332c9cfe37733fe49b0a93e477e9,80,max_ticks,,241,0.570281,142,73,0,0.032129,2,3,3,0,0,0.248837,241,0.377593,91,0,0.9009,0,20.080321,0.46528,5.697893,0,249,3.5,8,0.63479,1,0,0.75,0.833333,0.008032,5,0,1,12,80,0,3,3,23,99
contrarian_judgment,63,103525539443737,judgment-ablation.contrarian_judgment.r063.s103525539443737,sha256:7ef5ed14101a60ac9f960fcc386a9337379840d85ced751166ae722421631afd,sha256:a52a7e4062a6edaf54b82adcd61beb8a5bd854475fd62c709d2e799e93e31039,80,max_ticks,,271,0.571942,159,65,0,0.02518,2,3,3,0,0,0.25484,271,0.383764,104,0,0.9004,0,17.985612,0.464038,4.722652,0,278,0.5,7,0.590868,1,0,1,0.735484,0.007194,5,0,1,12,80,0,2,2,41,112
contrarian_judgment,64,233653530300723,judgment-ablation.contrarian_judgment.r064.s233653530300723,sha256:3d4e05c694d32ebd948ed99050d8526b6a87dbffef9768892445715f08149e0c,sha256:1f6d8b068b516667e7b06f31ebb81ebb29e4003d5ba0193d725237542d7cd512,80,max_ticks,,272,0.56383,159,65,1,0.035461,2,3,3,0,0,0.290422,272,0.386029,105,0,0.8977,0,48.758865,0.467846,4.662285,0,282,0.5,10,0.578281,1,0,1,0.741935,0.024823,9,0,1,12,80,0,1,1,40,113
contrarian_judgment,65,153377513910633,judgment-ablation.contrarian_judgment.r065.s153377513910633,sha256:5640631c9459ca7eafa2cd2e95730c8193b4dd7d491663805fd8a6ff66d35223,sha256:92455ea710f495f40bf8c50c866a016181f4059ac225acf9df6b4cf5d0a3d089,80,max_ticks,,272,0.560284,158,66,1,0.035461,2,3,3,0,0,0.281699,272,0.386029,105,0,0.9022,0,48.758865,0.467573,4.777586,0,282,0.5,10,0.609667,1,0,1,0.74026,0.024823,9,0,1,13,80,0,1,1,40,114
contrarian_judgment,66,235066360775718,judgment-ablation.contrarian_judgment.r066.s235066360775718,sha256:058b263ea001418251ed9995627bf17b223efad25536b5b48adf7d48a20f9e0c,sha256:aa4a0a6c28269deba4161fa4a6077333fd6f10d822ca1922f947e33762b6c92f,80,max_ticks,,266,0.557971,154,65,1,0.036232,2,3,3,0,0,0.282973,266,0.387218,103,0,0.9031,0,49.818841,0.469089,4.043337,0,276,0.5,10,0.594161,1,0,1,0.76,0.025362,8,0,1,13,80,0,2,2,36,112
contrarian_judgment,67,177579233675930,judgment-ablation.contrarian_judgment.r067.s177579233675930,sha256:e577cdc7b0a07d66aa06bfa711c142dafafdf77e6016e949f7578400c2cea0ff,sha256:ba856dbd200738941e2a888b19ca19a2765fb49a62801d980177684fd97cc69d,80,max_ticks,,266,0.561594,155,65,1,0.036232,2,3,3,0,0,0.25942,266,0.383459,102,0,0.8995,0,49.818841,0.468128,4.030521,0,276,0.5,10,0.568371,1,0,1,0.748344,0.025362,8,0,1,13,80,0,2,2,38,111
contrarian_judgment,68,230843330437709,judgment-ablation.contrarian_judgment.r068.s230843330437709,sha256:07b182ce24e72797b4a416a897ee4cf7a04c3bb9fd5d11f9ad5df4730d773990,sha256:d1f0eb22d0f4baa618dc0a9dce89e56965ad64be423911a8ca489dc0afa6cb3e,80,max_ticks,,272,0.56383,159,66,1,0.035461,2,3,3,0,0,0.26817,272,0.386029,105,0,0.901,0,48.758865,0.468139,5.474756,0,282,0.5,10,0.616995,1,0,1,0.735484,0.024823,9,0,1,12,80,0,1,1,41,113
contrarian_judgment,69,232234216461405,judgment-ablation.contrarian_judgment.r069.s232234216461405,sha256:3b274f4f3d24c45a40c9c56034b5a150e5586d979045c17304ea36d586b50e1e,sha256:caddeb47274a53efbaf8e656667caf6575e80444c17c5d512e3af7ee6f83c343,80,max_ticks,,206,0.546296,118,65,1,0.046296,2,3,3,0,0,0.295772,206,0.383495,79,0,0.9049,0,63.657407,0.468329,4.782487,0,216,1,10,0.648357,1,0,1,0.991228,0.032407,9,0,1,13,80,0,1,1,1,88
contrarian_judgment,70,62696922977182,judgment-ablation.contrarian_judgment.r070.s62696922977182,sha256:32386d98177330d684822d49f8705d275ba52734235037e8558e4f0a249921b1,sha256:1033e29b4fa0447b1f40639b68570622e210cbf248aae42f2b958da46b878112,80,max_ticks,,271,0.558719,157,66,1,0.035587,2,3,3,0,0,0.286155,271,0.387454,105,0,0.9023,0,48.932384,0.468244,5.072541,0,281,0.5,10,0.622614,1,0,1,0.745098,0.024911,8,0,1,13,80,0,2,2,39,114
contrarian_judgment,71,67832884458048,judgment-ablation.contrarian_judgment.r071.s67832884458048,sha256:70b8c0821af22334b7b03ebdc0cd5cb0792644aef725e5b9c128174c6193e768,sha256:c956b484dfe61c14c1a54137acd3b1251e4ed95a1977ff095a73c0b8bd6ee20d,80,max_ticks,,271,0.562278,158,66,1,0.035587,2,3,3,0,0,0.266929,271,0.387454,105,0,0.9036,0,48.932384,0.467677,5.41342,0,281,0.5,10,0.606438,1,0,1,0.74026,0.024911,9,0,1,12,80,0,1,1,40,113
contrarian_judgment,72,210104169807783,judgment-ablation.contrarian_judgment.r072.s210104169807783,sha256:345eb48a6d56be347bf9a8e8632fc05ef8c2b235c6ddb01e7dfc5dd7f8690673,sha256:578f37e4cefc85a2beafd46eaa732487015ecc74288b30161d160746b1e83b16,80,max_ticks,,263,0.56044,153,65,1,0.03663,2,3,3,0,0,0.254417,263,0.387833,102,0,0.9022,0,50.3663,0.468474,5.074242,0,273,2.5,10,0.619583,1,0,0.916667,0.765101,0.025641,8,0,1,12,80,0,2,2,35,110
contrarian_judgment,73,60126832853574,judgment-ablation.contrarian_judgment.r073.s60126832853574,sha256:4bdbffca7312cafa6c79dfe5a68819db88e67e03bdba126b3e335565530a0b8b,sha256:905ed75eeb4d9f75fb5c8f59441b0990c445d619a28b0f116867635b02f0cd2a,80,max_ticks,,272,0.560284,158,65,1,0.035461,2,3,3,0,0,0.280522,272,0.386029,105,0,0.9054,0,48.758865,0.468446,4.556347,0,282,0.5,10,0.616151,1,0,1,0.733766,0.024823,9,0,1,13,80,0,1,1,41,114
contrarian_judgment,74,103622912935547,judgment-ablation.contrarian_judgment.r074.s103622912935547,sha256:915d1dda71671898309dbda8db8aeb49d244b369fb099c0a925cb54f32667521,sha256:a377ef47cd82cf379e50a5c9017af50de291cffb71b8f47142f5a09c9892f9b4,80,max_ticks,,271,0.562278,158,65,1,0.035587,2,3,3,0,0,0.265682,271,0.387454,105,0,0.902,0,48.932384,0.46787,5.272556,0,281,0.5,10,0.589795,1,0,1,0.74026,0.024911,9,0,1,12,80,0,1,1,40,113
contrarian_judgment,75,76689572249920,judgment-ablation.contrarian_judgment.r075.s76689572249920,sha256:65c37f16a8ecba35fb259f3e6fad085e487de594c930028637786e830a7bcf96,sha256:33116d5525971eaa6ebeaf0d30d4f85196220032b6281d623a53aae3ff40e8c1,80,max_ticks,,265,0.56,154,65,1,0.036364,2,3,3,0,0,0.267442,265,0.384906,102,0,0.9064,0,50,0.468353,4.499114,0,275,0.5,10,0.582731,1,0,1,0.753333,0.025455,9,0,1,13,80,0,1,1,37,111
contrarian_judgment,76,22879149902528,judgment-ablation.contrarian_judgment.r076.s22879149902528,sha256:c6ba709167f563a77b581e55ff28752cd016873d10a2cb6c7c469d89fa5d9e50,sha256:1e0c55e8bf59bb30412179653768b29ac802639bb0956d7f549549bfeaff3184,80,max_ticks,,269,0.562724,157,65,1,0.035842,2,3,3,0,0,0.274343,269,0.386617,104,0,0.9029,0,49.283154,0.469095,4.449615,0,279,0.5,10,0.639278,1,0,1,0.745098,0.02509,9,0,1,12,80,0,1,1,39,112
contrarian_judgment,77,45961626917818,judgment-ablation.contrarian_judgment.r077.s45961626917818,sha256:c2ee4e50f320bbf9b5d8e47a1c1926cbca7e22585fa7d17467b490d1dc069b3e,sha256:996919046fa35e5e02e651bc40911e6c46524f3b9c243f1b6327fb6d0304a411,80,max_ticks,,272,0.56383,159,65,1,0.035461,2,3,3,0,0,0.26869,272,0.382353,104,0,0.9069,0,48.758865,0.468371,4.85721,0,282,2,10,0.651266,1,0,1,0.735484,0.024823,8,0,1,13,80,0,2,2,41,113
contrarian_judgment,78,241433799777023,judgment-ablation.contrarian_judgment.r078.s241433799777023,sha256:c95f0f431e79694f2dbbf6104de554c3dfffbbeb12739e61d6d5d7e85f05a1c5,sha256:ef5d81fb49c9c989df0976befe1636ef15814f2def390bdab92e4fdf654228d6,80,max_ticks,,267,0.566787,157,65,1,0.036101,2,3,3,0,0,0.278606,267,0.378277,101,0,0.9048,0,49.638989,0.468513,4.677925,0,277,0.5,10,0.555982,1,0,1,0.738562,0.025271,9,0,1,13,80,0,1,1,40,110
contrarian_judgment,79,127720686340246,judgment-ablation.contrarian_judgment.r079.s127720686340246,sha256:18b6c5fa3a9d044d93a22b1d9cd5272489ffeaf7c19c6909c90e6334e01036c1,sha256:2840e464bfe8bc21cd22ce7fe172b7369cf1edf668896640e15368618bbb3924,80,max_ticks,,269,0.566308,158,65,1,0.035842,2,3,3,0,0,0.246709,269,0.3829,103,0,0.9041,0,49.283154,0.468077,4.948973,0,279,0.5,10,0.617967,1,0,1,0.74026,0.02509,9,0,1,12,80,0,1,1,40,111
contrarian_judgment,80,263876294331893,judgment-ablation.contrarian_judgment.r080.s263876294331893,sha256:a8e82616b3d6d3446ad8ab3cd3ebd5513835877b33eaceb4c886753963260fb7,sha256:243de33f804d03800d391a92ab737cd55f9f2afe8c6f45ac9a97f831736100df,80,max_ticks,,271,0.565836,159,65,1,0.035587,2,3,3,0,0,0.246351,271,0.383764,104,0,0.9045,0,48.932384,0.46863,4.516448,0,281,0.5,10,0.603586,1,0,1,0.735484,0.024911,9,0,1,12,80,0,1,1,41,112
contrarian_judgment,81,237707675484309,judgment-ablation.contrarian_judgment.r081.s237707675484309,sha256:e2504f71885db320656bb16af6976ec74982c10f012d23e6610ad506df74ab73,sha256:98f4079587a35f61e48a6401345302108478a2876c43f42dd8a60b08a969ae45,80,max_ticks,,267,0.559567,155,65,1,0.036101,2,3,3,0,0,0.275961,267,0.385768,103,0,0.9016,0,49.638989,0.468406,3.882836,0,277,0.5,10,0.585773,1,0,1,0.748344,0.025271,9,0,1,13,80,0,1,1,38,112
contrarian_judgment,82,134107475702514,judgment-ablation.contrarian_judgment.r082.s134107475702514,sha256:da5545ff541901a4eabd1115e9fa65f32802349082208fb5b2c5c314467891fc,sha256:87f9aca2ff66e4950200c83d92fcab2edbf7a0fb12ae54c3a477afeb39d3cade,80,max_ticks,,270,0.557143,156,66,1,0.035714,2,3,3,0,0,0.28386,270,0.388889,105,0,0.9046,0,49.107143,0.468507,4.915213,0,280,0.5,10,0.590374,1,0,1,0.75,0.025,9,0,1,13,80,0,1,1,38,114
contrarian_judgment,83,117836874297179,judgment-ablation.contrarian_judgment.r083.s117836874297179,sha256:9faad271f6083f98aeacc927242fb0132def0a57033c544b6465d8c8ac12c323,sha256:5938fb4fe67b38f7efcb5cc389bdd33cdb48e071ffb268c9f3baf56e454b207f,80,max_ticks,,211,0.552036,122,65,1,0.045249,2,3,3,0,0,0.303206,211,0.379147,80,0,0.9012,0,62.217195,0.468153,4.731616,0,221,1,10,0.645499,1,0,1,0.966102,0.031674,9,0,1,13,80,0,1,1,4,89
contrarian_judgment,84,215789779638886,judgment-ablation.contrarian_judgment.r084.s215789779638886,sha256:04c1678745a2009832d1ae897fa798e4b2ff2acc8c4659fc03bdf5fa58d6d175,sha256:4ace5f1dd46a39ac2a19848d11d730f1951e4574d3ad70de92ac3bcadec91a23,80,max_ticks,,260,0.559259,151,65,1,0.037037,2,3,3,0,0,0.311274,260,0.384615,100,0,0.908,0,50.925926,0.467818,4.555873,0,270,0.5,10,0.584108,1,0,1,0.768707,0.025926,8,0,1,13,80,0,2,2,34,109
contrarian_judgment,85,68235735981533,judgment-ablation.contrarian_judgment.r085.s68235735981533,sha256:f4d64afd84d8d7e0545ab16869c26103b3f7e5bc4f786ee51ef1d5b007ddd84e,sha256:9237782e45aa09e7f4f95ca50b577f96277b5d9910573e35e271c6aa4355d3aa,80,max_ticks,,265,0.567273,156,65,1,0.036364,2,3,3,0,0,0.274628,265,0.381132,101,0,0.9015,0,50,0.467159,4.701777,0,275,0.5,10,0.587959,1,0,1,0.756579,0.025455,8,0,1,12,80,0,2,2,37,109
contrarian_judgment,86,255076023939080,judgment-ablation.contrarian_judgment.r086.s255076023939080,sha256:97e8e58152f6337a988a863c493cde3e62ae9c1f74e3b38987d0dcb9bd374126,sha256:dbd24fede57f4dc5382e58ef35b53e6fa26402d56d619f5b8c64a30403ca3055,80,max_ticks,,265,0.567273,156,65,1,0.036364,2,3,3,0,0,0.294379,265,0.377358,100,0,0.9016,0,50,0.468461,4.483983,0,275,0.5,10,0.616965,1,0,1,0.75,0.025455,8,0,1,13,80,0,2,2,38,109
contrarian_judgment,87,26146706299082,judgment-ablation.contrarian_judgment.r087.s26146706299082,sha256:353af691e062d0d30bfbdc4c404cb5e7edcfe9b45e9544985b69b6999c8e5c72,sha256:b093d5c26eed4ac98bc77dd95e6371617ddad1a13d9fa48b83f4a00a88603b50,80,max_ticks,,247,0.545802,143,,0,0.057252,2,2,3,0,0,0.318355,247,0.384615,95,0,0.9196,0,19.083969,0.472544,5.628376,0,262,2,15,0.633451,0.666667,0,0.916667,0.705036,0.007634,5,0,0.666667,13,80,0,10,10,41,104
contrarian_judgment,88,106324969497314,judgment-ablation.contrarian_judgment.r088.s106324969497314,sha256:65860e788deb98a296704a6a57ff9010aa7f91d1cdf9bdfc210488468c37790e,sha256:f9beadf189551824c2e506834f212852b9400758279310d26ad13cdf9d0986a7,80,max_ticks,,263,0.564103,154,65,1,0.03663,2,3,3,0,0,0.255252,263,0.380228,100,0,0.9036,0,50.3663,0.469119,3.66231,0,273,0.5,10,0.618083,1,0,1,0.753333,0.025641,8,0,1,13,80,0,2,2,37,109
contrarian_judgment,89,226057765130466,judgment-ablation.contrarian_judgment.r089.s226057765130466,sha256:b2941e2dd25f2e478d43402f18230abdb58d25af117745cd88f9460237d1958b,sha256:ec5ed1b10792b4165cfe6fdc267adaf18272e11acb33b52b54d6ae224268d0b0,80,max_ticks,,270,0.557143,156,72,1,0.035714,2,3,3,0,0,0.284103,270,0.392593,106,0,0.9041,0,49.107143,0.468823,3.843981,0,280,0.5,10,0.643253,1,0,1,0.75,0.025,9,0,1,12,80,0,1,1,38,114
contrarian_judgment,90,252296002518790,judgment-ablation.contrarian_judgment.r090.s252296002518790,sha256:f69f86473b259f13ca9b7d47586e0accc77e1a7dd16b35d69c055d1fada6eb0b,sha256:01d619f7f9cf945f15c96184978cc66e5d96e86679ae2985e23eda78319eba50,80,max_ticks,,245,0.546154,142,,0,0.057692,2,2,3,0,0,0.310078,245,0.383673,94,0,0.919,0,19.230769,0.47292,5.052394,0,260,2,15,0.633722,0.666667,0,0.916667,0.717391,0.007692,5,0,0.666667,13,80,0,10,10,39,103
contrarian_judgment,91,6593257485107,judgment-ablation.contrarian_judgment.r091.s6593257485107,sha256:87e6e9c105ee182340a6e7219d7bca93df257ae60909c76d5a11c0e5059f9243,sha256:e231c4f4cf6382d822c14664a221044520c88a8390ca15649a90ce4ae4ba1d11,80,max_ticks,,242,0.55336,140,65,1,0.043478,2,3,3,0,0,0.285384,242,0.38843,94,0,0.9043,0,54.347826,0.469677,3.333001,0,253,0.5,11,0.613167,1,0,1,0.845588,0.027668,9,0,1,12,80,0,2,2,21,102
contrarian_judgment,92,107733111813570,judgment-ablation.contrarian_judgment.r092.s107733111813570,sha256:07e51f76fe99a8d487b86ff38a839e9b6a3e4dd37532dda2499025c6d1de8859,sha256:09c725d4c3752bc5cc8e6eda208218cf6d9668caf9f60648a45a3f9e409c489e,80,max_ticks,,208,0.545872,119,66,1,0.045872,2,3,3,0,0,0.300534,208,0.384615,80,0,0.9041,0,63.073394,0.468527,3.932668,0,218,1,10,0.655647,1,0,1,0.991304,0.03211,8,0,1,13,80,0,2,2,1,89
contrarian_judgment,93,72272906642654,judgment-ablation.contrarian_judgment.r093.s72272906642654,sha256:b0faf59709ef8be4a8be357ca0671a8e50446e7eb7a4767bfa6a5ef7eb148832,sha256:926038a8b78353f0f920b7a5837e6904caee6635313f187c555c4d4356e5d53b,80,max_ticks,,272,0.560284,158,65,1,0.035461,2,3,3,0,0,0.278845,272,0.386029,105,0,0.9075,0,48.758865,0.469403,4.375698,0,282,0.5,10,0.614606,1,0,1,0.733766,0.024823,8,0,1,13,80,0,2,2,41,114
contrarian_judgment,94,4034074678193,judgment-ablation.contrarian_judgment.r094.s4034074678193,sha256:b07680f5bcab4f2dc48c0efa004d276f12766c9bccb19d55a96296a9bf6c99ee,sha256:acad815a072d1b36c002591eb9aa72f5ecf9538e8da78bc79708c354b6c801d2,80,max_ticks,,274,0.56338,160,66,1,0.035211,2,3,3,0,0,0.280887,274,0.383212,105,0,0.9042,0,48.415493,0.468143,6.074526,0,284,0.5,10,0.599815,1,0,1,0.737179,0.024648,9,0,1,13,80,0,1,1,41,114
contrarian_judgment,95,160006209284117,judgment-ablation.contrarian_judgment.r095.s160006209284117,sha256:451b21994d7bb3d9a1119b4abb945374a68f5a8659cb6390eac2355e7fc7a8b3,sha256:0e123eff0c59497dda45f1375cad75255f550ab766b82448fb0da8e503cccf7a,80,max_ticks,,272,0.56383,159,65,1,0.035461,2,3,3,0,0,0.26906,272,0.386029,105,0,0.9055,0,48.758865,0.468796,3.683659,0,282,0.5,10,0.598586,1,0,1,0.735484,0.024823,9,0,1,12,80,0,1,1,41,113
contrarian_judgment,96,124596252208084,judgment-ablation.contrarian_judgment.r096.s124596252208084,sha256:7ef0630b25def464d7a3e8df4b8802fae7fb0f4783f655510d03adeed272c976,sha256:0216f2e3840cc0ef881e399055941ec3b75427ca68b278a4dbd2046ead07dbd0,80,max_ticks,,250,0.569231,148,65,1,0.038462,2,3,3,0,0,0.264761,250,0.372,93,0,0.9011,0,52.884615,0.467198,4.900542,0,260,2,10,0.569195,1,0,1,0.791667,0.026923,8,0,1,13,80,0,2,2,30,102
contrarian_judgment,97,108176812626590,judgment-ablation.contrarian_judgment.r097.s108176812626590,sha256:f05c4a9fc230781544a8e4aa2a1379c4be4991da62ecec090873728bd727363b,sha256:ea752885ec7dd40e5738e482394c677d764696362ab6c0255ac2dd3feb6eb952,80,max_ticks,,272,0.56383,159,65,1,0.035461,2,3,3,0,0,0.280332,272,0.382353,104,0,0.9043,0,48.758865,0.467827,4.600471,0,282,0.5,10,0.630533,1,0,1,0.735484,0.024823,8,0,1,13,80,0,2,2,41,113
contrarian_judgment,98,51788843314953,judgment-ablation.contrarian_judgment.r098.s51788843314953,sha256:e7bd7f4c028a2a802e3000e0aeec8f4826da7cc60bc99b387e59cc385fb54956,sha256:4aca9c5fcbb6b83d2e45037267aa2a90a7e1dc4e0c0c580055bc139a89e463fe,80,max_ticks,,271,0.562278,158,66,1,0.035587,2,3,3,0,0,0.280505,271,0.383764,104,0,0.9057,0,48.932384,0.468258,3.236204,0,281,0.5,10,0.619808,1,0,1,0.733766,0.024911,8,0,1,13,80,0,2,2,41,113
contrarian_judgment,99,265824573729829,judgment-ablation.contrarian_judgment.r099.s265824573729829,sha256:3139d8dfdb468a015d5825a24b73795cfebf8b28daf98e47d4155a70177e3c5d,sha256:b169e08960841552b1a69d09345c208104e03f57ac43dd62003eb2db34d06a0c,80,max_ticks,,269,0.562724,157,65,1,0.035842,2,3,3,0,0,0.259122,269,0.3829,103,0,0.9015,0,49.283154,0.468315,3.920933,0,279,1,10,0.589926,1,0,1,0.738562,0.02509,8,0,1,13,80,0,2,2,40,112
