condition,repetition,seed,run_id,head_hash,final_state_hash,ticks_run,termination,invariants_failed,accepted_proposals,commit_rate,committed,convergence_tick,degraded_evidence_commits,deterministic_rejection_rate,faults_injected,goals_reached,goals_total,human_approved,human_reviews,human_state_coupling,judgment_calls,judgment_disagreement_rate,judgment_disagreements,judgment_unavailable,max_operator_load,mean_judgment_latency_ms,mean_observation_age_ms,mean_operator_load,min_pairwise_distance,network_calls,proposals,recovery_ticks,rejected_proposals,resonance.coherence,resonance.convergence,resonance.disagreement,resonance.recovery,resonance.stability,resonance.uncertainty,safe_rejections,separation_breaches,task_success,ticks_at_high_load,ticks_run,unsafe_commits,unsafe_proposals,unsafe_proposals_blocked,unstable_commits,withheld
judge_always,0,57527341304683,resonance-routing.judge_always.r000.s57527341304683,sha256:e141e0fa096bb1dddfba8a19f3586cbebcaa2b7a710bc1383e02f14d6f974b0d,sha256:39f3fb54bf55c8461095b417dc21dc5f1b471bf6ebda897181099bf0607daca1,80,max_ticks,,230,0.903361,215,41,0,0.033613,2,3,3,2,4,0.762205,230,0.017391,4,0,0.915,0,46.218487,0.474855,13.786206,0,238,0,8,0.579056,1,0,1,0.671429,0.021008,7,0,1,13,80,0,1,1,69,15
judge_always,1,99278038155453,resonance-routing.judge_always.r001.s99278038155453,sha256:824079067b3d337388f6e0bb5d92af7dc9b2b6d46bdc617169ecebc466d85f8c,sha256:251e01a4992f53265456f0de4c9558455274388ecc42bf6ec9fe70b1687e0270,80,max_ticks,,233,0.904564,218,41,0,0.033195,2,3,3,2,4,0.767145,233,0.017167,4,0,0.9085,0,45.643154,0.47393,12.785327,0,241,0,8,0.547539,1,0,1,0.657277,0.020747,7,0,1,13,80,0,1,1,73,15
judge_always,2,256815052586320,resonance-routing.judge_always.r002.s256815052586320,sha256:639b2c87eb13abe0a3dff23da9de742321ee0d0dae0527c310d38ce403fb7712,sha256:3bb2a35f3b09c16f43b304e51b41fc756c1a71fa1816488df972921495ab9ee3,80,max_ticks,,229,0.902954,214,41,0,0.033755,2,3,3,2,4,0.749066,229,0.017467,4,0,0.909,0,46.413502,0.474471,8.329243,0,237,0,8,0.555148,1,0,1,0.669856,0.021097,7,0,1,13,80,0,1,1,69,15
judge_always,3,54666758928369,resonance-routing.judge_always.r003.s54666758928369,sha256:8c00048a841369557e47d0766ceb3c8a1d208c31ec726804d4ae47fa049d9feb,sha256:d3405c87aea95d8a78d04ae903f54bf229c7bcb1e83aaeaa8cb05b182a906f61,80,max_ticks,,219,0.898678,204,41,0,0.035242,2,3,3,2,4,0.75993,219,0.018265,4,0,0.9143,0,48.45815,0.473916,12.819171,0,227,0,8,0.590612,1,0,1,0.703518,0.022026,7,0,1,13,80,0,1,1,59,15
judge_always,4,265295863012748,resonance-routing.judge_always.r004.s265295863012748,sha256:9e843cf688b516d83c5e51cc4d41566c9b293e24505631df5367cf604c574ab4,sha256:55a90ddb2916bfe7048bb9865fec83a2d4cc6085b7758fc7808a993c4b4975d0,80,max_ticks,,229,0.902954,214,41,0,0.033755,2,3,3,2,4,0.761139,229,0.017467,4,0,0.9121,0,46.413502,0.475351,11.525135,0,237,0,8,0.535068,1,0,1,0.669856,0.021097,7,0,1,13,80,0,1,1,69,15
judge_always,5,165917763013172,resonance-routing.judge_always.r005.s165917763013172,sha256:a68d28d8af54c1247d5f9857299505fd6451a26c20183cadc802cb17bb7a5139,sha256:2b501ab45449a0414028db896e4bab68d2c5df73ac9249a8b2a92bb80dce2ace,80,max_ticks,,231,0.903766,216,43,0,0.033473,2,3,3,2,4,0.744285,231,0.017316,4,0,0.9138,0,46.025105,0.474676,13.124082,0,239,0,8,0.566075,1,0,1,0.668246,0.020921,7,0,1,13,80,0,1,1,70,15
judge_always,6,252736664674552,resonance-routing.judge_always.r006.s252736664674552,sha256:7ce0dfe8abb7a629e33b9856bcc151f65515c1d824baed65c506c66848e64bc3,sha256:e6653b65d63c12e68e0268e802a7f362ea01d3c96064bc4cdd1bd943ccc95f43,80,max_ticks,,233,0.904564,218,41,0,0.033195,2,3,3,2,4,0.766273,233,0.017167,4,0,0.911,0,45.643154,0.474483,14.045943,0,241,0,8,0.541458,1,0,1,0.657277,0.020747,7,0,1,13,80,0,1,1,73,15
judge_always,7,43001839530755,resonance-routing.judge_always.r007.s43001839530755,sha256:36f07ab8d4cdb4dd009b233af0fece10dc31899502ed9e48647a77e29c44ded6,sha256:d50ed07ffa096bc4aba786a0c06eac73ba71abc2e643593936903a693366a965,80,max_ticks,,234,0.904959,219,41,0,0.033058,2,3,3,2,4,0.763414,234,0.017094,4,0,0.9115,0,45.454545,0.474497,13.124847,0,242,0,8,0.585579,1,0,1,0.658879,0.020661,7,0,1,13,80,0,1,1,73,15
judge_always,8,221957817213145,resonance-routing.judge_always.r008.s221957817213145,sha256:eda889050baacd26a3a0ab242f0a3a9c8c0a09589749bb70a27c8a3aff994c4e,sha256:dc0b75eab7a830345c945e7c31b995bbc9e6b98dc6812a2330b0488e03026022,80,max_ticks,,232,0.904167,217,41,0,0.033333,2,3,3,2,4,0.76666,232,0.017241,4,0,0.9071,0,45.833333,0.474701,12.759665,0,240,0,8,0.583195,1,0,0.984375,0.660377,0.020833,7,0,1,13,80,0,1,1,72,15
judge_always,9,151369659976869,resonance-routing.judge_always.r009.s151369659976869,sha256:a1e3405d1ea20dbb8619ab3ea5d9d9178947ebc8830e1d63f1a7979abaf2a56a,sha256:072ec86860763d4eeff2fd4f831615a14c7dbaabda7d762c8ef7bba5b2f02d83,80,max_ticks,,233,0.904959,219,64,0,0.03719,2,3,3,2,3,0.802876,233,0.012876,3,0,0.9296,0,10.330579,0.473488,5.997492,0,242,0,9,0.540279,1,0,0.928571,0.658879,0.004132,3,0,1,13,80,0,6,6,73,14
judge_always,10,42750273790937,resonance-routing.judge_always.r010.s42750273790937,sha256:b8890fb875b98b75ddf4e296ba670f300b8d68916e72cec7db3882e5b20b2d39,sha256:b8182ac7027dc53e51cba5d01a5725308b625e3ee81e5e4083861328e7dc6c81,80,max_ticks,,232,0.904167,217,41,0,0.033333,2,3,3,2,4,0.767619,232,0.017241,4,0,0.9143,0,45.833333,0.474872,13.686195,0,240,0,8,0.571707,1,0,1,0.660377,0.020833,7,0,1,13,80,0,1,1,72,15
judge_always,11,265000021645429,resonance-routing.judge_always.r011.s265000021645429,sha256:f974f6158f5e3125c51df554b98941b4459bedb21099a14101136126811a2e7e,sha256:017b4be5748dd9b6bf44bb810deedf0255fa9b189dfda91bd465514925f35c86,80,max_ticks,,230,0.907563,216,41,0,0.033613,2,3,3,2,4,0.805044,230,0.017391,4,0,0.9092,0,46.218487,0.474076,12.410532,0,238,0,8,0.577901,1,0,1,0.677725,0.021008,7,0,1,12,80,0,1,1,68,14
judge_always,12,105765016728113,resonance-routing.judge_always.r012.s105765016728113,sha256:d82e66a3aa9ab5d6946d6656d012771b8c38f5344dcea51a359c095bc2288e5b,sha256:99ad668c5f597cb2e0e0cc9cb89b9b2e28e95004ee93092a26ced77a0224af83,80,max_ticks,,233,0.904564,218,41,0,0.033195,2,3,3,2,4,0.766957,233,0.017167,4,0,0.9124,0,45.643154,0.476365,12.292995,0,241,0,8,0.579596,1,0,1,0.657277,0.020747,7,0,1,13,80,0,1,1,73,15
judge_always,13,87362427631443,resonance-routing.judge_always.r013.s87362427631443,sha256:12ef6c9a8fba036ede913c6bc57c11e8f93acba6b599642697c9e4936176840f,sha256:edd51c231fabdc5a6bdfacba4cf7aca04736c6dbfe6d9e82a787dff0967a7f09,80,max_ticks,,232,0.904167,217,41,0,0.033333,2,3,3,2,4,0.768093,232,0.017241,4,0,0.9098,0,45.833333,0.474738,12.387724,0,240,0,8,0.542441,1,0,1,0.660377,0.020833,7,0,1,13,80,0,1,1,72,15
judge_always,14,267385964521992,resonance-routing.judge_always.r014.s267385964521992,sha256:6468a7d7182078be67ebdf6e50865d64c586d92bec04308cd869513ea4656f97,sha256:2efdabdb25e417014ae8cd50644b2bfc382e7e6cf5e9c6791cf4f675954030fb,80,max_ticks,,230,0.903361,215,41,0,0.033613,2,3,3,2,4,0.759596,230,0.017391,4,0,0.9098,0,45.168067,0.474696,13.04765,0,238,0,8,0.611722,1,0,1,0.666667,0.021008,7,0,1,13,80,0,1,1,70,15
judge_always,15,50338251191256,resonance-routing.judge_always.r015.s50338251191256,sha256:e4bc70e1876805e6df18b8c3df2e1b8a929a7d024ca56ac726bc894b3beab91d,sha256:df6edd224cce65b17ea7734bd47bd88b53b2c8ad9aee7cd2ef8f2f11b63ccb73,80,max_ticks,,231,0.903766,216,41,0,0.033473,2,3,3,2,4,0.765898,231,0.017316,4,0,0.9104,0,46.025105,0.474006,14.383423,0,239,0,8,0.583371,1,0,1,0.663507,0.020921,7,0,1,13,80,0,1,1,71,15
judge_always,16,174028374442274,resonance-routing.judge_always.r016.s174028374442274,sha256:3916d66a5d9d2e4f6a73358cbb3e9e6c4ecf2feddaaa75f4de79561abc25b74a,sha256:81d9cc0c83c49fe3f9d415b26774304e111c3d26f7b634d0db8127b7de535e69,80,max_ticks,,227,0.902128,212,41,0,0.034043,2,3,3,2,4,0.768358,227,0.017621,4,0,0.9129,0,46.808511,0.474476,13.786432,0,235,0,8,0.565876,1,0,0.953125,0.676329,0.021277,7,0,1,13,80,0,1,1,67,15
judge_always,17,262349356812342,resonance-routing.judge_always.r017.s262349356812342,sha256:6943541215f8bebbe5c9f2de233751949776abc3ee0a383544a7197499b5890c,sha256:be1c6882e03005d60d06c72f09311c428376d7542f379302f97bd3afbcee7ddc,80,max_ticks,,218,0.87931,204,,0,0.060345,2,2,3,2,3,0.75103,218,0.013761,3,0,0.9248,0,10.775862,0.478443,5.907696,0,232,1.5,14,0.554659,0.666667,0,0.910714,0.633166,0.00431,3,0,0.666667,13,80,0,11,11,73,14
judge_always,18,85578585668014,resonance-routing.judge_always.r018.s85578585668014,sha256:76b2ca07c6650992e6084dd926b394865e5e086ea29363a99a1427a7866f1afb,sha256:16ed658b5980ee7711da34d916d320a7748c2256af1c25b189374ef7fd0739d2,80,max_ticks,,230,0.903361,215,43,0,0.033613,2,3,3,2,4,0.753552,230,0.017391,4,0,0.9121,0,46.218487,0.474994,13.275492,0,238,0,8,0.570112,1,0,0.96875,0.671429,0.021008,7,0,1,13,80,0,1,1,69,15
judge_always,19,107018321236797,resonance-routing.judge_always.r019.s107018321236797,sha256:5fdeb39f4a4e1526e61032e2cba77697ba329db3e61cf08926542e74efd059ba,sha256:802789f94f491345a43dd047d2e7081c222170632a41d26dcdc289fe44b7d9ac,80,max_ticks,,227,0.902128,212,41,0,0.034043,2,3,3,2,4,0.769175,227,0.017621,4,0,0.9088,0,46.808511,0.473747,13.522577,0,235,0,8,0.553524,1,0,1,0.676329,0.021277,7,0,1,13,80,0,1,1,67,15
judge_always,20,5701907027736,resonance-routing.judge_always.r020.s5701907027736,sha256:8147ca6e206f4aed6467d33d84489a8b225e7e61675eea0b47b94221000975e5,sha256:dbff8507db25ac46bf884964a95ddc0317d9b49138ede9a8c598c8de134b6825,80,max_ticks,,232,0.904167,217,41,0,0.033333,2,3,3,2,4,0.760346,232,0.017241,4,0,0.9117,0,45.833333,0.474365,14.875633,0,240,0,8,0.563262,1,0,1,0.665094,0.020833,7,0,1,13,80,0,1,1,71,15
judge_always,21,51186872990512,resonance-routing.judge_always.r021.s51186872990512,sha256:53eb5673f8e4c5fd9b3bfa27e1d160f6cd87398d259bb41c23b8aef429274abb,sha256:a7208290478af5d824e04ab912b85e74c5c1741bae6f8261e40ecc12d4962eae,80,max_ticks,,231,0.90795,217,41,0,0.033473,2,3,3,2,4,0.801801,231,0.017316,4,0,0.9127,0,46.025105,0.474334,13.163042,0,239,0,8,0.546357,1,0,1,0.665094,0.020921,7,0,1,12,80,0,1,1,71,14
judge_always,22,188948363392988,resonance-routing.judge_always.r022.s188948363392988,sha256:ac657cbf9580bbde0212c8aaf2666b07f44d5c66dfef822a08e220644a6301bc,sha256:78452bc41c1a180b52664e17b0e753caec51cc43787a1b3101a90e7edab9f576,80,max_ticks,,163,0.871345,149,41,0,0.046784,2,3,3,2,4,0.889978,163,0.02454,4,0,0.9105,0,64.327485,0.474557,13.407952,0,171,0,8,0.622179,1,0,1,0.979167,0.02924,7,0,1,12,80,0,1,1,3,14
judge_always,23,119597358959743,resonance-routing.judge_always.r023.s119597358959743,sha256:49924ff5e4210062d55520ec5dd34f2af027d6c2db7c8c4e5f18ecff98a71bf3,sha256:b9ba8aa271bdebb16275caac2ffedc2268368e381f95ae25cd2768a2cc1a635b,80,max_ticks,,230,0.903361,215,41,0,0.033613,2,3,3,2,4,0.766289,230,0.017391,4,0,0.9121,0,46.218487,0.473769,12.923165,0,238,0,8,0.571021,1,0,0.983871,0.666667,0.021008,7,0,1,13,80,0,1,1,70,15
judge_always,24,63259633888481,resonance-routing.judge_always.r024.s63259633888481,sha256:831244e553af9dd40bacb3ca660dc80c2247e61b08d441d07eeb1f2ea2f3fcdb,sha256:78ced7e2180461e33bb60a80c4b17547325eb895cf670bd3b3f6dd6c46a80a56,80,max_ticks,,228,0.902542,213,41,0,0.033898,2,3,3,2,4,0.761258,228,0.017544,4,0,0.9117,0,46.610169,0.475753,12.422272,0,236,0,8,0.56897,1,0,1,0.673077,0.021186,7,0,1,13,80,0,1,1,68,15
judge_always,25,220976159642645,resonance-routing.judge_always.r025.s220976159642645,sha256:93270cf5f8cc1766fb13e664e87756bb5ec01f98a511f61af49d841d77a881dc,sha256:9b090073639240a04be22eadd3072d0f3e3aa8ba778f1e691abfb09042887192,80,max_ticks,,235,0.90535,220,41,0,0.032922,2,3,3,2,4,0.760683,235,0.017021,4,0,0.9092,0,45.26749,0.474051,12.506352,0,243,0,8,0.564233,1,0,1,0.660465,0.020576,7,0,1,13,80,0,1,1,73,15
judge_always,26,267351106039472,resonance-routing.judge_always.r026.s267351106039472,sha256:24cb6063cf20146fd2307ae5ce6d570bab923e30499184c08e62713343338b76,sha256:037807af1ad98589f7c700c6014fdc90b349af30bd357d8df45df6892033d70f,80,max_ticks,,227,0.902128,212,41,0,0.034043,2,3,3,2,4,0.759058,227,0.017621,4,0,0.9107,0,46.808511,0.474486,13.718977,0,235,0,8,0.55483,1,0,1,0.681159,0.021277,7,0,1,13,80,0,1,1,66,15
judge_always,27,79356475614569,resonance-routing.judge_always.r027.s79356475614569,sha256:8fdeeb7901b7c786b7f24c455a61b6feca4bc2d909b37b77ec9ead3a49c85b77,sha256:5e154024f0150ee3452c3589c815fd550ada5c44666dcead978625619acfbe45,80,max_ticks,,229,0.902954,214,41,0,0.033755,2,3,3,2,4,0.759408,229,0.017467,4,0,0.9119,0,46.413502,0.47548,14.306532,0,237,0,8,0.585693,1,0,1,0.674641,0.021097,7,0,1,13,80,0,1,1,68,15
judge_always,28,182423689935324,resonance-routing.judge_always.r028.s182423689935324,sha256:98d05b2b63907a4512df7269e594f0d7c11ba3c850c7ec20fb68dca029484a8b,sha256:218af1a539a76eacc056f7e008c6ba2a40c46db4646d9724b0893c568ce95de9,80,max_ticks,,232,0.904167,217,42,0,0.033333,2,3,3,2,4,0.762059,232,0.017241,4,0,0.9113,0,45.833333,0.47462,12.518273,0,240,0,8,0.537815,1,0,0.984375,0.660377,0.020833,7,0,1,13,80,0,1,1,72,15
judge_always,29,111109937806271,resonance-routing.judge_always.r029.s111109937806271,sha256:e5fb47cc0b6b02766d0d33efe1bd27fca42f9d75f16bdd694fba0da88bbc234e,sha256:54caea91ea9a84a7d959f8e1744c8b9bf1c1975f8005aa8faa6f6425850bd4a4,80,max_ticks,,232,0.908333,218,42,0,0.033333,2,3,3,2,4,0.800364,232,0.017241,4,0,0.9125,0,45.833333,0.474782,13.402101,0,240,0,8,0.55977,1,0,1,0.666667,0.020833,7,0,1,12,80,0,1,1,71,14
judge_always,30,130394613034230,resonance-routing.judge_always.r030.s130394613034230,sha256:2f123ce075c8454e39bad22fd025670890dcb584b5721672f883f67a6fb87718,sha256:470496f620d7c780424e129ed28d5c4b834298a3dbbffb7922c5143858967013,80,max_ticks,,231,0.903766,216,41,0,0.033473,2,3,3,2,4,0.767813,231,0.017316,4,0,0.9099,0,46.025105,0.474596,7.016416,0,239,0,8,0.569061,1,0,1,0.663507,0.020921,7,0,1,13,80,0,1,1,71,15
judge_always,31,269769521741202,resonance-routing.judge_always.r031.s269769521741202,sha256:dc4c0460a085e104463c1d12ef67272a8a5651ec9ad0d3123d80d3938d4577ac,sha256:f594f30f7fa59d123d962e0b30e40303100740176a9667a0121ff2e5281b982d,80,max_ticks,,231,0.90795,217,41,0,0.033473,2,3,3,2,4,0.797829,231,0.017316,4,0,0.9095,0,46.025105,0.47317,12.345574,0,239,0,8,0.550495,1,0,1,0.669811,0.020921,7,0,1,12,80,0,1,1,70,14
judge_always,32,211127800505858,resonance-routing.judge_always.r032.s211127800505858,sha256:d41f94826502d98e2610439adfedb490d9b05b6dffcec14ffe7cf2dfeab3cc1a,sha256:c4cd3d4072110c8c50d066b37cc9f79d994363e3925f042d90558bb0650f4385,80,max_ticks,,225,0.901288,210,41,0,0.034335,2,3,3,2,4,0.769165,225,0.017778,4,0,0.9102,0,47.2103,0.474545,14.254537,0,233,0,8,0.546687,1,0,1,0.682927,0.021459,7,0,1,13,80,0,1,1,65,15
judge_always,33,159151711187285,resonance-routing.judge_always.r033.s159151711187285,sha256:ecc464617b7c97de9b928733251888450f18639d84da8a85cd2f0e6ed9405fd1,sha256:25122f2ef9d959e6ee273196043d69bd0f6481ccfb9b07e37b241d145b43dd87,80,max_ticks,,233,0.904564,218,42,0,0.033195,2,3,3,2,4,0.757643,233,0.017167,4,0,0.9106,0,45.643154,0.475825,13.305284,0,241,0,8,0.573522,1,0,1,0.657277,0.020747,7,0,1,13,80,0,1,1,73,15
judge_always,34,273916131716412,resonance-routing.judge_always.r034.s273916131716412,sha256:a99676622f05024aabcab4edce797d7692a76722ab6ff7960572fd7ddc3fb7cf,sha256:750a7c4aa57edff59d012b9ed41b57fbf8c55e8546130d2e6aa4791f34335082,80,max_ticks,,234,0.904959,219,41,0,0.033058,2,3,3,2,4,0.761348,234,0.017094,4,0,0.9111,0,45.454545,0.474424,12.893157,0,242,0,8,0.533772,1,0,1,0.658879,0.020661,7,0,1,13,80,0,1,1,73,15
judge_always,35,65323758223108,resonance-routing.judge_always.r035.s65323758223108,sha256:08c87ea83dddccfcf0474a5fd6b22f6a24c2cb8d6c14bffb76455472ae808dd9,sha256:9c6e9c65cb954e4a64edbe1b60c0edc0a5df493112f302e6ac43ed65086a5f2c,80,max_ticks,,234,0.904959,219,42,0,0.033058,2,3,3,2,4,0.754365,234,0.017094,4,0,0.909,0,45.454545,0.474484,10.882506,0,242,0,8,0.562046,1,0,1,0.658879,0.020661,7,0,1,13,80,0,1,1,73,15
judge_always,36,24508646137620,resonance-routing.judge_always.r036.s24508646137620,sha256:efe031478613b10f6f30cd7ff5b8b1f99e7c43cc9c68c2698a38d949276212bc,sha256:9e64588d7fb278c6f145950474f420e63db75461d404177c3c3a6824db2b78d6,80,max_ticks,,233,0.908714,219,42,0,0.033195,2,3,3,2,4,0.797918,233,0.017167,4,0,0.9072,0,45.643154,0.473455,11.258734,0,241,0,8,0.562839,1,0,1,0.658879,0.020747,7,0,1,12,80,0,1,1,73,14
judge_always,37,247798458636041,resonance-routing.judge_always.r037.s247798458636041,sha256:0921884ed696c7495222652d059e8ebd8e48997975eae771f7608b475ca56fc3,sha256:51e3883c40331885283aae3995febd2d748f213662e5e5de66d850bcbfb36440,80,max_ticks,,233,0.904564,218,41,0,0.033195,2,3,3,2,4,0.767604,233,0.017167,4,0,0.9117,0,45.643154,0.474714,11.9143,0,241,0,8,0.586719,1,0,1,0.661972,0.020747,7,0,1,13,80,0,1,1,72,15
judge_always,38,237331592044072,resonance-routing.judge_always.r038.s237331592044072,sha256:ba105cb5c5976964fa61bf40f9cfe4865fb315dc6f8bb82ef15431b79ecd1544,sha256:df92e3d8e73a0a01f047647b95f24cdf64bad25e09f9ff4d9358b9c79a004b21,80,max_ticks,,232,0.908333,218,41,0,0.033333,2,3,3,2,4,0.796922,232,0.017241,4,0,0.909,0,45.833333,0.473037,12.658839,0,240,0,8,0.581068,1,0,1,0.661972,0.020833,7,0,1,12,80,0,1,1,72,14
judge_always,39,130211102639073,resonance-routing.judge_always.r039.s130211102639073,sha256:4625b1a6dff323358b899befee0dd789de63aea1c92aafdf7b9fc9a00212a6c3,sha256:a032db49264cf65502d852940fabba917eb9351f1a9885e3548c9b4f36cfe9a9,80,max_ticks,,233,0.904564,218,41,0,0.033195,2,3,3,2,4,0.766127,233,0.017167,4,0,0.9153,0,45.643154,0.475058,12.951464,0,241,0,8,0.590807,1,0,1,0.657277,0.020747,7,0,1,13,80,0,1,1,73,15
judge_always,40,206363982526286,resonance-routing.judge_always.r040.s206363982526286,sha256:ba10563e1972fd0892ab9ad4c02df8333e41520a7db93b08ba87c70e6929e8ef,sha256:26892fdecb0b994a2ca74804b2aa82738dae0c5508fc9efd34bfd9e8915f55c5,80,max_ticks,,231,0.90795,217,41,0,0.033473,2,3,3,2,4,0.793733,231,0.017316,4,0,0.9148,0,46.025105,0.473979,12.76025,0,239,0,8,0.520762,1,0,1,0.665094,0.020921,7,0,1,12,80,0,1,1,71,14
judge_always,41,163461166554860,resonance-routing.judge_always.r041.s163461166554860,sha256:9d9f12ea3bc4657bfc8a013e90e1e4b1361c51a875646ab9f6d68151e7f128f7,sha256:df62d12ebcfdcd82d09051d9601d534b37d235c116e0675862f83d473c4e0fd2,80,max_ticks,,230,0.903361,215,43,0,0.033613,2,3,3,2,4,0.742075,230,0.017391,4,0,0.9142,0,46.218487,0.475273,12.794073,0,238,0,8,0.594565,1,0,1,0.666667,0.021008,7,0,1,13,80,0,1,1,70,15
judge_always,42,6348294522231,resonance-routing.judge_always.r042.s6348294522231,sha256:d14e9446f5e77c6e4c1f47d9cf223a9a39473f2265341c672379afcffa403c07,sha256:aa5f01fc19a7e6dade0470fc06cda5bd6317c5863c53a249502495df4d5f36d5,80,max_ticks,,231,0.903766,216,44,0,0.033473,2,3,3,2,4,0.725297,231,0.017316,4,0,0.9078,0,46.025105,0.473235,13.246802,0,239,0,8,0.58693,1,0,1,0.668246,0.020921,7,0,1,13,80,0,1,1,70,15
judge_always,43,25119152934151,resonance-routing.judge_always.r043.s25119152934151,sha256:d5e2e8657d73798a150097f28bf84ddf6386baabd432b353361247c72b612f1d,sha256:06762ee5b1214ef0d769ccd7438389e2ce7a0e3c12c80220e4ed90a5d6055a1d,80,max_ticks,,233,0.904564,218,41,0,0.033195,2,3,3,2,4,0.768131,233,0.017167,4,0,0.9095,0,45.643154,0.47513,12.679764,0,241,0,8,0.570515,1,0,1,0.657277,0.020747,7,0,1,13,80,0,1,1,73,15
judge_always,44,261866152976538,resonance-routing.judge_always.r044.s261866152976538,sha256:4d00f2aa5d8ac11a91188c0ae34a20493b142cd13dda2929da9da96a6a733770,sha256:f3b57bd0eaff5f11ca2f3bf034c27d0b938d90120d4a0c60ce1f7653ac29aef9,80,max_ticks,,232,0.904564,218,63,0,0.037344,2,3,3,2,3,0.792904,232,0.012931,3,0,0.925,0,10.373444,0.47439,5.256029,0,241,0,9,0.52849,1,0,0.928571,0.657277,0.004149,3,0,1,13,80,0,6,6,73,14
judge_always,45,260525559251538,resonance-routing.judge_always.r045.s260525559251538,sha256:f68e640f6d5bdc4e6572152ab8f7120b314103fb48c449e82000a5f23b3d9acc,sha256:d341f261ce1f3cba77279980107d60186e3ad68d36199369865c77008b379d05,80,max_ticks,,234,0.904959,219,41,0,0.033058,2,3,3,2,4,0.751977,234,0.017094,4,0,0.9132,0,45.454545,0.474261,9.058269,0,242,0,8,0.580828,1,0,1,0.658879,0.020661,7,0,1,13,80,0,1,1,73,15
judge_always,46,233461212355422,resonance-routing.judge_always.r046.s233461212355422,sha256:bb2bbd820f679f92c7cedbfc5021ea65a6c865b40bfac9736f42fee9348c9703,sha256:29bafbcf6842ddc8d723b887335a023ef70bd8776afee3c1903327d26da823be,80,max_ticks,,228,0.902542,213,43,0,0.033898,2,3,3,2,4,0.752735,228,0.017544,4,0,0.9098,0,46.610169,0.474769,14.613442,0,236,0,8,0.555177,1,0,1,0.677885,0.021186,7,0,1,13,80,0,1,1,67,15
judge_always,47,12438102688673,resonance-routing.judge_always.r047.s12438102688673,sha256:00dbd688c26d5e3dbbfcca635e48d76e07bd21571727fb745d95b1bcf539ac80,sha256:b19e622f116d319d4f167c01ec1c0664625f6f2a05584e766e9d561e77e33c43,80,max_ticks,,230,0.903361,215,42,0,0.033613,2,3,3,2,4,0.745565,230,0.017391,4,0,0.914,0,46.218487,0.474804,13.287504,0,238,0,8,0.595109,1,0,1,0.671429,0.021008,7,0,1,13,80,0,1,1,69,15
judge_always,48,171927412137762,resonance-routing.judge_always.r048.s171927412137762,sha256:83710e0623fd58b982ac8fabccecc64ea7abd376df793251f30fff7154d153a2,sha256:58a4b11e051710eba3ff2bd175ba597b069bc076a8010fb9ffb8f7c8d51fa031,80,max_ticks,,231,0.903766,216,41,0,0.033473,2,3,3,2,4,0.768894,231,0.017316,4,0,0.912,0,46.025105,0.474852,13.457671,0,239,0,8,0.576352,1,0,1,0.663507,0.020921,7,0,1,13,80,0,1,1,71,15
judge_always,49,207150313255873,resonance-routing.judge_always.r049.s207150313255873,sha256:c43fc6ddebe995360483eeff4802e7161a2546922b322ec2e9c0dddb7a0d4b28,sha256:4762967e337c04002528854adf6bbc5e320f5dab6897da558bc7c41bbc520e48,80,max_ticks,,234,0.904959,219,41,0,0.033058,2,3,3,2,4,0.762202,234,0.017094,4,0,0.9061,0,45.454545,0.47433,12.734003,0,242,0,8,0.528132,1,0,1,0.658879,0.020661,7,0,1,13,80,0,1,1,73,15
judge_always,50,147549711035952,resonance-routing.judge_always.r050.s147549711035952,sha256:b52ad108b78b8e7b89d34bf1ac9aa41d866dbe6ec1c91817e53609d41a7cad43,sha256:d100564af46540b49d19f4dd1d3267394315f24e98759b854b914f3eb0cad58f,80,max_ticks,,226,0.901709,211,41,0,0.034188,2,3,3,2,4,0.779506,226,0.017699,4,0,0.912,0,47.008547,0.474671,12.077007,0,234,0,8,0.569863,1,0,1,0.679612,0.021368,7,0,1,13,80,0,1,1,66,15
judge_always,51,217859932877989,resonance-routing.judge_always.r051.s217859932877989,sha256:d3dc59d06b6be066fa13d7ad620b1e6c2dc7d5681b7cb5d608c96139ea007df4,sha256:7cdfd144e976f1d0d47dcd35248a43fc29076fa2bd2dda31fb23a0a1efb2b0d5,80,max_ticks,,233,0.904564,218,41,0,0.033195,2,3,3,2,4,0.767863,233,0.017167,4,0,0.9105,0,45.643154,0.47457,6.100487,0,241,0,8,0.574494,1,0,1,0.657277,0.020747,7,0,1,13,80,0,1,1,73,15
judge_always,52,20561522542192,resonance-routing.judge_always.r052.s20561522542192,sha256:dcc1ccf6d595762fb733ee1dbe33c6128aca676f3709115fc72c1f9285c26bbe,sha256:abf4b6800968c49ed2013c9cd15dce6b5b472852453a6dd69242de306c28cfd6,80,max_ticks,,232,0.920168,219,45,0,0.02521,2,3,3,2,3,0.797501,232,0.012931,3,0,0.9102,0,10.504202,0.469203,10.255262,0,238,0,6,0.590941,1,0,1,0.658879,0.004202,3,0,1,12,80,0,3,3,73,13
judge_always,53,113770858549658,resonance-routing.judge_always.r053.s113770858549658,sha256:cabfeb8db69506a77789217cd1ee350bdac03512702647ee77199b980179127a,sha256:d48d4ed898a6267d27ecbd5f20f8a171ea56be63758630de3b11b09c4a9b41bd,80,max_ticks,,233,0.904564,218,41,0,0.033195,2,3,3,2,4,0.76532,233,0.017167,4,0,0.9142,0,45.643154,0.475753,14.62329,0,241,0,8,0.533779,1,0,1,0.657277,0.020747,7,0,1,13,80,0,1,1,73,15
judge_always,54,220480274519613,resonance-routing.judge_always.r054.s220480274519613,sha256:d93f559b6a76de4b28ff86dec09fad77c3ecb303a5046da20770b14e977d15a1,sha256:0637f95ecd71b3f12cbe63d60981f499a0fcb4c3472e9cba231cf926b20896a5,80,max_ticks,,232,0.904167,217,41,0,0.033333,2,3,3,2,4,0.769551,232,0.017241,4,0,0.9101,0,45.833333,0.474049,13.254424,0,240,0,8,0.551653,1,0,1,0.665094,0.020833,7,0,1,13,80,0,1,1,71,15
judge_always,55,214070485627961,resonance-routing.judge_always.r055.s214070485627961,sha256:a09ff26197d01dbe29d3bbfd93e0a6e5e7c0d77d47566e3323611a28de574125,sha256:6350f357ff5c8b3b98b05c8a9e5f29bc870d99406492bd39539b07b6483d4a46,80,max_ticks,,232,0.908333,218,41,0,0.033333,2,3,3,2,4,0.78551,232,0.017241,4,0,0.9083,0,45.833333,0.474716,12.840358,0,240,0,8,0.561808,1,0,1,0.661972,0.020833,7,0,1,12,80,0,1,1,72,14
judge_always,56,206892861191288,resonance-routing.judge_always.r056.s206892861191288,sha256:b0194d6452db56d81e7c0f40f839c63abe80cf93f76eda862bab73696a1a17e0,sha256:7a7bd27229876034bfb4d2b44a8bfa0c949812c5fe7938243320337749e0f86b,80,max_ticks,,217,0.878788,203,,0,0.060606,2,2,3,2,3,0.763692,217,0.013825,3,0,0.9242,0,10.822511,0.477609,6.481151,0,231,0,14,0.560318,0.666667,0,0.928571,0.631313,0.004329,3,0,0.666667,13,80,0,11,11,73,14
judge_always,57,226314190322891,resonance-routing.judge_always.r057.s226314190322891,sha256:4d719694dfc49019035473a17899298e78017112d5a8ae238dcc246bdfcaf638,sha256:3180c89651bff80cfba94b8bba87d1d3b87b319a914cfb049efee590d0062903,80,max_ticks,,230,0.903361,215,41,0,0.033613,2,3,3,2,4,0.767411,230,0.017391,4,0,0.9055,0,46.218487,0.47436,12.039453,0,238,0,8,0.549609,1,0,1,0.671429,0.021008,7,0,1,13,80,0,1,1,69,15
judge_always,58,15072225093037,resonance-routing.judge_always.r058.s15072225093037,sha256:425fe1eb3702dd2c1d20829e9fdffb7415cb7802191084e2531efa6fa35a3ec7,sha256:017afa023dcf9279605b94986e41b0789459d9b95a85f428c6c2c7661647dfdc,80,max_ticks,,234,0.904959,219,42,0,0.033058,2,3,3,2,4,0.762352,234,0.017094,4,0,0.9144,0,45.454545,0.474279,13.365985,0,242,0,8,0.531281,1,0,1,0.658879,0.020661,7,0,1,13,80,0,1,1,73,15
judge_always,59,25078129984675,resonance-routing.judge_always.r059.s25078129984675,sha256:85e8e204947a40da569c0b4f891916730113c7cf48397e7dfb955f3cf62ec496,sha256:2335bc1b57e2b1310a2b92865d459212429835904f76549b0fe8ada40b1c5c4a,80,max_ticks,,233,0.908714,219,41,0,0.033195,2,3,3,2,4,0.799703,233,0.017167,4,0,0.9075,0,45.643154,0.473721,12.164095,0,241,0,8,0.552302,1,0,1,0.658879,0.020747,7,0,1,12,80,0,1,1,73,14
judge_always,60,218072431996409,resonance-routing.judge_always.r060.s218072431996409,sha256:b2b8bfe22adbbcfcfccaab1e7a3087f804ea8db87a3bf8ec05baa8f2c0074048,sha256:ebe07fafd95708c979269fb1e574d143a67de60ee19eac6dd1b9ccc0da094dfa,80,max_ticks,,233,0.904564,218,41,0,0.033195,2,3,3,2,4,0.767891,233,0.017167,4,0,0.9111,0,45.643154,0.475142,12.486451,0,241,0,8,0.579719,1,0,1,0.657277,0.020747,7,0,1,13,80,0,1,1,73,15
judge_always,61,196385391895804,resonance-routing.judge_always.r061.s196385391895804,sha256:168862d7d7c647c5a6e2729154d9e579640359b04671e73e45446ccb5feb2885,sha256:c9eeb19134377205b7b6a236c98287ec51551767babdb569c32c083057ed0d85,80,max_ticks,,234,0.904959,219,41,0,0.033058,2,3,3,2,4,0.766954,234,0.017094,4,0,0.9069,0,45.454545,0.474029,12.998163,0,242,0,8,0.554095,1,0,1,0.658879,0.020661,7,0,1,13,80,0,1,1,73,15
judge_always,62,138988755290196,resonance-routing.judge_always.r062.s138988755290196,sha256:b539ce7cbe4edab10c25ede492480986898891b6912ae2bd9e3d64ff3b65a7f2,sha256:b1421089603f88bd8c4803953973bd5e9ec06813fcaa0bdef9a194b594eba76e,80,max_ticks,,233,0.908714,219,43,0,0.033195,2,3,3,2,4,0.790197,233,0.017167,4,0,0.9141,0,45.643154,0.47429,14.292854,0,241,0,8,0.557472,1,0,0.96875,0.658879,0.020747,7,0,1,12,80,0,1,1,73,14
judge_always,63,103525539443737,resonance-routing.judge_always.r063.s103525539443737,sha256:59d4a8d38cb29b2fc582f847a94f17c91a25c6bfa6836e4f8f8bd8c49d60304c,sha256:c08f3dc00baa5f0fb805c5597113d3f36508128d58d6cabadb3800d16ab9579d,80,max_ticks,,216,0.901786,202,42,0,0.035714,2,3,3,2,4,0.792321,216,0.018519,4,0,0.9107,0,49.107143,0.474289,12.910424,0,224,0,8,0.526861,1,0,1,0.725888,0.022321,7,0,1,12,80,0,1,1,54,14
judge_always,64,233653530300723,resonance-routing.judge_always.r064.s233653530300723,sha256:3d079af503a347f0c950730700bd32d98ef3629f11031c574f4d647a65bc2fe9,sha256:2308d41e9d5fdca78b545f971a2a8cf6dcac61e1f911afe604e0e72b0563fe8e,80,max_ticks,,233,0.904564,218,41,0,0.033195,2,3,3,2,4,0.768096,233,0.017167,4,0,0.9087,0,45.643154,0.474336,13.494468,0,241,0,8,0.546153,1,0,1,0.657277,0.020747,7,0,1,13,80,0,1,1,73,15
judge_always,65,153377513910633,resonance-routing.judge_always.r065.s153377513910633,sha256:2a04366d16e5eb9c9b5b2dbb9b47e708786133600183c2b2475b60751c49863a,sha256:4d5a097db738cf919d6ca26197634ffdd0996b5bc5289c1da89692012d02703c,80,max_ticks,,232,0.904167,217,41,0,0.033333,2,3,3,2,4,0.759453,232,0.017241,4,0,0.9099,0,45.833333,0.474085,12.364845,0,240,0,8,0.585128,1,0,1,0.665094,0.020833,7,0,1,13,80,0,1,1,71,15
judge_always,66,235066360775718,resonance-routing.judge_always.r066.s235066360775718,sha256:eba1a9e02c38998f3c9cef618e07d68c3a798e0e723e3ca18893da9190524eec,sha256:efe7fc89977a65b5c668f248b97bebd4ba05e035673d7ec446cf672e36d9bfbc,80,max_ticks,,234,0.904959,219,44,0,0.033058,2,3,3,2,4,0.743262,234,0.017094,4,0,0.9172,0,45.454545,0.475597,12.861767,0,242,0,8,0.582254,1,0,1,0.658879,0.020661,7,0,1,13,80,0,1,1,73,15
judge_always,67,177579233675930,resonance-routing.judge_always.r067.s177579233675930,sha256:7d20764e5a4f902c28e818c0e737d94148912168b0930958e65db0936483154d,sha256:79ab71830361ff7d3ae5ffc37668fb627fce12286da5aaf3c5eec5a9879fc36a,80,max_ticks,,232,0.904167,217,43,0,0.033333,2,3,3,2,4,0.743338,232,0.017241,4,0,0.9084,0,45.833333,0.474609,11.817616,0,240,0,8,0.515137,1,0,1,0.665094,0.020833,7,0,1,13,80,0,1,1,71,15
judge_always,68,230843330437709,resonance-routing.judge_always.r068.s230843330437709,sha256:c9ab1cde6df95cf6bc520292f93689e2f6a94594cf03d47a9810601b21c2b179,sha256:063673153a852e8543b9b73026e64c94783f29479ba824bbac5353e710ba78ea,80,max_ticks,,235,0.909465,221,42,0,0.032922,2,3,3,2,4,0.787031,235,0.017021,4,0,0.9116,0,45.26749,0.474661,10.503091,0,243,0,8,0.553966,1,0,1,0.662037,0.020576,7,0,1,12,80,0,1,1,73,14
judge_always,69,232234216461405,resonance-routing.judge_always.r069.s232234216461405,sha256:0a71bf3227210db4954cb2fad33ce5390ceb04aa80b2b551dd9517997b414b70,sha256:30b055ca26ea585f18b623467ff06853996ddabaf0763a80f0d80767397928e5,80,max_ticks,,203,0.890995,188,41,0,0.037915,2,3,3,2,4,0.770297,203,0.019704,4,0,0.9133,0,52.132701,0.474823,12.902141,0,211,0,8,0.58707,1,0,1,0.775956,0.023697,7,0,1,13,80,0,1,1,41,15
judge_always,70,62696922977182,resonance-routing.judge_always.r070.s62696922977182,sha256:6dc728d55c6027278b60de1d8802add8ce28d856f8df85e2b2e7258b07e8cdb2,sha256:1e938771fab703fb5a7df69e4f7f10a119d21a2e27dd0f2a2beee585052784e0,80,max_ticks,,229,0.902954,214,41,0,0.033755,2,3,3,2,4,0.762022,229,0.017467,4,0,0.9125,0,46.413502,0.47472,13.966995,0,237,0,8,0.584315,1,0,1,0.669856,0.021097,7,0,1,13,80,0,1,1,69,15
judge_always,71,67832884458048,resonance-routing.judge_always.r071.s67832884458048,sha256:13c7ba48c627e529ecfc6c3348fb73cd526108cdd030456162c3343a367033cf,sha256:ffc7da2f8af7e650299ffb188b4a2f5858c02780ca5fa4dc92244ef919fcc999,80,max_ticks,,226,0.905983,212,41,0,0.034188,2,3,3,2,4,0.79308,226,0.017699,4,0,0.9139,0,47.008547,0.474173,12.799208,0,234,0,8,0.526818,1,0,0.983333,0.68599,0.021368,7,0,1,12,80,0,1,1,65,14
judge_always,72,210104169807783,resonance-routing.judge_always.r072.s210104169807783,sha256:6e673b7f59bcb3f64472125a5228273c7313861614212cca07ab7c3c67417415,sha256:236b45bd3c802f09390ee06083dfe9943c21ff43d3ab2cca39fe50b7aee0447d,80,max_ticks,,234,0.904959,219,41,0,0.033058,2,3,3,2,4,0.764559,234,0.017094,4,0,0.9109,0,45.454545,0.474984,11.897595,0,242,0,8,0.544614,1,0,1,0.658879,0.020661,7,0,1,13,80,0,1,1,73,15
judge_always,73,60126832853574,resonance-routing.judge_always.r073.s60126832853574,sha256:bdeb5302a5a86fca5362e273e6a689eb3584208bafc8d7b12d3347ab990f28fb,sha256:c7aa17099b77cb2edcd722709e84e42c892920316bc2047b7428f61ec31e1ee5,80,max_ticks,,234,0.904959,219,44,0,0.033058,2,3,3,2,4,0.733675,234,0.017094,4,0,0.9126,0,45.454545,0.474945,11.00707,0,242,0,8,0.579667,1,0,1,0.658879,0.020661,7,0,1,13,80,0,1,1,73,15
judge_always,74,103622912935547,resonance-routing.judge_always.r074.s103622912935547,sha256:68645528b202f1ed0bf90e05c139e9853aeeefe754f85c975b0eccd04a96267d,sha256:e17f02733e45ed0c9b837877d42ddc2eac58139553c81ff1b617e5081bf98839,80,max_ticks,,228,0.90678,214,41,0,0.033898,2,3,3,2,4,0.797323,228,0.017544,4,0,0.9117,0,46.610169,0.474375,11.607343,0,236,0,8,0.54487,1,0,1,0.679426,0.021186,7,0,1,12,80,0,1,1,67,14
judge_always,75,76689572249920,resonance-routing.judge_always.r075.s76689572249920,sha256:3bec5e38ba67102e43acd976e55e16ebb1ab392dffc32b9bda75227986602339,sha256:86094e02068792148b84370835b9a5c3956977a51347bbf5e31a4c57702c782c,80,max_ticks,,230,0.903361,215,41,0,0.033613,2,3,3,2,4,0.769283,230,0.017391,4,0,0.9113,0,46.218487,0.47485,13.210939,0,238,0,8,0.558639,1,0,1,0.666667,0.021008,7,0,1,13,80,0,1,1,70,15
judge_always,76,22879149902528,resonance-routing.judge_always.r076.s22879149902528,sha256:8a437e6f6c6a1e04b232a444a6ab870f48383027b594caa42b8fe34461a5e95e,sha256:2690ffa7c6ad9d420b9248d640cddf96b0ddbefb9847a8134cc5da773506b183,80,max_ticks,,233,0.908714,219,41,0,0.033195,2,3,3,2,4,0.801391,233,0.017167,4,0,0.914,0,44.605809,0.475605,12.619273,0,241,0,8,0.588929,1,0,1,0.658879,0.020747,7,0,1,12,80,0,1,1,73,14
judge_always,77,45961626917818,resonance-routing.judge_always.r077.s45961626917818,sha256:74e26d3947beee7416d2c7ff74585282eb9e4708c077c9eef27789d3bb8e50d9,sha256:4b04e9df896273133d86d8a16a8a003576cc06c3990020eda4b86cc4874f1976,80,max_ticks,,234,0.904959,219,42,0,0.033058,2,3,3,2,4,0.761263,234,0.017094,4,0,0.9107,0,45.454545,0.47486,9.575554,0,242,0,8,0.587298,1,0,1,0.658879,0.020661,7,0,1,13,80,0,1,1,73,15
judge_always,78,241433799777023,resonance-routing.judge_always.r078.s241433799777023,sha256:a8b72f1672808a4e57916e91c8a30ccc98ea487a76e4b830944f629ed3730934,sha256:e77fbd93c225246e90f669fc24d4a9372ddf09e3bce033295c1b9de2d3312686,80,max_ticks,,233,0.904564,218,41,0,0.033195,2,3,3,2,4,0.767811,233,0.017167,4,0,0.9141,0,45.643154,0.475015,13.238682,0,241,0,8,0.543327,1,0,1,0.657277,0.020747,7,0,1,13,80,0,1,1,73,15
judge_always,79,127720686340246,resonance-routing.judge_always.r079.s127720686340246,sha256:15ebcc5e2d2af58b57c8d2a0edf4e01aa2ba310220c20563bb85b1a2404b0749,sha256:495e98e21fe6cf24371b7e442b483cdf77f2563c9e4573a2e0564d2fac446ba8,80,max_ticks,,234,0.904959,219,41,0,0.033058,2,3,3,2,4,0.768575,234,0.017094,4,0,0.9085,0,45.454545,0.474581,10.371981,0,242,0,8,0.525043,1,0,1,0.658879,0.020661,7,0,1,13,80,0,1,1,73,15
judge_always,80,263876294331893,resonance-routing.judge_always.r080.s263876294331893,sha256:8cc3a1d6838afd4c8ec14e80de0b780bcc492ab231909f3b49c91fdf16a92016,sha256:d5e987c29846218938a8676e0bacae45d946553e756a6c935ac0b56271e51bf6,80,max_ticks,,229,0.902954,214,41,0,0.033755,2,3,3,2,4,0.758081,229,0.017467,4,0,0.9119,0,46.413502,0.475131,13.86732,0,237,0,8,0.532007,1,0,1,0.674641,0.021097,7,0,1,13,80,0,1,1,68,15
judge_always,81,237707675484309,resonance-routing.judge_always.r081.s237707675484309,sha256:fc64973a3961ec93c4ea771483144a5afac41dfd08579a8563baf4b26ab2f244,sha256:58fc4d353ab0d36dc5c0fba117d1d9b426a98bdeef7e043d193a055b966fdfd5,80,max_ticks,,231,0.903766,216,42,0,0.033473,2,3,3,2,4,0.75166,231,0.017316,4,0,0.913,0,46.025105,0.474891,12.260777,0,239,0,8,0.583669,1,0,1,0.663507,0.020921,7,0,1,13,80,0,1,1,71,15
judge_always,82,134107475702514,resonance-routing.judge_always.r082.s134107475702514,sha256:46298b2b8fdae218ee6331f1081865ebaf67e603f61e3ef8a038317606f25fa4,sha256:498facb2a45a8d7e4f29949bc5a372bd340fc38a780adb29d9d40106102d5f29,80,max_ticks,,231,0.903766,216,41,0,0.033473,2,3,3,2,4,0.749963,231,0.017316,4,0,0.9126,0,44.979079,0.475002,10.245959,0,239,0,8,0.581344,1,0,1,0.672986,0.020921,7,0,1,13,80,0,1,1,69,15
judge_always,83,117836874297179,resonance-routing.judge_always.r083.s117836874297179,sha256:333595953078eed065b32ee06cd8eed1c0636146cd3f708b39cf0a6a2c14b310,sha256:5476e481003db0b20e54d0140c165e46316bd7b40c5ec7d28184416088afac07,80,max_ticks,,232,0.915966,218,44,0,0.02521,2,3,3,2,3,0.768086,232,0.012931,3,0,0.9085,0,10.504202,0.469924,6.169873,0,238,0,6,0.580183,1,0,1,0.657277,0.004202,3,0,1,13,80,0,3,3,73,14
judge_always,84,215789779638886,resonance-routing.judge_always.r084.s215789779638886,sha256:187562b6e4edddd6069a3816f116b474f4599bb9090a6a3f8af36fd3563a6d3c,sha256:86520c8a6aaa69ceae936fe080da729710cb0a1122fea75befc2a5028a1e8ba6,80,max_ticks,,229,0.902954,214,44,0,0.033755,2,3,3,2,4,0.750369,229,0.017467,4,0,0.9128,0,46.413502,0.474321,13.388415,0,237,0,8,0.606745,1,0,1,0.674641,0.021097,7,0,1,13,80,0,1,1,68,15
judge_always,85,68235735981533,resonance-routing.judge_always.r085.s68235735981533,sha256:5e999160a68dc956fb541c9e333b1e83313e5d710477ed42f790fd16717833f9,sha256:45bacdf0f6246d6bbff7eb275b75ace98f42ed20ed49de8b4b3c35b0088f5f51,80,max_ticks,,189,0.888325,175,41,0,0.040609,2,3,3,2,4,0.874685,189,0.021164,4,0,0.9134,0,55.837563,0.47365,12.594773,0,197,0,8,0.600818,1,0,1,0.835294,0.025381,7,0,1,12,80,0,1,1,28,14
judge_always,86,255076023939080,resonance-routing.judge_always.r086.s255076023939080,sha256:06a5dcf03d16b2c35095dde5da9aeceda14ba358f5bbeb29c205544a3b930e6b,sha256:5e4721fe83258350cb747cf4cb242116da2449cf87cb34b5d6944a458fd85569,80,max_ticks,,164,0.866279,149,41,0,0.046512,2,3,3,2,4,0.882727,164,0.02439,4,0,0.9104,0,63.953488,0.474955,12.49872,0,172,0,8,0.624193,1,0,1,0.979167,0.02907,7,0,1,13,80,0,1,1,3,15
judge_always,87,26146706299082,resonance-routing.judge_always.r087.s26146706299082,sha256:6a467365ed807711865807e9f4b124a30d6699448bba2e729608e4ba03dc8af1,sha256:be19b3212404b7cdca333b4649a7aa51d77031cbec60668d8ca4169fe3cd2bc4,80,max_ticks,,215,0.877729,201,,0,0.061135,2,2,3,2,3,0.755332,215,0.013953,3,0,0.9263,0,10.917031,0.478496,6.300487,0,229,0,14,0.539232,0.666667,0,0.961538,0.637755,0.004367,3,0,0.666667,13,80,0,11,11,71,14
judge_always,88,106324969497314,resonance-routing.judge_always.r088.s106324969497314,sha256:d4e60691549cb86aa5cc738a069908a485957a667f0e4e60004173d96ed18c94,sha256:6d8589b73d21af18f6253f5b7b5a473cad722d454f37d5671469cc637dadad43,80,max_ticks,,232,0.904167,217,41,0,0.033333,2,3,3,2,4,0.754971,232,0.017241,4,0,0.9121,0,45.833333,0.475633,11.649029,0,240,0,8,0.574193,1,0,1,0.660377,0.020833,7,0,1,13,80,0,1,1,72,15
judge_always,89,226057765130466,resonance-routing.judge_always.r089.s226057765130466,sha256:cb63946b84f1e59897ebd8ff1f41a7c2c671fd1aa31f5cd1ada6a60aa2137701,sha256:b88678d691a0eb377b26ccf4d3d420f7cea99857fa74f15f84d33eb7bbc5afad,80,max_ticks,,233,0.904564,218,44,0,0.033195,2,3,3,2,4,0.743296,233,0.017167,4,0,0.9142,0,45.643154,0.475316,12.926365,0,241,0,8,0.57608,1,0,1,0.657277,0.020747,7,0,1,13,80,0,1,1,73,15
judge_always,90,252296002518790,resonance-routing.judge_always.r090.s252296002518790,sha256:add08e3be8d6672f36db735ba83d92084c093756e8ddceefb42feb4e7e3c0d8d,sha256:978dc98106a756500cff97d283f4cb098a65551a917948d935c0fb8f7d2733aa,80,max_ticks,,233,0.908714,219,41,0,0.033195,2,3,3,2,4,0.801581,233,0.017167,4,0,0.9116,0,45.643154,0.474405,13.280986,0,241,0,8,0.550303,1,0,1,0.658879,0.020747,7,0,1,12,80,0,1,1,73,14
judge_always,91,6593257485107,resonance-routing.judge_always.r091.s6593257485107,sha256:b352b6ccc7155da70306e6c3d17747ada4a9f0ca837a51a6382d5de7ec2c8dc9,sha256:fb5daff2a88cb0595596b846f55616c4c725b5f4c1d0a244f381b2f5b3eb6b76,80,max_ticks,,230,0.907563,216,40,0,0.033613,2,3,3,2,4,0.801202,230,0.017391,4,0,0.9109,0,46.218487,0.474936,12.628572,0,238,0,8,0.539646,1,0,1,0.668246,0.021008,7,0,1,12,80,0,1,1,70,14
judge_always,92,107733111813570,resonance-routing.judge_always.r092.s107733111813570,sha256:3262c16649e8de3b296edb2d385202f3c0db8ca20fb097dfc23804a229e924e9,sha256:035768ce25241a1144c075da9601072cdeb7a424f11bb017eed14e0bcee93984,80,max_ticks,,226,0.901709,211,41,0,0.034188,2,3,3,2,4,0.768705,226,0.017699,4,0,0.9101,0,47.008547,0.475033,13.12931,0,234,0,8,0.567729,1,0,1,0.679612,0.021368,7,0,1,13,80,0,1,1,66,15
judge_always,93,72272906642654,resonance-routing.judge_always.r093.s72272906642654,sha256:5c9907f30d982c50206522548174010d31961af0d9837d7a4e4d9c981d67f961,sha256:f1bf26b780eb117b9863f7616a88c446c7fff04c408f6de073f6f6d7050f3795,80,max_ticks,,232,0.904167,217,41,0,0.033333,2,3,3,2,4,0.765935,232,0.017241,4,0,0.9153,0,45.833333,0.475896,12.882679,0,240,0,8,0.571947,1,0,1,0.660377,0.020833,7,0,1,13,80,0,1,1,72,15
judge_always,94,4034074678193,resonance-routing.judge_always.r094.s4034074678193,sha256:976d2ab2756e46f6a9532667d7d6b2462e3ffa40878c6e6d1658a8aa3c6b3e25,sha256:9341e1e950216ba29c5993b1f96fdee1d8ffbbfdcc19a978fc2a6d48393c9347,80,max_ticks,,233,0.904564,218,47,0,0.033195,2,3,3,2,4,0.707687,233,0.017167,4,0,0.9131,0,45.643154,0.474651,13.863438,0,241,0,8,0.565437,1,0,0.90625,0.657277,0.020747,7,0,1,13,80,0,1,1,73,15
judge_always,95,160006209284117,resonance-routing.judge_always.r095.s160006209284117,sha256:dc6e7f7f2ad45b3bd9548e1be884176b10e1690041ac88b72720b00ddb832134,sha256:c072a10aea8036336639b499aa3781a7f2a796e338cf0df6a06f1c364cd9c261,80,max_ticks,,232,0.904167,217,41,0,0.033333,2,3,3,2,4,0.768278,232,0.017241,4,0,0.9116,0,45.833333,0.475275,12.106267,0,240,0,8,0.588327,1,0,1,0.660377,0.020833,7,0,1,13,80,0,1,1,72,15
judge_always,96,124596252208084,resonance-routing.judge_always.r096.s124596252208084,sha256:338083fd26ccebd0a37b46ad69d2c422d3c4ceb43a0e4c8d3e647c0f624dea0d,sha256:df4f4df0ce449292fb93b8e6ba422a1b7523df05fc438a0f9ad20dbafcc8b951,80,max_ticks,,234,0.904959,219,42,0,0.033058,2,3,3,2,4,0.748918,234,0.017094,4,0,0.9097,0,44.421488,0.473699,9.94545,0,242,0,8,0.539494,1,0,1,0.663551,0.020661,7,0,1,13,80,0,1,1,72,15
judge_always,97,108176812626590,resonance-routing.judge_always.r097.s108176812626590,sha256:f58aeb5ce6eaca0598d26c3047f3c5ee1efd4d4d231d5d10449dcbb18acb93de,sha256:5dd45a7aa7a18048ed274dae40a594f7f55d5d17fea5e8604dd6901aa2d464f4,80,max_ticks,,233,0.904564,218,42,0,0.033195,2,3,3,2,4,0.763049,233,0.017167,4,0,0.908,0,45.643154,0.47431,11.616963,0,241,0,8,0.568509,1,0,1,0.657277,0.020747,7,0,1,13,80,0,1,1,73,15
judge_always,98,51788843314953,resonance-routing.judge_always.r098.s51788843314953,sha256:b9af5a910ae776bacbc0e888ac4ddb20b452e6d8d9fbd878ebb7674254ca059a,sha256:063ba5a2e6c3db4cc001fb485502a92ba951ccc06392e0f13799242a26446fb2,80,max_ticks,,231,0.903766,216,42,0,0.033473,2,3,3,2,4,0.778585,231,0.017316,4,0,0.9104,0,46.025105,0.474758,12.463958,0,239,0,8,0.58647,1,0,1,0.668246,0.020921,7,0,1,13,80,0,1,1,70,15
judge_always,99,265824573729829,resonance-routing.judge_always.r099.s265824573729829,sha256:61573ae0222485b031623c9ed99552b8dc742467a0ac85dd363ae137351e89e1,sha256:f6122dbf99514eb0390fc4817069f2297f65421dfea88553ff1f5d457f514b2f,80,max_ticks,,225,0.901288,210,42,0,0.034335,2,3,3,2,4,0.769741,225,0.017778,4,0,0.9142,0,47.2103,0.474839,12.212292,0,233,0,8,0.583054,1,0,0.9375,0.682927,0.021459,7,0,1,13,80,0,1,1,65,15
judge_never,0,57527341304683,resonance-routing.judge_never.r000.s57527341304683,sha256:1f40768d031a1137b1493e169a451993d1d4e55af5058465e3215e2fcb84b557,sha256:23f5786302b0e31fa3791558cfc7170f1f9450a293c78e050ccde327d38ad322,80,max_ticks,,229,0.915612,217,41,3,0.033755,2,3,3,0,0,0.810769,0,,0,0,0.8927,,58.016878,0.465861,13.786206,0,237,0,8,0.572101,1,0,0.967742,0.672986,0.029536,7,0,1,12,80,0,1,1,69,12
judge_never,1,99278038155453,resonance-routing.judge_never.r001.s99278038155453,sha256:fae10a4eef00f2118f502197457097adf04a7437d94034397658302ea4349a18,sha256:eed2cccab2b768b68acf6a75a7854ee2bceed463749dfb436dfa12673b73dfdb,80,max_ticks,,232,0.916667,220,41,3,0.033333,2,3,3,0,0,0.813576,0,,0,0,0.8909,,57.291667,0.464955,12.785327,0,240,0,8,0.536363,1,0,0.953125,0.658879,0.029167,7,0,1,12,80,0,1,1,73,12
judge_never,2,256815052586320,resonance-routing.judge_never.r002.s256815052586320,sha256:269cd3f66facd5809cd788c728d93ff989b7ec59152962004e404ceb580a03d7,sha256:bfbea1a30b844ca04f2c10b75464f8291e394976866cc84387b3b4d6cb84dfda,80,max_ticks,,228,0.915254,216,41,3,0.033898,2,3,3,0,0,0.801772,0,,0,0,0.8936,,58.262712,0.465472,8.329243,0,236,0,8,0.556288,1,0,1,0.671429,0.029661,7,0,1,12,80,0,1,1,69,12
judge_never,3,54666758928369,resonance-routing.judge_never.r003.s54666758928369,sha256:738ec8cae3e249a0b1994838fdaa357f9da0943b8d9c4d9914dd0afdd9bfc687,sha256:d66156efd01ba83d023d64dce34b71ae2069e786fc7617e0e8af378042dcbca3,80,max_ticks,,218,0.911504,206,41,3,0.035398,2,3,3,0,0,0.807,0,,0,0,0.8964,,60.840708,0.464936,12.819171,0,226,0,8,0.603563,1,0,1,0.705,0.030973,7,0,1,12,80,0,1,1,59,12
judge_never,4,265295863012748,resonance-routing.judge_never.r004.s265295863012748,sha256:c0d2dd2a29e25d1490d8bb35b8373d0879756dc75e4a60c7d7ed81a62b39ff8f,sha256:6ae8781c387fefdb26f5198b1ac0067f61649baf5aac9377091499a0bc2ec3d4,80,max_ticks,,228,0.915254,216,41,3,0.033898,2,3,3,0,0,0.805661,0,,0,0,0.8982,,58.262712,0.466369,11.525135,0,236,0,8,0.542884,1,0,0.967742,0.671429,0.029661,7,0,1,12,80,0,1,1,69,12
judge_never,5,165917763013172,resonance-routing.judge_never.r005.s165917763013172,sha256:009f811dcb65213d093bfac760bc56a39d0cfecd841dd38cc01e2253c8ae8029,sha256:78a1307b6389eb33271004452d79b7f9df2ba32321ae46d97776c8e1c6a6afc5,80,max_ticks,,230,0.915966,218,43,3,0.033613,2,3,3,0,0,0.803069,0,,0,0,0.8967,,57.773109,0.465704,13.124082,0,238,0,8,0.579882,1,0,1,0.669811,0.029412,7,0,1,12,80,0,1,1,70,12
judge_never,6,252736664674552,resonance-routing.judge_never.r006.s252736664674552,sha256:d02fb571e3e4dd79cf51bc254ee97412bf8b9211f6741e050c449300baa315c7,sha256:2b9cb16b1009ca87e9a97f534839a27cb3895a425af22443d4b24e805eb21e1a,80,max_ticks,,232,0.9125,219,41,3,0.033333,2,3,3,0,0,0.774487,0,,0,0,0.8941,,57.291667,0.465494,14.045943,0,240,0,8,0.55937,1,0,0.953125,0.657277,0.029167,7,0,1,13,80,0,1,1,73,13
judge_never,7,43001839530755,resonance-routing.judge_never.r007.s43001839530755,sha256:0ed10f6d48d8f29711bac911fda3058d7a7e576f39a8672f98d6558425c215c5,sha256:07dfe930826ea9e342de28aff8e92ccce029e0a24e654f4a218848bb21df1daa,80,max_ticks,,233,0.912863,220,41,3,0.033195,2,3,3,0,0,0.772599,0,,0,0,0.895,,57.053942,0.465489,13.124847,0,241,0,8,0.587734,1,0,0.953125,0.658879,0.029046,7,0,1,13,80,0,1,1,73,13
judge_never,8,221957817213145,resonance-routing.judge_never.r008.s221957817213145,sha256:9f0cff9b3475c429b3b5956a32b7801d57478fbfae537cf3b32bc80054c468cf,sha256:2c56bafdb87ab21011c0fd65ac4faacbcc4f2285b1f572e34d6649cf07a65f1b,80,max_ticks,,231,0.916318,219,41,3,0.033473,2,3,3,0,0,0.814007,0,,0,0,0.8883,,57.531381,0.465696,12.759665,0,239,0,8,0.593179,1,0,0.9375,0.661972,0.029289,7,0,1,12,80,0,1,1,72,12
judge_never,9,151369659976869,resonance-routing.judge_never.r009.s151369659976869,sha256:dfa0f63e38ea0ecc4f3bb89da88df9327b0acb14b3252214021c4808f6934308,sha256:65f6b6739d00be13dc836656a79e79ece2f9c02d3507237c4d49b711c0126317,80,max_ticks,,233,0.909091,220,64,0,0.03719,2,3,3,0,0,0.808195,0,,0,0,0.9065,,10.330579,0.466728,5.997492,0,242,0,9,0.559801,1,0,0.928571,0.658879,0.004132,3,0,1,13,80,0,6,6,73,13
judge_never,10,42750273790937,resonance-routing.judge_never.r010.s42750273790937,sha256:76247438b2f65d75d0dde5464404e6d641c0c0384480482ee1b32746d1d27441,sha256:5ca2876c03671a9b9abbd7708c7f17e90d90dffb07b595e269e2e886770e221f,80,max_ticks,,231,0.916318,219,41,3,0.033473,2,3,3,0,0,0.814678,0,,0,0,0.8966,,57.531381,0.465899,13.686195,0,239,0,8,0.596297,1,0,0.967742,0.661972,0.029289,7,0,1,12,80,0,1,1,72,12
judge_never,11,265000021645429,resonance-routing.judge_never.r011.s265000021645429,sha256:5327dabc95990d9c3601cff1f83d76febc88ffc7b7dde395c8435ae2f1a6d04c,sha256:2351d61a401d967a927e638fb29fc66cb398dfce41cbc7c77d5e4ddc0a407c24,80,max_ticks,,229,0.915612,217,41,3,0.033755,2,3,3,0,0,0.813555,0,,0,0,0.8908,,58.016878,0.465093,12.410532,0,237,0,8,0.581079,1,0,0.96875,0.677725,0.029536,7,0,1,12,80,0,1,1,68,12
judge_never,12,105765016728113,resonance-routing.judge_never.r012.s105765016728113,sha256:44436f49a22cbb010655313fc80e7bf4de1691c57f65eb7e0574e81740d97ba2,sha256:1d7a4f9e081080b60da0820fad19807961a95e252db7a9c83736e516975f0ebc,80,max_ticks,,232,0.9125,219,41,3,0.033333,2,3,3,0,0,0.774662,0,,0,0,0.8946,,57.291667,0.467389,12.292995,0,240,0,8,0.595991,1,0,0.953125,0.657277,0.029167,7,0,1,13,80,0,1,1,73,13
judge_never,13,87362427631443,resonance-routing.judge_never.r013.s87362427631443,sha256:2fcc4ade7cacab210ac11c36470319e2ef53df7623f4aab9a5a63054e96a3db1,sha256:dce73fe12a6307b48818748ca717d19137412770d55550a2a6466992945f9213,80,max_ticks,,231,0.916318,219,41,3,0.033473,2,3,3,0,0,0.814567,0,,0,0,0.8939,,57.531381,0.46575,12.387724,0,239,0,8,0.525716,1,0,0.967742,0.661972,0.029289,7,0,1,12,80,0,1,1,72,12
judge_never,14,267385964521992,resonance-routing.judge_never.r014.s267385964521992,sha256:a7b3ca87f1e49c8a5e15fbe1b5def5daaac9954588bf07aa7ea0ff86c63013b7,sha256:33d9f9fb07344fc3a0f6275cbd8120acb09fe161b665dcb52ece7cf1e57b3128,80,max_ticks,,229,0.915612,217,41,3,0.033755,2,3,3,0,0,0.817735,0,,0,0,0.895,,56.962025,0.465708,13.04765,0,237,0,8,0.614629,1,0,0.983871,0.668246,0.029536,7,0,1,12,80,0,1,1,70,12
judge_never,15,50338251191256,resonance-routing.judge_never.r015.s50338251191256,sha256:058d407b36091b025af0f28e4547586fd8997f629e1b5f530700f85c9e693201,sha256:89946087e773e50ad7b6781087845a6612fb48e338345596e838868195cd4d5c,80,max_ticks,,230,0.915966,218,41,3,0.033613,2,3,3,0,0,0.81534,0,,0,0,0.8941,,57.773109,0.465001,14.383423,0,238,0,8,0.583793,1,0,0.967742,0.665094,0.029412,7,0,1,12,80,0,1,1,71,12
judge_never,16,174028374442274,resonance-routing.judge_never.r016.s174028374442274,sha256:3ed4d10b79b7356fa4db032ac5aab0ed7e79a9f5f5cdba4f59c2f6d55d8751e1,sha256:d189d9dabc0e964c1a4cddec0d34f6bb22f61c16d5fd61c6aebc3ee2027865ab,80,max_ticks,,226,0.91453,214,41,3,0.034188,2,3,3,0,0,0.815744,0,,0,0,0.8925,,58.760684,0.46549,13.786432,0,234,0,8,0.576994,1,0,0.90625,0.677885,0.029915,7,0,1,12,80,0,1,1,67,12
judge_never,17,262349356812342,resonance-routing.judge_never.r017.s262349356812342,sha256:eddba305ca7c6d053a33bf95d8419c746bc6711847fee265192b3c3698db5d47,sha256:c90c109a95b9cc4926874759f0d108f1f97c3848ad04ccf078735084af9d4918,80,max_ticks,,218,0.883621,205,,0,0.060345,2,2,3,0,0,0.74722,0,,0,0,0.9068,,10.775862,0.471694,5.907696,0,232,1.5,14,0.563813,0.666667,0,0.910714,0.633166,0.00431,3,0,0.666667,13,80,0,11,11,73,13
judge_never,18,85578585668014,resonance-routing.judge_never.r018.s85578585668014,sha256:5b219a71bcf6e58a637d868b3a6f641ab43a5d8d2176e6e783b40e5d47fbf3ac,sha256:72b69f5f1180b19e0101b03852ed070bbb3b9de43a577cf1e53a182e4e232051,80,max_ticks,,229,0.915612,217,43,3,0.033755,2,3,3,0,0,0.803175,0,,0,0,0.8895,,58.016878,0.465994,13.275492,0,237,0,8,0.565102,1,0,0.921875,0.672986,0.029536,7,0,1,12,80,0,1,1,69,12
judge_never,19,107018321236797,resonance-routing.judge_never.r019.s107018321236797,sha256:489e23eb0b44d60259a016595edc34d2bdc59622241e219305be9882d016ab34,sha256:ae5c959d5f6b4ff078a48cd49bb03c99e6c42d52009c5f51e006fb36dd83601d,80,max_ticks,,226,0.91453,214,41,3,0.034188,2,3,3,0,0,0.816344,0,,0,0,0.894,,58.760684,0.464745,13.522577,0,234,0,8,0.553546,1,0,0.953125,0.677885,0.029915,7,0,1,12,80,0,1,1,67,12
judge_never,20,5701907027736,resonance-routing.judge_never.r020.s5701907027736,sha256:d34bf33b5b64db83ec498adc549012de8520dc6debaddcf017af513b7e28f6ce,sha256:89c0d0ead17dc677e5bf0cdae4285d896b328b1bfb06c33117e77ce95e106224,80,max_ticks,,231,0.916318,219,41,3,0.033473,2,3,3,0,0,0.807919,0,,0,0,0.8922,,57.531381,0.465363,14.875633,0,239,0,8,0.57939,1,0,0.953125,0.666667,0.029289,7,0,1,12,80,0,1,1,71,12
judge_never,21,51186872990512,resonance-routing.judge_never.r021.s51186872990512,sha256:93d356baa101dc19c51c3ab6653edd1207e8922f8a8d9fae1d59f1df5ee4e8b1,sha256:b23aef19ab17d17cea4f5a2f15ce19c5200c57d3ccf2022bc06b8239d574aaed,80,max_ticks,,230,0.915966,218,41,3,0.033613,2,3,3,0,0,0.815877,0,,0,0,0.893,,57.773109,0.465334,13.163042,0,238,0,8,0.565741,1,0,0.953125,0.665094,0.029412,7,0,1,12,80,0,1,1,71,12
judge_never,22,188948363392988,resonance-routing.judge_never.r022.s188948363392988,sha256:fa6591189a432001f847596374ac6b859e7a2425aaed6bbba652b19c6f07e9df,sha256:02f7cfe6673d1a9b6e52190987b224b052d64a50d51432ddba812a43f569579e,80,max_ticks,,162,0.882353,150,41,3,0.047059,2,3,3,0,0,0.894406,0,,0,0,0.8908,,80.882353,0.465552,13.407952,0,170,0,8,0.631956,1,0,0.9375,0.979167,0.041176,7,0,1,12,80,0,1,1,3,12
judge_never,23,119597358959743,resonance-routing.judge_never.r023.s119597358959743,sha256:847950e404078d8c42e99e11200949935d228109e8783afee5eb126f21b73260,sha256:6cecc319b94f44d9fee54b14e055d845555cac9db1cd8c8b0dacdd786c27816a,80,max_ticks,,229,0.915612,217,41,3,0.033755,2,3,3,0,0,0.813044,0,,0,0,0.8962,,58.016878,0.464805,12.923165,0,237,0,8,0.558741,1,0,0.935484,0.668246,0.029536,7,0,1,12,80,0,1,1,70,12
judge_never,24,63259633888481,resonance-routing.judge_never.r024.s63259633888481,sha256:d41363762c818b8ed57f40a9268547d95ec4c791d2f5c918860748c16bed85f2,sha256:f76ca9742c0313564d779c0a702e8faf9c0e9eea0ec5e594d17cc032194d4bf9,80,max_ticks,,227,0.910638,214,41,3,0.034043,2,3,3,0,0,0.76804,0,,0,0,0.8953,,58.510638,0.466743,12.422272,0,235,0,8,0.581189,1,0,0.983333,0.673077,0.029787,7,0,1,13,80,0,1,1,68,13
judge_never,25,220976159642645,resonance-routing.judge_never.r025.s220976159642645,sha256:8ef8c3bc85b48148c09d465604ac159c3f749d8991abeae714e4b15a02cec76d,sha256:c91bb2acef10955ef3bd9cb95e470576d350d1da03a61924c848ba75597d0718,80,max_ticks,,234,0.917355,222,41,3,0.033058,2,3,3,0,0,0.809048,0,,0,0,0.8912,,56.818182,0.46506,12.506352,0,242,0,8,0.560775,1,0,0.96875,0.662037,0.028926,7,0,1,12,80,0,1,1,73,12
judge_never,26,267351106039472,resonance-routing.judge_never.r026.s267351106039472,sha256:e81bdc45e7604f595808789745d95f398ba82bdaa3bfec65d87fdb169a43f4f5,sha256:d9e51c2ea82346980bae73ca4bd0c7bcb9243ff4121eba5270bc66428448e28c,80,max_ticks,,226,0.91453,214,41,3,0.034188,2,3,3,0,0,0.811016,0,,0,0,0.8934,,58.760684,0.465496,13.718977,0,234,0,8,0.576248,1,0,1,0.682692,0.029915,7,0,1,12,80,0,1,1,66,12
judge_never,27,79356475614569,resonance-routing.judge_never.r027.s79356475614569,sha256:c4298e7f39bb19bff1815c544b1c4e98336f28f3dff0a3bf3bbf14f0a041032a,sha256:90eb84917897af0651ffc1a746533a115b94bda838d3175f6decd51167822f04,80,max_ticks,,228,0.911017,215,41,3,0.033898,2,3,3,0,0,0.770367,0,,0,0,0.8931,,58.262712,0.466507,14.306532,0,236,0,8,0.598181,1,0,0.983333,0.674641,0.029661,7,0,1,13,80,0,1,1,68,13
judge_never,28,182423689935324,resonance-routing.judge_never.r028.s182423689935324,sha256:3ac0cbfb55f42b638b85c5d413491fd737c5c3031147fdb8b806b75a322d490e,sha256:9c1b6ac8f40907a0c716463167e315d8e803224acf21ec5747c2c8e7e980a80f,80,max_ticks,,231,0.916318,219,42,3,0.033473,2,3,3,0,0,0.810699,0,,0,0,0.8916,,57.531381,0.465626,12.518273,0,239,0,8,0.553677,1,0,0.9375,0.661972,0.029289,7,0,1,12,80,0,1,1,72,12
judge_never,29,111109937806271,resonance-routing.judge_never.r029.s111109937806271,sha256:8186f7c3640721abdd68a213201907390aa42b97175f8c3438f168363cb948a5,sha256:53d1847c9f6acf84b01816ad557912c2eea26e209470df36d1d8a35e15a62348,80,max_ticks,,231,0.916318,219,42,3,0.033473,2,3,3,0,0,0.808906,0,,0,0,0.8949,,57.531381,0.465793,13.402101,0,239,0,8,0.567568,1,0,1,0.666667,0.029289,7,0,1,12,80,0,1,1,71,12
judge_never,30,130394613034230,resonance-routing.judge_never.r030.s130394613034230,sha256:96946343f85e207f4ca6a7e6c28b50537ff0a48630e4576aa93116b557f18ce1,sha256:d24a9b74f96e5d3a5989791f0ce553e70595791096dd5a963a21a495fb76f2bb,80,max_ticks,,230,0.911765,217,41,3,0.033613,2,3,3,0,0,0.77632,0,,0,0,0.8919,,57.773109,0.465609,7.016416,0,238,0,8,0.566005,1,0,1,0.663507,0.029412,7,0,1,13,80,0,1,1,71,13
judge_never,31,269769521741202,resonance-routing.judge_never.r031.s269769521741202,sha256:452aacbe89f86e9fa331fe53a063a84e2a63a114b2d750a27047fd232659d9bf,sha256:a2c89245d8c42d65e03f4e502bd9638570ee74ab7fd2265e9e1a31abc1a54e0e,80,max_ticks,,230,0.915966,218,41,3,0.033613,2,3,3,0,0,0.811528,0,,0,0,0.8903,,57.773109,0.464195,12.345574,0,238,0,8,0.565762,1,0,0.953125,0.669811,0.029412,7,0,1,12,80,0,1,1,70,12
judge_never,32,211127800505858,resonance-routing.judge_never.r032.s211127800505858,sha256:1d722790536107932faf88abe10fc100e52bf8987da13e1b52fab727ea2728cb,sha256:fa75af32360b811eebfba2c155e9428423f464ceb6baeff6e54d6a4a724aa9c4,80,max_ticks,,224,0.913793,212,41,3,0.034483,2,3,3,0,0,0.803609,0,,0,0,0.8942,,59.267241,0.465549,14.254537,0,232,0,8,0.528345,1,0,0.951613,0.684466,0.030172,7,0,1,12,80,0,1,1,65,12
judge_never,33,159151711187285,resonance-routing.judge_never.r033.s159151711187285,sha256:ccaa63ed088f2890efbc5b43a4941bab57657c016f7ea3163bfe99d6d1589461,sha256:c63435f0cacf3d11710fa3ccae1328829d8017915c7bf028f72b77738e42407f,80,max_ticks,,232,0.9125,219,42,3,0.033333,2,3,3,0,0,0.771807,0,,0,0,0.8951,,57.291667,0.466845,13.305284,0,240,0,8,0.585099,1,0,0.953125,0.657277,0.029167,7,0,1,13,80,0,1,1,73,13
judge_never,34,273916131716412,resonance-routing.judge_never.r034.s273916131716412,sha256:054557097556c06b1fd6e474a5714a74ac85dbf86518a928bd6e7c7d233a8ca6,sha256:ad66664b365c223b1d06927b530bf07b232cb1f4168cb75ad54fa4efd1157c18,80,max_ticks,,233,0.917012,221,41,3,0.033195,2,3,3,0,0,0.80961,0,,0,0,0.8949,,57.053942,0.465461,12.893157,0,241,0,8,0.542777,1,0,0.953125,0.660465,0.029046,7,0,1,12,80,0,1,1,73,12
judge_never,35,65323758223108,resonance-routing.judge_never.r035.s65323758223108,sha256:8f194f6f05cf2ba61ba660a4cf49a40a060c0c95ebd547bc82e65311e95f2339,sha256:0e8272bcbf7d552b4ee10ce31bd86fb0c4af5325cae0c23ac25615eb52edd09c,80,max_ticks,,233,0.917012,221,42,3,0.033195,2,3,3,0,0,0.803964,0,,0,0,0.8957,,57.053942,0.46552,10.882506,0,241,0,8,0.567656,1,0,0.967742,0.660465,0.029046,7,0,1,12,80,0,1,1,73,12
judge_never,36,24508646137620,resonance-routing.judge_never.r036.s24508646137620,sha256:45d770ce400abbe09b3823388ae02472e7c88ee2f286a0d183c31eb19d935100,sha256:ea9af37bcfd39bdd42af518830bd0d8a1860ea0daa0369f29908de9f55a92ffd,80,max_ticks,,232,0.916667,220,42,3,0.033333,2,3,3,0,0,0.812064,0,,0,0,0.8906,,57.291667,0.464464,11.258734,0,240,0,8,0.571652,1,0,0.967742,0.658879,0.029167,7,0,1,12,80,0,1,1,73,12
judge_never,37,247798458636041,resonance-routing.judge_never.r037.s247798458636041,sha256:83cfc288baacfc56ce4ac6d540fb069e16d0918d71adb5fb0467b2a056251367,sha256:234c0f8f57c89d55189db56fe944d244923ac1dad89753d5ca864b23015920c6,80,max_ticks,,232,0.916667,220,41,3,0.033333,2,3,3,0,0,0.814272,0,,0,0,0.889,,57.291667,0.465704,11.9143,0,240,0,8,0.566863,1,0,0.983871,0.663551,0.029167,7,0,1,12,80,0,1,1,72,12
judge_never,38,237331592044072,resonance-routing.judge_never.r038.s237331592044072,sha256:73a89d907f04977870946228c0a9ac7afe5c48f2d1636dc84a9f712da354e5a1,sha256:c82d129d0d7218207b920eddaeca55fd59d43810b327d84f55709e3d7d11faef,80,max_ticks,,231,0.916318,219,41,3,0.033473,2,3,3,0,0,0.809928,0,,0,0,0.8908,,57.531381,0.464058,12.658839,0,239,0,8,0.591823,1,0,0.953125,0.661972,0.029289,7,0,1,12,80,0,1,1,72,12
judge_never,39,130211102639073,resonance-routing.judge_never.r039.s130211102639073,sha256:1ff2f46e526ad54324b430606156685369caa61fabc4bed64f0411009c9c173f,sha256:e8f0db20af516fee831714629cf9f8f1ad020958187910416eeeef486c8c0281,80,max_ticks,,232,0.9125,219,41,3,0.033333,2,3,3,0,0,0.774875,0,,0,0,0.8961,,57.291667,0.466064,12.951464,0,240,0,8,0.610629,1,0,0.953125,0.657277,0.029167,7,0,1,13,80,0,1,1,73,13
judge_never,40,206363982526286,resonance-routing.judge_never.r040.s206363982526286,sha256:d5b297ae869bd8bdf820c593835b94ace771a9a0a0a47bc66202e3efbb624d34,sha256:996c8f2c6da3ef2bc2bf2ba63c263a948339f72b9e2d3dd80e81e31463dfff82,80,max_ticks,,230,0.915966,218,41,3,0.033613,2,3,3,0,0,0.805715,0,,0,0,0.891,,57.773109,0.46497,12.76025,0,238,0,8,0.534064,1,0,0.983333,0.665094,0.029412,7,0,1,12,80,0,1,1,71,12
judge_never,41,163461166554860,resonance-routing.judge_never.r041.s163461166554860,sha256:e2b72cb9b91fc8cb0073c355545c36f12aaef8ecc9b26c3fc11147f811b35938,sha256:6050b8833f55671c09018bfd4c5e327bc49b80ff8a16737742926f5dd28ab21d,80,max_ticks,,229,0.915612,217,43,3,0.033755,2,3,3,0,0,0.793077,0,,0,0,0.892,,58.016878,0.466267,12.794073,0,237,0,8,0.591864,1,0,0.953125,0.668246,0.029536,7,0,1,12,80,0,1,1,70,12
judge_never,42,6348294522231,resonance-routing.judge_never.r042.s6348294522231,sha256:871eefb27012c897b26690f3b84d534c4bafd9bb6da9c6fe8f12dfd5e289e9a7,sha256:bb5202f0ac73b27e30ebb200db8f30b28c9502432020d055744dbb5513b0c2f8,80,max_ticks,,230,0.915966,218,44,3,0.033613,2,3,3,0,0,0.77758,0,,0,0,0.8887,,57.773109,0.464231,13.246802,0,238,0,8,0.589604,1,0,0.983333,0.669811,0.029412,7,0,1,12,80,0,1,1,70,12
judge_never,43,25119152934151,resonance-routing.judge_never.r043.s25119152934151,sha256:9b0db8e8f49f6913b454eb517f81839fac7dc4d09f2779924638fe7566992bfd,sha256:4fd5ad263b49e8c3b6f72649f6cbe004045f0a5a47c8b3f0e69c1b2a0e978ddc,80,max_ticks,,232,0.916667,220,41,3,0.033333,2,3,3,0,0,0.815258,0,,0,0,0.8949,,57.291667,0.466126,12.679764,0,240,0,8,0.546997,1,0,0.953125,0.658879,0.029167,7,0,1,12,80,0,1,1,73,12
judge_never,44,261866152976538,resonance-routing.judge_never.r044.s261866152976538,sha256:797ed837ad725fabf5539f0c640e74cb6c111e553cd71b99eb5276214bd30077,sha256:9b93c9f9d5537fba3eef47d1c5cb3e231036539df095b56a8fe3699691b8c99e,80,max_ticks,,232,0.908714,219,63,0,0.037344,2,3,3,0,0,0.797812,0,,0,0,0.9086,,10.373444,0.467645,5.256029,0,241,0,9,0.532928,1,0,0.928571,0.657277,0.004149,3,0,1,13,80,0,6,6,73,13
judge_never,45,260525559251538,resonance-routing.judge_never.r045.s260525559251538,sha256:47ec929490494ccb5144c63fd6a2e964bf83c56d02eae18b1a88f626ed77b269,sha256:370438bb0a231137e8e7c1d43e13e008c582ab40c6ca47b9b305d240211260a4,80,max_ticks,,233,0.917012,221,41,3,0.033195,2,3,3,0,0,0.801307,0,,0,0,0.891,,57.053942,0.465261,9.058269,0,241,0,8,0.58424,1,0,0.983871,0.660465,0.029046,7,0,1,12,80,0,1,1,73,12
judge_never,46,233461212355422,resonance-routing.judge_never.r046.s233461212355422,sha256:c281c0691ba7a8d329a694b0fadad2100280b3138ff268afe018d5cb875509f1,sha256:b65a8df50a0f77d6bef79b861e1bed46d64fe962b44d6ac66289838d46b174db,80,max_ticks,,227,0.910638,214,43,3,0.034043,2,3,3,0,0,0.764322,0,,0,0,0.8961,,58.510638,0.465791,14.613442,0,235,0,8,0.562212,1,0,0.982759,0.677885,0.029787,7,0,1,13,80,0,1,1,67,13
judge_never,47,12438102688673,resonance-routing.judge_never.r047.s12438102688673,sha256:fac1a9b8d19fe09c092d8d9a1d9ca6515276c6e91fdb40d46060cd34bd842f8b,sha256:df8566c7a7f15ac60e9e144635b3219aca45b19cf578bb8827db7cdda49c1597,80,max_ticks,,229,0.911392,216,42,3,0.033755,2,3,3,0,0,0.755248,0,,0,0,0.8934,,58.016878,0.46581,13.287504,0,237,0,8,0.590733,1,0,0.953125,0.671429,0.029536,7,0,1,13,80,0,1,1,69,13
judge_never,48,171927412137762,resonance-routing.judge_never.r048.s171927412137762,sha256:7de18f0024c6ce7ecdc40855993944c4a3d6a1bed6176fac5fc3e3953d460dd0,sha256:b57dd0b725b73db1648ca287817f9779af42f0a5a7c93cf7757b1dbad4aa8b8e,80,max_ticks,,230,0.911765,217,41,3,0.033613,2,3,3,0,0,0.777453,0,,0,0,0.8937,,57.773109,0.465858,13.457671,0,238,0,8,0.591895,1,0,0.953125,0.663507,0.029412,7,0,1,13,80,0,1,1,71,13
judge_never,49,207150313255873,resonance-routing.judge_never.r049.s207150313255873,sha256:e0319b487cebd963f7eabbeb42f06823f04dc423a6c01d3a917eb070db61d73e,sha256:2f4e88c94038617da488a8eb49ad7a6f4973211f9ed91d0f8fd2ff6267c719bb,80,max_ticks,,233,0.917012,221,41,3,0.033195,2,3,3,0,0,0.811211,0,,0,0,0.8917,,57.053942,0.465346,12.734003,0,241,0,8,0.513718,1,0,0.953125,0.660465,0.029046,7,0,1,12,80,0,1,1,73,12
judge_never,50,147549711035952,resonance-routing.judge_never.r050.s147549711035952,sha256:8fec980398f8b5662efea87cc184fe71f9a8a00885592df4a2352069e4d97cd1,sha256:cb28ebdf81c071b8f6afcdec644701d8e33fe108f90e996852fdae4abcf9c20b,80,max_ticks,,225,0.914163,213,41,3,0.034335,2,3,3,0,0,0.82701,0,,0,0,0.8898,,59.012876,0.46568,12.077007,0,233,0,8,0.585087,1,0,0.967742,0.681159,0.030043,7,0,1,12,80,0,1,1,66,12
judge_never,51,217859932877989,resonance-routing.judge_never.r051.s217859932877989,sha256:ce8e630efa99b74dd7f065864d3704281377b98129d94c9cd590e2fc9f6092fb,sha256:4d17132a0930877ba79e0ee67e400d58c2e04dc2d7d7fcd1350e05756cd9efc0,80,max_ticks,,232,0.916667,220,41,3,0.033333,2,3,3,0,0,0.814266,0,,0,0,0.8897,,57.291667,0.465574,6.100487,0,240,0,8,0.569012,1,0,1,0.658879,0.029167,7,0,1,12,80,0,1,1,73,12
judge_never,52,20561522542192,resonance-routing.judge_never.r052.s20561522542192,sha256:332c8b687cfe7cd9e571f35f8cddf683b78af589213b9a480c29edc6eafbcd4c,sha256:07708f00278db7ceedd01793213afd32387ca67a41131f5c8e810105ef75f61e,80,max_ticks,,232,0.92437,220,45,0,0.02521,2,3,3,0,0,0.803059,0,,0,0,0.8943,,10.504202,0.462458,10.255262,0,238,0,6,0.599394,1,0,1,0.658879,0.004202,3,0,1,12,80,0,3,3,73,12
judge_never,53,113770858549658,resonance-routing.judge_never.r053.s113770858549658,sha256:2d3b05a2de2a87803d2e4708795f40b0c6283e45d9416586c23f6838783ded0d,sha256:0c38d3bb9528edc9317f6b3d570502cceb2d74f1c125cebd3b44bde4b78e0509,80,max_ticks,,232,0.916667,220,41,3,0.033333,2,3,3,0,0,0.813237,0,,0,0,0.8927,,57.291667,0.466766,14.62329,0,240,0,8,0.531096,1,0,0.953125,0.658879,0.029167,7,0,1,12,80,0,1,1,73,12
judge_never,54,220480274519613,resonance-routing.judge_never.r054.s220480274519613,sha256:7bf1b52f54e798193777f6cb8e41145bb04f1c8435f82dea3365a81d74f4be3b,sha256:f62a6e316cee1f88d3f6d21a6bbd5483425e7aee4611c3c4275a17faaa27ca2c,80,max_ticks,,231,0.912134,218,41,3,0.033473,2,3,3,0,0,0.777959,0,,0,0,0.8978,,57.531381,0.465051,13.254424,0,239,0,8,0.569302,1,0,0.96875,0.665094,0.029289,7,0,1,13,80,0,1,1,71,13
judge_never,55,214070485627961,resonance-routing.judge_never.r055.s214070485627961,sha256:c2fdecf4ef402c3e095959fa3c1f622649f91d9e68d8c5e8100c43f2ba7e8ef7,sha256:a25fbebb948ef6a56052f48e9f212d13bb72ef55e1a2246693fea436449f2a2c,80,max_ticks,,231,0.916318,219,41,3,0.033473,2,3,3,0,0,0.812932,0,,0,0,0.8933,,57.531381,0.465726,12.840358,0,239,0,8,0.569209,1,0,0.953125,0.661972,0.029289,7,0,1,12,80,0,1,1,72,12
judge_never,56,206892861191288,resonance-routing.judge_never.r056.s206892861191288,sha256:f8457683240a9617329d68ac26bc6e069d9d773ade59f0929bb9f13cb5fb23f9,sha256:3b8b15e90fc4c573aaf1797ea0393a63dc8f6d6865baa9e95ed9ea07d545cb6f,80,max_ticks,,217,0.883117,204,,0,0.060606,2,2,3,0,0,0.761074,0,,0,0,0.9044,,10.822511,0.47086,6.481151,0,231,0,14,0.575239,0.666667,0,0.928571,0.631313,0.004329,3,0,0.666667,13,80,0,11,11,73,13
judge_never,57,226314190322891,resonance-routing.judge_never.r057.s226314190322891,sha256:9e834532e0001e1fb39572e402dceadac37fd8aa304afc2248e2a13388466965,sha256:aadd8de8676822346b6a77f100bd5ab579d272646f0fbd46ecddd4f11c720219,80,max_ticks,,229,0.915612,217,41,3,0.033755,2,3,3,0,0,0.814211,0,,0,0,0.8961,,58.016878,0.465364,12.039453,0,237,0,8,0.576411,1,0,0.96875,0.672986,0.029536,7,0,1,12,80,0,1,1,69,12
judge_never,58,15072225093037,resonance-routing.judge_never.r058.s15072225093037,sha256:743a30e56f27235da2d02fab967025d1bfa76d1103fdd65e9cd9d5756bd5eb45,sha256:238a5ff28b6f83febaa9cb07a477df8c7be0d91a35f848742f72d0614a05899f,80,max_ticks,,233,0.912863,220,42,3,0.033195,2,3,3,0,0,0.770629,0,,0,0,0.8923,,57.053942,0.465289,13.365985,0,241,0,8,0.543753,1,0,0.953125,0.658879,0.029046,7,0,1,13,80,0,1,1,73,13
judge_never,59,25078129984675,resonance-routing.judge_never.r059.s25078129984675,sha256:9afdde96a94d44e0429799552a26b6e9155fb1f978594298ac1b4281deb86eef,sha256:2ac7e4940bccc2d920c1ee9b937481054e5bdd56fd178b943b9f3da8d3c5371e,80,max_ticks,,232,0.916667,220,41,3,0.033333,2,3,3,0,0,0.813646,0,,0,0,0.8922,,57.291667,0.464729,12.164095,0,240,0,8,0.569963,1,0,0.953125,0.658879,0.029167,7,0,1,12,80,0,1,1,73,12
judge_never,60,218072431996409,resonance-routing.judge_never.r060.s218072431996409,sha256:6137ab59bb868575992634a05d619b0668374c72d5b1e5720d83030ef53b5109,sha256:62183b404e567248f1b72b8989ce6c56d41f1aeea6b617f79463d72d1e4ecc45,80,max_ticks,,232,0.916667,220,41,3,0.033333,2,3,3,0,0,0.814762,0,,0,0,0.8943,,57.291667,0.46615,12.486451,0,240,0,8,0.586399,1,0,0.953125,0.658879,0.029167,7,0,1,12,80,0,1,1,73,12
judge_never,61,196385391895804,resonance-routing.judge_never.r061.s196385391895804,sha256:b356a8b898ec3dd59dcddad4ab561ac05084ff461c5cc125f1cb7a02aa6d5f07,sha256:7ad2f0a5b4b3a7bd5c5e78c531ff217d6cccaae95f65372b6d4b83f5c716fa7b,80,max_ticks,,233,0.912863,220,41,3,0.033195,2,3,3,0,0,0.775376,0,,0,0,0.89,,57.053942,0.465032,12.998163,0,241,0,8,0.57398,1,0,0.96875,0.658879,0.029046,7,0,1,13,80,0,1,1,73,13
judge_never,62,138988755290196,resonance-routing.judge_never.r062.s138988755290196,sha256:b32b6b9c0d68d0c7a9d4ddd1cc879aed9bb4138ba9b3b90c508ed7095fda44da,sha256:36b643c5a5fd4cd5d2138cee964077fdaae596134a013261de1efb2ca21d2af9,80,max_ticks,,232,0.916667,220,43,3,0.033333,2,3,3,0,0,0.804361,0,,0,0,0.8917,,57.291667,0.465288,14.292854,0,240,0,8,0.568384,1,0,0.921875,0.658879,0.029167,7,0,1,12,80,0,1,1,73,12
judge_never,63,103525539443737,resonance-routing.judge_never.r063.s103525539443737,sha256:27b33f8209685f5f164ea8369f196e0f7a345f8163c9761a276fcc34a4071ee5,sha256:ba4a3bcba9ef0adf2092230c11819bfc4bb3b6b8f6af7c3179df22e8a1f6da1a,80,max_ticks,,215,0.910314,203,42,3,0.035874,2,3,3,0,0,0.800837,0,,0,0,0.8923,,61.659193,0.465306,12.910424,0,223,0,8,0.538028,1,0,1,0.725888,0.03139,7,0,1,12,80,0,1,1,54,12
judge_never,64,233653530300723,resonance-routing.judge_never.r064.s233653530300723,sha256:4db269c80f2c2c2832745697cf9afeb1106594df4a2b5ae73597e513e8a27a3d,sha256:91c964761a1fbbb1139b75c39d17dca0f3bf5bb74b48a17e1d82ba2df08a03ba,80,max_ticks,,232,0.916667,220,41,3,0.033333,2,3,3,0,0,0.815745,0,,0,0,0.8895,,57.291667,0.465359,13.494468,0,240,0,8,0.539296,1,0,0.953125,0.658879,0.029167,7,0,1,12,80,0,1,1,73,12
judge_never,65,153377513910633,resonance-routing.judge_never.r065.s153377513910633,sha256:d4633d867431c1de9bed8504b134524b297639564a54fd8d5a36c099b2a13cb4,sha256:28ac8110fdc7c6b643df0124426c796b50006bd48c67b27e29ade0d18d118a55,80,max_ticks,,231,0.916318,219,41,3,0.033473,2,3,3,0,0,0.805687,0,,0,0,0.8919,,57.531381,0.465097,12.364845,0,239,0,8,0.585451,1,0,0.953125,0.666667,0.029289,7,0,1,12,80,0,1,1,71,12
judge_never,66,235066360775718,resonance-routing.judge_never.r066.s235066360775718,sha256:edbfff5e41fd4719f3f3c9424087436a37208d135b6c2bcd135d148fffb9ce22,sha256:49b80524fabd0aeeb60a26cc81d7520fd2c70de13959f1f3ce26b541f60a4540,80,max_ticks,,233,0.917012,221,44,3,0.033195,2,3,3,0,0,0.796773,0,,0,0,0.895,,57.053942,0.466604,12.861767,0,241,0,8,0.585139,1,0,0.953125,0.660465,0.029046,7,0,1,12,80,0,1,1,73,12
judge_never,67,177579233675930,resonance-routing.judge_never.r067.s177579233675930,sha256:1cbcf944acb59d0b5c7a3c29c191a32a3c3e034b90f47196d034392fc0f9abcc,sha256:8070538a8cb99c82f2419d686d27627c6a5a8588a3c99a1ed3cb196e85e2498d,80,max_ticks,,231,0.916318,219,43,3,0.033473,2,3,3,0,0,0.801513,0,,0,0,0.8906,,57.531381,0.465633,11.817616,0,239,0,8,0.549891,1,0,0.983871,0.666667,0.029289,7,0,1,12,80,0,1,1,71,12
judge_never,68,230843330437709,resonance-routing.judge_never.r068.s230843330437709,sha256:05e2479180de5dedfd82df74f2f26e127665e7cf1468e02f6243a1cba5efc2f3,sha256:5e223615bc2ce4f476e3d44a8bdefa073481c6446a01493f0cf18cd8eb260bcd,80,max_ticks,,234,0.917355,222,42,3,0.033058,2,3,3,0,0,0.803541,0,,0,0,0.8923,,56.818182,0.465665,10.503091,0,242,0,8,0.558285,1,0,0.983871,0.662037,0.028926,7,0,1,12,80,0,1,1,73,12
judge_never,69,232234216461405,resonance-routing.judge_never.r069.s232234216461405,sha256:95ba9d35db3dfd39a963bccc5653a640a3e315411804a0267ed740d6e31d9c96,sha256:e5ee818ffcecee8f9d20e4430569c556dc071eb41c67d894a32ff25f33001416,80,max_ticks,,202,0.9,189,41,3,0.038095,2,3,3,0,0,0.772698,0,,0,0,0.8932,,65.47619,0.465841,12.902141,0,210,0,8,0.594835,1,0,0.958333,0.775956,0.033333,7,0,1,13,80,0,1,1,41,13
judge_never,70,62696922977182,resonance-routing.judge_never.r070.s62696922977182,sha256:169db381ec66934eb5ca33c10eb13ff20263056e695bdeb47c3cb7c6297a360b,sha256:63735826f85b647659dfaa4af37ced60849df35ac324af0ec2320cd3c47424d3,80,max_ticks,,228,0.915254,216,41,3,0.033898,2,3,3,0,0,0.806169,0,,0,0,0.8923,,58.262712,0.465749,13.966995,0,236,0,8,0.569205,1,0,0.953125,0.671429,0.029661,7,0,1,12,80,0,1,1,69,12
judge_never,71,67832884458048,resonance-routing.judge_never.r071.s67832884458048,sha256:a0097e78c7fbf972eddae492dcb6a6f78b21a60ccc86cc63b0f46dfccc370d8e,sha256:bdd190c8ce68ba8f6d6a83a9864a6984540d28e7340238ae27324d34dbe1e87b,80,max_ticks,,225,0.914163,213,41,3,0.034335,2,3,3,0,0,0.813954,0,,0,0,0.8905,,59.012876,0.465169,12.799208,0,233,0,8,0.537884,1,0,0.966667,0.68599,0.030043,7,0,1,12,80,0,1,1,65,12
judge_never,72,210104169807783,resonance-routing.judge_never.r072.s210104169807783,sha256:8070be7fdd9e0ef7c3065fc0b6209d14d13d5fad120a6adaf52b2d8703062326,sha256:1ed4f4d0a31b4a0dfaebb26f68816eb25b7fb3224a0d0b240b78ce4c64ef87b1,80,max_ticks,,233,0.917012,221,41,3,0.033195,2,3,3,0,0,0.811455,0,,0,0,0.8935,,57.053942,0.465975,11.897595,0,241,0,8,0.571515,1,0,0.96875,0.660465,0.029046,7,0,1,12,80,0,1,1,73,12
judge_never,73,60126832853574,resonance-routing.judge_never.r073.s60126832853574,sha256:16f6a84796d7e45f1810790cd69f92fed672ff3e9ba8d45f03ada51ad7765cb1,sha256:689c209bfa57d81274342557f1973854736bb9ea4687382ad3c1b9d3c9742f6d,80,max_ticks,,233,0.912863,220,44,3,0.033195,2,3,3,0,0,0.746315,0,,0,0,0.8951,,57.053942,0.465959,11.00707,0,241,0,8,0.596396,1,0,0.983871,0.658879,0.029046,7,0,1,13,80,0,1,1,73,13
judge_never,74,103622912935547,resonance-routing.judge_never.r074.s103622912935547,sha256:5a5a18a6e4583cc01fa73cbc20eb772df481b2a9ecced4b88b0463c7be177675,sha256:2384437e0bad0ae7fdc2e2225d223b465c31aa112b292e351ee87489b92416f5,80,max_ticks,,227,0.914894,215,41,3,0.034043,2,3,3,0,0,0.811413,0,,0,0,0.8894,,58.510638,0.465381,11.607343,0,235,0,8,0.560127,1,0,0.967742,0.679426,0.029787,7,0,1,12,80,0,1,1,67,12
judge_never,75,76689572249920,resonance-routing.judge_never.r075.s76689572249920,sha256:e7ea797533288839a13cd70b16c746e4dfbc0298e06724821d353db7158a1187,sha256:5c295eb93caab1909b594122e8f35f03867704bcb367189a8b6da58139db2ee5,80,max_ticks,,229,0.911392,216,41,3,0.033755,2,3,3,0,0,0.778735,0,,0,0,0.8937,,58.016878,0.465865,13.210939,0,237,0,8,0.563949,1,0,0.953125,0.666667,0.029536,7,0,1,13,80,0,1,1,70,13
judge_never,76,22879149902528,resonance-routing.judge_never.r076.s22879149902528,sha256:314a280edb2a9b4db2f50aa8ecacd4d50a02318cd8405f4b97d5353276eca533,sha256:430f17d0bcbae4021bebf2adc26d30263eb091ddd9a94c092fd589663363cd5b,80,max_ticks,,232,0.916667,220,41,3,0.033333,2,3,3,0,0,0.81488,0,,0,0,0.8909,,56.25,0.466594,12.619273,0,240,0,8,0.590787,1,0,1,0.658879,0.029167,7,0,1,12,80,0,1,1,73,12
judge_never,77,45961626917818,resonance-routing.judge_never.r077.s45961626917818,sha256:cfe725be98a56cfaaab39eb1d9e49732c3fa1060498af56692c4d0ba6f2ed11d,sha256:4be51cd6d2392e7f0fec5b247fadce8c87d9bcc939fae8455ccbca4e716f5d19,80,max_ticks,,233,0.917012,221,42,3,0.033195,2,3,3,0,0,0.809892,0,,0,0,0.8956,,57.053942,0.465876,9.575554,0,241,0,8,0.583613,1,0,1,0.660465,0.029046,7,0,1,12,80,0,1,1,73,12
judge_never,78,241433799777023,resonance-routing.judge_never.r078.s241433799777023,sha256:da34b832a2eda94006c0c0297b634098964e1669c00a9f1dcfaa99a429f7a4af,sha256:515dfd55d4bf20e2441b4a3049b302dbb973eeab8c2bd6efd03b02fd833ab6f0,80,max_ticks,,232,0.916667,220,41,3,0.033333,2,3,3,0,0,0.814949,0,,0,0,0.8942,,57.291667,0.466011,13.238682,0,240,0,8,0.532955,1,0,0.953125,0.658879,0.029167,7,0,1,12,80,0,1,1,73,12
judge_never,79,127720686340246,resonance-routing.judge_never.r079.s127720686340246,sha256:114394da4f7b25bb4bcacc9b7bc7097dddf508f59b843a752a4e023adf95b294,sha256:2aa26f50a1034d9a195e3d2b28655dccb3d5fd18612ba193a2c022aea590ff7b,80,max_ticks,,232,0.916667,220,41,3,0.033333,2,3,3,0,0,0.815735,0,,0,0,0.8915,,57.291667,0.465591,10.371981,0,240,0,8,0.538389,1,0,0.983871,0.658879,0.029167,7,0,1,12,80,0,1,1,73,12
judge_never,80,263876294331893,resonance-routing.judge_never.r080.s263876294331893,sha256:c0ef2ffc5b4e278d44cd90197ae31fbe37c06db3feed526c0ef70815cb77058e,sha256:1b023663181ac53feba3893c32bad673bafe419412aec00ee20bd3825a9381ef,80,max_ticks,,228,0.915254,216,41,3,0.033898,2,3,3,0,0,0.808563,0,,0,0,0.8943,,58.262712,0.466146,13.86732,0,236,0,8,0.534184,1,0,1,0.67619,0.029661,7,0,1,12,80,0,1,1,68,12
judge_never,81,237707675484309,resonance-routing.judge_never.r081.s237707675484309,sha256:b98b5cd740b66c2d3981b77cadd86cee555285d55f0049681a0bf60f84e201bf,sha256:445a5b1f8d04c1c526860eba914ee8cf29efab875fc4c867fc98f82780286e07,80,max_ticks,,230,0.915966,218,42,3,0.033613,2,3,3,0,0,0.803326,0,,0,0,0.8929,,57.773109,0.46592,12.260777,0,238,0,8,0.60528,1,0,0.967742,0.665094,0.029412,7,0,1,12,80,0,1,1,71,12
judge_never,82,134107475702514,resonance-routing.judge_never.r082.s134107475702514,sha256:56042856feb9a55d8f6f44c5d6ed23138d6f0fed92720795d95c2bc05cbe183b,sha256:5be5dc975a18e1d895c5594fefdccf7c52e75e3e64c0e0102f4039e9157e9fc8,80,max_ticks,,229,0.915612,217,41,3,0.033755,2,3,3,0,0,0.802621,0,,0,0,0.8944,,56.962025,0.466016,10.245959,0,237,0,8,0.567052,1,0,1,0.672986,0.029536,7,0,1,12,80,0,1,1,69,12
judge_never,83,117836874297179,resonance-routing.judge_never.r083.s117836874297179,sha256:fe55964803d99b5fa295b5c637b74a4c1c38b18df05facd34438a341480926ed,sha256:2ac2d46ebef98d5c9cbd0b48accf77bd25d1d7eb7c544ef9866652681844a415,80,max_ticks,,232,0.920168,219,44,0,0.02521,2,3,3,0,0,0.768975,0,,0,0,0.8921,,10.504202,0.463169,6.169873,0,238,0,6,0.586361,1,0,1,0.657277,0.004202,3,0,1,13,80,0,3,3,73,13
judge_never,84,215789779638886,resonance-routing.judge_never.r084.s215789779638886,sha256:530829979fb58f218859e1a7633f95ba437f7220b227df207ae3972f66851cc6,sha256:f6cf73ad6b1560701fc1710ebdce50a20f3389568178d2c561c0fa39443499e9,80,max_ticks,,228,0.911017,215,44,3,0.033898,2,3,3,0,0,0.756851,0,,0,0,0.8978,,58.262712,0.465342,13.388415,0,236,0,8,0.59677,1,0,0.951613,0.674641,0.029661,7,0,1,13,80,0,1,1,68,13
judge_never,85,68235735981533,resonance-routing.judge_never.r085.s68235735981533,sha256:be797d63166d2204b886aeca45a9c1d91dc455e6fb7aeb65bfb73a856b9ea9f4,sha256:dbfc311c2eab51d14f9470fc4dc24e20bb2fc2b45fa916042575012e64f0eb15,80,max_ticks,,188,0.897959,176,41,3,0.040816,2,3,3,0,0,0.874268,0,,0,0,0.8887,,70.153061,0.464665,12.594773,0,196,0,8,0.603912,1,0,0.9375,0.835294,0.035714,7,0,1,12,80,0,1,1,28,12
judge_never,86,255076023939080,resonance-routing.judge_never.r086.s255076023939080,sha256:b145a5ed272b44a7073af0140609e6ea2b7f2282a7822b7c858bcee145ab49f6,sha256:5d150c2c74cae556e7afdf72c8cce0af49610efbf06b502267b64dd1572cc1bf,80,max_ticks,,163,0.883041,151,41,3,0.046784,2,3,3,0,0,0.893694,0,,0,0,0.8934,,80.409357,0.465951,12.49872,0,171,0,8,0.635345,1,0,0.958333,0.97931,0.040936,7,0,1,12,80,0,1,1,3,12
judge_never,87,26146706299082,resonance-routing.judge_never.r087.s26146706299082,sha256:a345a12e658422f2f376f2b140161bbfefe7d95b70db0189f1f32769bbaf0190,sha256:297fe577841b0a76bf17d4e3725b4830827024727e5187a2fa9674e91463080a,80,max_ticks,,215,0.882096,202,,0,0.061135,2,2,3,0,0,0.753516,0,,0,0,0.9065,,10.917031,0.471746,6.300487,0,229,0,14,0.552241,0.666667,0,0.961538,0.637755,0.004367,3,0,0.666667,13,80,0,11,11,71,13
judge_never,88,106324969497314,resonance-routing.judge_never.r088.s106324969497314,sha256:f8be8d178f68931e7f80d1979a0f92b47b2a99ee0e977b9b8d618af4454ce5fb,sha256:e5485bd8d68dfebb543d5fab068575cea503d88b1001bd88ef6cfcb969ca4672,80,max_ticks,,231,0.916318,219,41,3,0.033473,2,3,3,0,0,0.813967,0,,0,0,0.8954,,57.531381,0.46663,11.649029,0,239,0,8,0.57141,1,0,0.953125,0.661972,0.029289,7,0,1,12,80,0,1,1,72,12
judge_never,89,226057765130466,resonance-routing.judge_never.r089.s226057765130466,sha256:7669ac930da4114307a1069c75d5fbba16258c25cd144cd917033d3d09966460,sha256:d92deb1ac53f3234520bccd0cf70562a9b6466b95a296293ebd2adf09065adde,80,max_ticks,,232,0.916667,220,44,3,0.033333,2,3,3,0,0,0.797232,0,,0,0,0.8938,,57.291667,0.466316,12.926365,0,240,0,8,0.569901,1,0,0.953125,0.658879,0.029167,7,0,1,12,80,0,1,1,73,12
judge_never,90,252296002518790,resonance-routing.judge_never.r090.s252296002518790,sha256:1959362f30332671364f16b81743d904ca1a731a90a580d96569ce8283906eed,sha256:cc419393f7f7d919ed9fabe88c1325243570450b1bcdd8144080d2401016afe8,80,max_ticks,,232,0.916667,220,41,3,0.033333,2,3,3,0,0,0.81493,0,,0,0,0.8893,,57.291667,0.46541,13.280986,0,240,0,8,0.54691,1,0,0.953125,0.658879,0.029167,7,0,1,12,80,0,1,1,73,12
judge_never,91,6593257485107,resonance-routing.judge_never.r091.s6593257485107,sha256:66f79547f94a7aa516b2a456318bd7805d3f2053ca308109cf794d8885d0bed9,sha256:c0b68d350f7d6dac895b00d5f8b7cadd7892e7cbfb73b11bca7416fbf8e099ac,80,max_ticks,,229,0.915612,217,40,3,0.033755,2,3,3,0,0,0.815021,0,,0,0,0.8926,,58.016878,0.465943,12.628572,0,237,0,8,0.534932,1,0,0.983333,0.668246,0.029536,7,0,1,12,80,0,1,1,70,12
judge_never,92,107733111813570,resonance-routing.judge_never.r092.s107733111813570,sha256:3eec5b22fb6087bbfd0626440cefe000dd046abcfc2e517685ec80cf76b906db,sha256:54aa3789635d1c6432389bcbfbbca183ff13f237dff263cb38294cf1dfd3b54d,80,max_ticks,,225,0.909871,212,41,3,0.034335,2,3,3,0,0,0.77739,0,,0,0,0.8936,,59.012876,0.466047,13.12931,0,233,0,8,0.568549,1,0,0.967742,0.679612,0.030043,7,0,1,13,80,0,1,1,66,13
judge_never,93,72272906642654,resonance-routing.judge_never.r093.s72272906642654,sha256:a5684af37d060c02a57461a5da9ba2b9a2109c5c83936f486f4e6b245823f131,sha256:6f50c2e0c649a33106c79f800aee8d05f6f17cf09603c2e0f90d6dd334837a29,80,max_ticks,,231,0.916318,219,41,3,0.033473,2,3,3,0,0,0.813339,0,,0,0,0.8974,,57.531381,0.466911,12.882679,0,239,0,8,0.571871,1,0,0.953125,0.661972,0.029289,7,0,1,12,80,0,1,1,72,12
judge_never,94,4034074678193,resonance-routing.judge_never.r094.s4034074678193,sha256:71bccbc53ec70a9dfb34584faa18d01d5d1f7f19225709f7dd9b6444b96e881d,sha256:4ee183984b1208633fa70db34648d4c05902a9b1e5a8f20964622e72199fbb29,80,max_ticks,,232,0.916667,220,47,3,0.033333,2,3,3,0,0,0.762479,0,,0,0,0.8929,,57.291667,0.465644,13.863438,0,240,0,8,0.553558,1,0,0.859375,0.658879,0.029167,7,0,1,12,80,0,1,1,73,12
judge_never,95,160006209284117,resonance-routing.judge_never.r095.s160006209284117,sha256:7b8c23d707681f093ab44590b6ce9e9ee65c50d217e76b3a159f0662aeb36164,sha256:5b19114a29b891aaa480230c31136669b0fdf1343a6ad3710186ac81e116793c,80,max_ticks,,231,0.916318,219,41,3,0.033473,2,3,3,0,0,0.81601,0,,0,0,0.8928,,57.531381,0.466266,12.106267,0,239,0,8,0.600009,1,0,0.953125,0.661972,0.029289,7,0,1,12,80,0,1,1,72,12
judge_never,96,124596252208084,resonance-routing.judge_never.r096.s124596252208084,sha256:ec1808ea002a33ad61466831c12bd4e6b767d07f37774395469e5cdef1bd9bf2,sha256:e68889385db7ec322b32af47acc535a13a88f2cc29abc3c230735824013a437f,80,max_ticks,,232,0.916667,220,42,3,0.033333,2,3,3,0,0,0.813266,0,,0,0,0.8914,,56.25,0.464705,9.94545,0,240,0,8,0.54622,1,0,1,0.663551,0.029167,7,0,1,12,80,0,1,1,72,12
judge_never,97,108176812626590,resonance-routing.judge_never.r097.s108176812626590,sha256:95ef13c9498b87679cd3fea9302c03ba87d137a68fcde84b47d4e5c13b918a1d,sha256:ba0379c812327adb67c262f79830b04f8d9510709903f0e8d13143cbdd894392,80,max_ticks,,232,0.9125,219,42,3,0.033333,2,3,3,0,0,0.771198,0,,0,0,0.8961,,57.291667,0.465334,11.616963,0,240,0,8,0.575637,1,0,0.953125,0.657277,0.029167,7,0,1,13,80,0,1,1,73,13
judge_never,98,51788843314953,resonance-routing.judge_never.r098.s51788843314953,sha256:ea30d3255b7d6fe9886200acc00af1e2e78412d67006cd35fcc0f425fa61a1d4,sha256:921361c0a94344b795b94ad57d3e82384d90a9a468b36e25b74722f1405685bb,80,max_ticks,,230,0.911765,217,42,3,0.033613,2,3,3,0,0,0.793874,0,,0,0,0.8957,,57.773109,0.465783,12.463958,0,238,0,8,0.588356,1,0,0.953125,0.668246,0.029412,7,0,1,13,80,0,1,1,70,13
judge_never,99,265824573729829,resonance-routing.judge_never.r099.s265824573729829,sha256:451b2f7bf34f0121a9ed45fedf47bb50579611097b074f157ab26d2a1a903676,sha256:c843948cdda69a8b93abc020813506e3a6f379171b7ad28a572fc0cb2d5ea754,80,max_ticks,,224,0.913793,212,42,3,0.034483,2,3,3,0,0,0.813071,0,,0,0,0.8904,,59.267241,0.465845,12.212292,0,232,0,8,0.599723,1,0,0.890625,0.684466,0.030172,7,0,1,12,80,0,1,1,65,12
judge_on_instability,0,57527341304683,resonance-routing.judge_on_instability.r000.s57527341304683,sha256:97ae1692be1fbdacd48fbe4fc8eb8b4131e2b07596e4745c4d0c958bc0b82b09,sha256:e4db79ffe3e881943b651390de2f0054f00dd49b03ffdc5b9af0ae5628808f4d,80,max_ticks,,229,0.907173,215,41,3,0.033755,2,3,3,2,3,0.766922,47,0.06383,3,0,0.915,0,58.016878,0.472601,13.786206,0,237,0,8,0.578953,1,0,0.967742,0.671429,0.029536,7,0,1,13,80,0,1,1,69,14
judge_on_instability,1,99278038155453,resonance-routing.judge_on_instability.r001.s99278038155453,sha256:1d7c03e497c2526056a56fb2bd4bdc9b384176d8fcade8c8ea340d95a38090c8,sha256:7b689db62a22b6c482ceb8331d59ae0de5b1229ed31b61d328dee4f378ce187f,80,max_ticks,,232,0.908333,218,41,3,0.033333,2,3,3,2,3,0.771984,47,0.06383,3,0,0.9085,0,57.291667,0.47168,12.785327,0,240,0,8,0.54602,1,0,0.953125,0.657277,0.029167,7,0,1,13,80,0,1,1,73,14
judge_on_instability,2,256815052586320,resonance-routing.judge_on_instability.r002.s256815052586320,sha256:81ee26d8dbfe9c8f25b91dee7fd3e26fec1ada49d1d0ab3b364b374a5404f162,sha256:3bb2a35f3b09c16f43b304e51b41fc756c1a71fa1816488df972921495ab9ee3,80,max_ticks,,229,0.902954,214,41,0,0.033755,2,3,3,2,4,0.749066,48,0.083333,4,0,0.909,0,46.413502,0.474471,8.329243,0,237,0,8,0.555148,1,0,1,0.669856,0.021097,7,0,1,13,80,0,1,1,69,15
judge_on_instability,3,54666758928369,resonance-routing.judge_on_instability.r003.s54666758928369,sha256:00a38b6d721bf7b2e1d6d4c87a057983b7ddf118acd639c1ab4f1f9883768371,sha256:6861e7c112b925f575f5a32377821e163b6c3fb6df6740c72b11c8af70931e2c,80,max_ticks,,218,0.902655,204,41,3,0.035398,2,3,3,2,3,0.764932,47,0.06383,3,0,0.9143,0,60.840708,0.47168,12.819171,0,226,0,8,0.591515,1,0,1,0.703518,0.030973,7,0,1,13,80,0,1,1,59,14
judge_on_instability,4,265295863012748,resonance-routing.judge_on_instability.r004.s265295863012748,sha256:eccb4841a7416ee54400b7e27d99e09cb5567a165a5020584238545a32166cae,sha256:ef6fb14889fd7324df014abf8b3bc06d553c41c8b44641709f6e1469ac3be0e7,80,max_ticks,,228,0.90678,214,41,3,0.033898,2,3,3,2,3,0.765866,47,0.06383,3,0,0.912,0,58.262712,0.473095,11.525135,0,236,0,8,0.535848,1,0,0.967742,0.669856,0.029661,7,0,1,13,80,0,1,1,69,14
judge_on_instability,5,165917763013172,resonance-routing.judge_on_instability.r005.s165917763013172,sha256:3549bf87057eea79c5c7d0326ce3a9bac418f5f1ffe4010f2a5d8d71301a5041,sha256:7e6a47c885af7b2d6b14aa3df4336a58aa3f9beb98406465f0898f61580bd707,80,max_ticks,,230,0.907563,216,43,3,0.033613,2,3,3,2,3,0.755172,48,0.0625,3,0,0.9138,0,57.773109,0.472431,13.124082,0,238,0,8,0.567143,1,0,1,0.668246,0.029412,7,0,1,13,80,0,1,1,70,14
judge_on_instability,6,252736664674552,resonance-routing.judge_on_instability.r006.s252736664674552,sha256:b2e017f76ebfdf127314592d38969bf96cdb0b3037589d9d5b38f892b92f1e11,sha256:6906fb41700943c2ec62ac2d14f14c5f00fd992b3c433c7c8e78b0a7bc0cf322,80,max_ticks,,232,0.908333,218,41,3,0.033333,2,3,3,2,3,0.771069,47,0.06383,3,0,0.9109,0,57.291667,0.472226,14.045943,0,240,0,8,0.541317,1,0,0.953125,0.657277,0.029167,7,0,1,13,80,0,1,1,73,14
judge_on_instability,7,43001839530755,resonance-routing.judge_on_instability.r007.s43001839530755,sha256:347b7d79af88ac36728be6833d970bfed9af97b551a1089de16819841a524ff2,sha256:0ad57dfb1f22408502634654e73ad221a6e1f0f5e79a804d34e2528df5d1acde,80,max_ticks,,233,0.908714,219,41,3,0.033195,2,3,3,2,3,0.768351,47,0.06383,3,0,0.9114,0,57.053942,0.472229,13.124847,0,241,0,8,0.587233,1,0,0.953125,0.658879,0.029046,7,0,1,13,80,0,1,1,73,14
judge_on_instability,8,221957817213145,resonance-routing.judge_on_instability.r008.s221957817213145,sha256:2dba4418ebaa8e7569ac54243301190d89922b22b8f50ee7990c323c4df0ae95,sha256:2034e7a159f3a802975c011df6568c15036e03367735f73cc8708a2a549ecfde,80,max_ticks,,231,0.90795,217,41,3,0.033473,2,3,3,2,3,0.771442,47,0.06383,3,0,0.9071,0,57.531381,0.472451,12.759665,0,239,0,8,0.586331,1,0,0.9375,0.660377,0.029289,7,0,1,13,80,0,1,1,72,14
judge_on_instability,9,151369659976869,resonance-routing.judge_on_instability.r009.s151369659976869,sha256:ef9824f528b96e237751ca4d6c4a9740ffa977e9c773a17b4a7943deac58064b,sha256:072ec86860763d4eeff2fd4f831615a14c7dbaabda7d762c8ef7bba5b2f02d83,80,max_ticks,,233,0.904959,219,64,0,0.03719,2,3,3,2,3,0.802876,42,0.071429,3,0,0.9296,0,10.330579,0.473488,5.997492,0,242,0,9,0.540279,1,0,0.928571,0.658879,0.004132,3,0,1,13,80,0,6,6,73,14
judge_on_instability,10,42750273790937,resonance-routing.judge_on_instability.r010.s42750273790937,sha256:5edd2ba2442db8e93fcce25b85f7e65736d494a92556ec8123a41195991c3225,sha256:14d7d4b8c23295dffbb04f64e6b7e1cdfed00ec7dbbc2942d0c18be2d1da2e5d,80,max_ticks,,231,0.90795,217,41,3,0.033473,2,3,3,2,3,0.771994,47,0.06383,3,0,0.9143,0,57.531381,0.472622,13.686195,0,239,0,8,0.571985,1,0,0.967742,0.660377,0.029289,7,0,1,13,80,0,1,1,72,14
judge_on_instability,11,265000021645429,resonance-routing.judge_on_instability.r011.s265000021645429,sha256:ff3d765c79f863fa84da2d5d37440e1bcdbd2b88e1ec82d660a312eec917125c,sha256:88052112fdcae786edbac8e99f08d35f869f336d50eba03f44ba861324e7fbc5,80,max_ticks,,229,0.911392,216,41,3,0.033755,2,3,3,2,3,0.809416,47,0.06383,3,0,0.9092,0,58.016878,0.471824,12.410532,0,237,0,8,0.576462,1,0,0.96875,0.677725,0.029536,7,0,1,12,80,0,1,1,68,13
judge_on_instability,12,105765016728113,resonance-routing.judge_on_instability.r012.s105765016728113,sha256:3dd25f3acfe1c1f242982b0f609d9367ba6866646a186ff04f36f076a97a2a11,sha256:553d5220e86590f1976a9f5c24b520d59515f0e2e72139ef06bd449bd06eb955,80,max_ticks,,232,0.908333,218,41,3,0.033333,2,3,3,2,3,0.771417,47,0.06383,3,0,0.9123,0,57.291667,0.474113,12.292995,0,240,0,8,0.579414,1,0,0.953125,0.657277,0.029167,7,0,1,13,80,0,1,1,73,14
judge_on_instability,13,87362427631443,resonance-routing.judge_on_instability.r013.s87362427631443,sha256:4286dc2e7fd305a3087f52e9543fd66a05780e31a447ceca5859a558826eb3e3,sha256:4b29dbf36487718c982be2e64f1fb261934a7c42675bce0cba1f8a05ea7c4b3b,80,max_ticks,,231,0.90795,217,41,3,0.033473,2,3,3,2,3,0.773133,47,0.06383,3,0,0.9098,0,57.531381,0.472486,12.387724,0,239,0,8,0.542432,1,0,0.967742,0.660377,0.029289,7,0,1,13,80,0,1,1,72,14
judge_on_instability,14,267385964521992,resonance-routing.judge_on_instability.r014.s267385964521992,sha256:f75d258417cff46aef868641231194331a2f7c66e4a6a5361ce92373659906aa,sha256:2efdabdb25e417014ae8cd50644b2bfc382e7e6cf5e9c6791cf4f675954030fb,80,max_ticks,,230,0.903361,215,41,0,0.033613,2,3,3,2,4,0.759596,48,0.083333,4,0,0.9098,0,45.168067,0.474696,13.04765,0,238,0,8,0.611722,1,0,1,0.666667,0.021008,7,0,1,13,80,0,1,1,70,15
judge_on_instability,15,50338251191256,resonance-routing.judge_on_instability.r015.s50338251191256,sha256:37f01c43145379cc1dc6e355310b305a508d10c16a1fd1600ce751ec542adffd,sha256:3a1003fff39a23b3f884da25632e7e3f85403df160cc750e771ab1bcb2888053,80,max_ticks,,230,0.907563,216,41,3,0.033613,2,3,3,2,3,0.770562,47,0.06383,3,0,0.9104,0,57.773109,0.471763,14.383423,0,238,0,8,0.583542,1,0,0.967742,0.663507,0.029412,7,0,1,13,80,0,1,1,71,14
judge_on_instability,16,174028374442274,resonance-routing.judge_on_instability.r016.s174028374442274,sha256:d1f8c72ce06994cf79925748b7969db3267c0d2a5fe863a58bd84758d9088c8b,sha256:e55218e4b8e4041e88077e665ae7098d8425dcf4fdf0f95f92f4a26d42e1cd54,80,max_ticks,,226,0.905983,212,41,3,0.034188,2,3,3,2,3,0.773211,47,0.06383,3,0,0.9128,0,58.760684,0.472224,13.786432,0,234,0,8,0.565094,1,0,0.90625,0.676329,0.029915,7,0,1,13,80,0,1,1,67,14
judge_on_instability,17,262349356812342,resonance-routing.judge_on_instability.r017.s262349356812342,sha256:8a6d8fbae9fd677b89d38db553fe5fcb3a69debb1d712bf32a5a5dfb8f952191,sha256:be1c6882e03005d60d06c72f09311c428376d7542f379302f97bd3afbcee7ddc,80,max_ticks,,218,0.87931,204,,0,0.060345,2,2,3,2,3,0.75103,36,0.083333,3,0,0.9248,0,10.775862,0.478443,5.907696,0,232,1.5,14,0.554659,0.666667,0,0.910714,0.633166,0.00431,3,0,0.666667,13,80,0,11,11,73,14
judge_on_instability,18,85578585668014,resonance-routing.judge_on_instability.r018.s85578585668014,sha256:11a932933ffd4c6480505b2371a482e0cf31e21d4cb8d39ca1301a57ac28325b,sha256:794cc5897cad750977992549aefe63166df478ce12d4232b2b768e36c9b243fd,80,max_ticks,,229,0.907173,215,43,3,0.033755,2,3,3,2,3,0.758704,47,0.06383,3,0,0.9121,0,58.016878,0.472755,13.275492,0,237,0,8,0.571147,1,0,0.921875,0.671429,0.029536,7,0,1,13,80,0,1,1,69,14
judge_on_instability,19,107018321236797,resonance-routing.judge_on_instability.r019.s107018321236797,sha256:1cba9b7ea9b6143ac0c938401dd9f432014c3e11ece7561a7ce00d320e123abc,sha256:f659e144665e6989588f05db2ceea74146b55a48430b09ec9e87c934686da7ba,80,max_ticks,,226,0.905983,212,41,3,0.034188,2,3,3,2,3,0.773835,47,0.06383,3,0,0.9087,0,58.760684,0.471495,13.522577,0,234,0,8,0.553727,1,0,0.953125,0.676329,0.029915,7,0,1,13,80,0,1,1,67,14
judge_on_instability,20,5701907027736,resonance-routing.judge_on_instability.r020.s5701907027736,sha256:49d90979ff8492d78cec14d5fc1e84209759593a02cd3dca3b59e27a90adcee4,sha256:e5efb6638a6202edec2d4c9d504ad23129d187925f1de9a6800386bb5db5deae,80,max_ticks,,231,0.90795,217,41,3,0.033473,2,3,3,2,3,0.765209,47,0.06383,3,0,0.9117,0,57.531381,0.472116,14.875633,0,239,0,8,0.562765,1,0,0.953125,0.665094,0.029289,7,0,1,13,80,0,1,1,71,14
judge_on_instability,21,51186872990512,resonance-routing.judge_on_instability.r021.s51186872990512,sha256:88729524ec4df93a3a33f63ec83d816720e124187f33afc82651fb3e5906ab7a,sha256:4e80669f23f4e51f3673e0faca16f2c504b192222cafdaeceaaab831498905c7,80,max_ticks,,230,0.911765,217,41,3,0.033613,2,3,3,2,3,0.80695,46,0.065217,3,0,0.9127,0,57.773109,0.472085,13.163042,0,238,0,8,0.54603,1,0,0.953125,0.665094,0.029412,7,0,1,12,80,0,1,1,71,13
judge_on_instability,22,188948363392988,resonance-routing.judge_on_instability.r022.s188948363392988,sha256:488bf6b3e56550915d1a5ba8e8569b946276f01ce0e178cd7146e9bb33931a11,sha256:870400b210ceda4d50e9638f077a8b83dda676596e33c93b4a5cb611f7cca041,80,max_ticks,,162,0.876471,149,41,3,0.047059,2,3,3,2,3,0.893055,40,0.075,3,0,0.9104,0,80.882353,0.4723,13.407952,0,170,0,8,0.623907,1,0,0.875,0.979167,0.041176,7,0,1,12,80,0,1,1,3,13
judge_on_instability,23,119597358959743,resonance-routing.judge_on_instability.r023.s119597358959743,sha256:5d286f0b6ab6fc0dab4802c754bc70ad356052dc0e3d8fa5efde5a31b88a4f16,sha256:6fcbdcb3764955fbc21c4eaa3db518a9f50e51feabc426fd461a8e25c7cb04e2,80,max_ticks,,229,0.907173,215,41,3,0.033755,2,3,3,2,3,0.770992,47,0.06383,3,0,0.9121,0,58.016878,0.471532,12.923165,0,237,0,8,0.570225,1,0,0.935484,0.666667,0.029536,7,0,1,13,80,0,1,1,70,14
judge_on_instability,24,63259633888481,resonance-routing.judge_on_instability.r024.s63259633888481,sha256:6302840681aa0e6afe979ac72d451434b2b42aa4a5d88e209a4233fe4e7c86ce,sha256:90cf13af6419b466c6b53be72bc8d244d2337cb497fbd291493f6551f3f9d52f,80,max_ticks,,227,0.906383,213,41,3,0.034043,2,3,3,2,3,0.764399,47,0.06383,3,0,0.9117,0,58.510638,0.473511,12.422272,0,235,0,8,0.567771,1,0,0.983333,0.673077,0.029787,7,0,1,13,80,0,1,1,68,14
judge_on_instability,25,220976159642645,resonance-routing.judge_on_instability.r025.s220976159642645,sha256:dc7dbf898af54c6c0aafd074a21c44a24a22b211965ce74cd9836daec9c1fdaa,sha256:a77bf0259e3f239d2777a8302c91072497c4e5972f9caa541e3add61362183e1,80,max_ticks,,234,0.909091,220,41,3,0.033058,2,3,3,2,3,0.765539,48,0.0625,3,0,0.9092,0,56.818182,0.471808,12.506352,0,242,0,8,0.566583,1,0,0.96875,0.660465,0.028926,7,0,1,13,80,0,1,1,73,14
judge_on_instability,26,267351106039472,resonance-routing.judge_on_instability.r026.s267351106039472,sha256:15a9cf98fa544f23f9c1332fe539c70731486a013fae4821d0bfb95853781602,sha256:53356dab6c79f942fce5bcfd1dd1e63458c3348c274bb85244517352ccadf4d6,80,max_ticks,,226,0.905983,212,41,3,0.034188,2,3,3,2,3,0.764018,47,0.06383,3,0,0.9106,0,58.760684,0.472225,13.718977,0,234,0,8,0.554862,1,0,1,0.681159,0.029915,7,0,1,13,80,0,1,1,66,14
judge_on_instability,27,79356475614569,resonance-routing.judge_on_instability.r027.s79356475614569,sha256:cfe2648acdbaef1efa372f1aed20f5b605af2011b5cdcc942720ec507cbf0bb1,sha256:bb7bce9026a4c4494d7e2a164b88e5c691fb368ab743b9a3f58466b9c0fe2620,80,max_ticks,,228,0.90678,214,41,3,0.033898,2,3,3,2,3,0.764306,47,0.06383,3,0,0.9119,0,58.262712,0.473234,14.306532,0,236,0,8,0.58488,1,0,0.983333,0.674641,0.029661,7,0,1,13,80,0,1,1,68,14
judge_on_instability,28,182423689935324,resonance-routing.judge_on_instability.r028.s182423689935324,sha256:666057ea138e30f64d558dd1c238cf67a1dcd4a9bf9102479768778267ff0bcd,sha256:440d101d737803dab55c7cd89d5b9e1cef608a78055a6ef0455911592d32990e,80,max_ticks,,231,0.90795,217,42,3,0.033473,2,3,3,2,3,0.767076,47,0.06383,3,0,0.9113,0,57.531381,0.472381,12.518273,0,239,0,8,0.53818,1,0,0.9375,0.660377,0.029289,7,0,1,13,80,0,1,1,72,14
judge_on_instability,29,111109937806271,resonance-routing.judge_on_instability.r029.s111109937806271,sha256:047e264398824f84c37743c4878d5e5596a39df9406d35cca79a5c673f281b3d,sha256:794e26b01f22eaac789fade451544d42f8ae74097bd622472895a8cf0bffe0e3,80,max_ticks,,231,0.912134,218,42,3,0.033473,2,3,3,2,3,0.804957,47,0.06383,3,0,0.9125,0,57.531381,0.472537,13.402101,0,239,0,8,0.559403,1,0,1,0.666667,0.029289,7,0,1,12,80,0,1,1,71,13
judge_on_instability,30,130394613034230,resonance-routing.judge_on_instability.r030.s130394613034230,sha256:89d1845ed63d35c718ed5a082b36727c239c95ee61bce7e7e0c7d49efaf9a7cb,sha256:470496f620d7c780424e129ed28d5c4b834298a3dbbffb7922c5143858967013,80,max_ticks,,231,0.903766,216,41,0,0.033473,2,3,3,2,4,0.767813,48,0.083333,4,0,0.9099,0,46.025105,0.474596,7.016416,0,239,0,8,0.569061,1,0,1,0.663507,0.020921,7,0,1,13,80,0,1,1,71,15
judge_on_instability,31,269769521741202,resonance-routing.judge_on_instability.r031.s269769521741202,sha256:ea59a0cd7d7e2eee9a11d51bd4fe6e5a90eba12963df7bcda77c607f6a6486b3,sha256:2eebfe1f6da42b6a1e66f0027a14e3f0dc1db107348c5aabafff21e4a9d92aa8,80,max_ticks,,230,0.911765,217,41,3,0.033613,2,3,3,2,3,0.803056,46,0.065217,3,0,0.9094,0,57.773109,0.470931,12.345574,0,238,0,8,0.55055,1,0,0.953125,0.669811,0.029412,7,0,1,12,80,0,1,1,70,13
judge_on_instability,32,211127800505858,resonance-routing.judge_on_instability.r032.s211127800505858,sha256:959d21dfd278f5790db80195a2daa2ff2f84cbd23364ac008ed26c2968fa32ea,sha256:5371d9c284128d4d8a80e264abd17224ddb0a6ccaf32ab88db4d1695b314e0e5,80,max_ticks,,224,0.905172,210,41,3,0.034483,2,3,3,2,3,0.772692,47,0.06383,3,0,0.9102,0,59.267241,0.472296,14.254537,0,232,0,8,0.549651,1,0,0.951613,0.682927,0.030172,7,0,1,13,80,0,1,1,65,14
judge_on_instability,33,159151711187285,resonance-routing.judge_on_instability.r033.s159151711187285,sha256:a13e6a8c10fc960879409f8948a83a1364ba19a1f08ff149ef8d7c6580e12fba,sha256:19f3add6237ff69a7a217e8b26d5a5056e0470f314b552b2eb28e828916722e3,80,max_ticks,,232,0.908333,218,42,3,0.033333,2,3,3,2,3,0.768656,47,0.06383,3,0,0.9106,0,57.291667,0.473575,13.305284,0,240,0,8,0.575924,1,0,0.953125,0.657277,0.029167,7,0,1,13,80,0,1,1,73,14
judge_on_instability,34,273916131716412,resonance-routing.judge_on_instability.r034.s273916131716412,sha256:0e6bc335420eecf1598ef11f135f3054d13ad6321e626ebeccf92e71420242b9,sha256:8e87f9a0d61e81a0c9b954185e10178e5fbf2f9d1480da3bd2c7c914e6a21279,80,max_ticks,,233,0.908714,219,41,3,0.033195,2,3,3,2,3,0.766169,47,0.06383,3,0,0.9111,0,57.053942,0.472169,12.893157,0,241,0,8,0.532951,1,0,0.953125,0.658879,0.029046,7,0,1,13,80,0,1,1,73,14
judge_on_instability,35,65323758223108,resonance-routing.judge_on_instability.r035.s65323758223108,sha256:f494c5fd25b1093d1c42f1c63ec5d3a828d1e8b200bf8f6f61ca6838ffc4bf7b,sha256:7d24295025e4d224c5d823d06abc3449668a23f5d8933877eb0fe678b014967e,80,max_ticks,,233,0.908714,219,42,3,0.033195,2,3,3,2,3,0.759294,48,0.0625,3,0,0.909,0,57.053942,0.472239,10.882506,0,241,0,8,0.564994,1,0,0.967742,0.658879,0.029046,7,0,1,13,80,0,1,1,73,14
judge_on_instability,36,24508646137620,resonance-routing.judge_on_instability.r036.s24508646137620,sha256:3697ac9ec843f5f1ad030db2fdc41ba081380e4c21a5c95245a9aef479f3c9f2,sha256:74a36717cf07a141985d3b95604e972705bbe3a1c27adea0f15fd2de77eae17e,80,max_ticks,,232,0.9125,219,42,3,0.033333,2,3,3,2,3,0.80344,47,0.06383,3,0,0.9072,0,57.291667,0.471214,11.258734,0,240,0,8,0.565604,1,0,0.967742,0.658879,0.029167,7,0,1,12,80,0,1,1,73,13
judge_on_instability,37,247798458636041,resonance-routing.judge_on_instability.r037.s247798458636041,sha256:aeb0f4a4ac8d6bb57c731ddbd936738ea72ed60becc5a4f5c9914619b4da08d1,sha256:e529ff609185c71e3aa68e3cd6bc946fb8ce1b20c68085757d6b0aca54f380cd,80,max_ticks,,232,0.908333,218,41,3,0.033333,2,3,3,2,3,0.772311,48,0.0625,3,0,0.9116,0,57.291667,0.472454,11.9143,0,240,0,8,0.586938,1,0,0.983871,0.661972,0.029167,7,0,1,13,80,0,1,1,72,14
judge_on_instability,38,237331592044072,resonance-routing.judge_on_instability.r038.s237331592044072,sha256:110b18247b1b1ab080cc12ea990208da788bda020ada22a10f100d8f0869ef21,sha256:9e325014cbd5d8de445f1c4e4e853dfdb14ce75085b2c3ff016c4f8a43c6a210,80,max_ticks,,231,0.912134,218,41,3,0.033473,2,3,3,2,3,0.801242,46,0.065217,3,0,0.909,0,57.531381,0.470787,12.658839,0,239,0,8,0.581465,1,0,0.953125,0.661972,0.029289,7,0,1,12,80,0,1,1,72,13
judge_on_instability,39,130211102639073,resonance-routing.judge_on_instability.r039.s130211102639073,sha256:f9e175c8ceca5fc64391b936843b513cdd66147146a9193b630c8419662b89d7,sha256:daef8ebb9fdc677c5b0ecb15413d3a1190d5be1b536630d5c45746f7009f74a8,80,max_ticks,,232,0.908333,218,41,3,0.033333,2,3,3,2,3,0.771043,47,0.06383,3,0,0.9153,0,57.291667,0.472816,12.951464,0,240,0,8,0.591314,1,0,0.953125,0.657277,0.029167,7,0,1,13,80,0,1,1,73,14
judge_on_instability,40,206363982526286,resonance-routing.judge_on_instability.r040.s206363982526286,sha256:f0bae4ef3d82e9ee0c46418a991dc6eaa184f7ae15004fded74b9028bb1b722d,sha256:d6ab11a6e03450e6e42a3e4eb67186eaa8c69c1868e6ef6e09991758c870b220,80,max_ticks,,230,0.911765,217,41,3,0.033613,2,3,3,2,3,0.798686,46,0.065217,3,0,0.9147,0,57.773109,0.471721,12.76025,0,238,0,8,0.521432,1,0,0.983333,0.665094,0.029412,7,0,1,12,80,0,1,1,71,13
judge_on_instability,41,163461166554860,resonance-routing.judge_on_instability.r041.s163461166554860,sha256:87ff41a78254a53bcd02fe0ab5fb8673806c25d0ca8022fee556eab812f24021,sha256:1b585d3410bd8e7ea9343642be06285c37048c10bc1bccb958c9d9e9d183ad9c,80,max_ticks,,229,0.907173,215,43,3,0.033755,2,3,3,2,3,0.751328,47,0.06383,3,0,0.9142,0,58.016878,0.473035,12.794073,0,237,0,8,0.595581,1,0,0.953125,0.666667,0.029536,7,0,1,13,80,0,1,1,70,14
judge_on_instability,42,6348294522231,resonance-routing.judge_on_instability.r042.s6348294522231,sha256:86e036435617256f5d7b6001d0541bbf2bcf14bee643776f0ea3746b51c4e679,sha256:156efdf3d1e5a4fb2c57094731aa5af37f936d6cd50418c94db15d45561218d5,80,max_ticks,,230,0.907563,216,44,3,0.033613,2,3,3,2,3,0.73691,47,0.06383,3,0,0.9078,0,57.773109,0.470989,13.246802,0,238,0,8,0.587399,1,0,0.983333,0.668246,0.029412,7,0,1,13,80,0,1,1,70,14
judge_on_instability,43,25119152934151,resonance-routing.judge_on_instability.r043.s25119152934151,sha256:885e4b395e5314df19daa6b2fe72ed998141a450acc435b6eef03d4342988cef,sha256:0c0d71ba5d38cb4e5291f865f9ab5302a643eb09d2cba45a99c97006d6e702bd,80,max_ticks,,232,0.908333,218,41,3,0.033333,2,3,3,2,3,0.772811,47,0.06383,3,0,0.9094,0,57.291667,0.472881,12.679764,0,240,0,8,0.570834,1,0,0.953125,0.657277,0.029167,7,0,1,13,80,0,1,1,73,14
judge_on_instability,44,261866152976538,resonance-routing.judge_on_instability.r044.s261866152976538,sha256:8485b9ddef57fd2019612869d183845f8b814d592fa3e98dd9cf88a5c0d69003,sha256:f3b57bd0eaff5f11ca2f3bf034c27d0b938d90120d4a0c60ce1f7653ac29aef9,80,max_ticks,,232,0.904564,218,63,0,0.037344,2,3,3,2,3,0.792904,42,0.071429,3,0,0.925,0,10.373444,0.47439,5.256029,0,241,0,9,0.52849,1,0,0.928571,0.657277,0.004149,3,0,1,13,80,0,6,6,73,14
judge_on_instability,45,260525559251538,resonance-routing.judge_on_instability.r045.s260525559251538,sha256:d7b73aba462048697b64d3bf5369c3e49489e2003a88e78237b83675722e2f96,sha256:a3846e28559bd25946a640b86f81f2e53baed7b9d608455841e9c97302fdd403,80,max_ticks,,233,0.908714,219,41,3,0.033195,2,3,3,2,3,0.757129,48,0.0625,3,0,0.9132,0,57.053942,0.472018,9.058269,0,241,0,8,0.582379,1,0,0.983871,0.658879,0.029046,7,0,1,13,80,0,1,1,73,14
judge_on_instability,46,233461212355422,resonance-routing.judge_on_instability.r046.s233461212355422,sha256:5c014e362d228b45492e5d0f48a8b3751e5d4f75da44dd5dbd96209a020f4b4a,sha256:f6235efa0a6f24acec2e0bdd2242aa7ddade8c804d65475305cba5cc00a7fa69,80,max_ticks,,227,0.906383,213,43,3,0.034043,2,3,3,2,3,0.757846,47,0.06383,3,0,0.9098,0,58.510638,0.472511,14.613442,0,235,0,8,0.556272,1,0,0.982759,0.677885,0.029787,7,0,1,13,80,0,1,1,67,14
judge_on_instability,47,12438102688673,resonance-routing.judge_on_instability.r047.s12438102688673,sha256:d5ecf6c18fb49520f08467a48e0b70ffe9a8ce38f77267be02dcca19b28a2d9a,sha256:c32219be4314c89b2e715034f4e69c54c6e1c3b3988a9187da0047a475dcb70f,80,max_ticks,,229,0.907173,215,42,3,0.033755,2,3,3,2,3,0.750529,47,0.06383,3,0,0.914,0,58.016878,0.472552,13.287504,0,237,0,8,0.594867,1,0,0.953125,0.671429,0.029536,7,0,1,13,80,0,1,1,69,14
judge_on_instability,48,171927412137762,resonance-routing.judge_on_instability.r048.s171927412137762,sha256:f591745183520888d33fb3324a003e562868a051301a0dd03e50756a84b9e353,sha256:afc1b1c29f84c9a3fe6ecb71a970791eaa14ee35a9aad95bc943016dac18690d,80,max_ticks,,230,0.907563,216,41,3,0.033613,2,3,3,2,3,0.773666,47,0.06383,3,0,0.9119,0,57.773109,0.472585,13.457671,0,238,0,8,0.576267,1,0,0.953125,0.663507,0.029412,7,0,1,13,80,0,1,1,71,14
judge_on_instability,49,207150313255873,resonance-routing.judge_on_instability.r049.s207150313255873,sha256:35b90f0ba3bea351e09d0258b930720d0af127cce5fe9ca4ad2533c2f96ee156,sha256:99d5f94e8a30386bc755e66b3574325cd3b45afa46f88c5bb5279cef57d5dca5,80,max_ticks,,233,0.908714,219,41,3,0.033195,2,3,3,2,3,0.767061,47,0.06383,3,0,0.9061,0,57.053942,0.472076,12.734003,0,241,0,8,0.528335,1,0,0.953125,0.658879,0.029046,7,0,1,13,80,0,1,1,73,14
judge_on_instability,50,147549711035952,resonance-routing.judge_on_instability.r050.s147549711035952,sha256:66513bce6c6c6632faeb01eca57f46b9b0019ac49a83f277d022770deee94ce3,sha256:15cd396d3981fc6d08f807a9bf54f326bb5898c11aa887758b17084ee5b6c5d7,80,max_ticks,,225,0.905579,211,41,3,0.034335,2,3,3,2,3,0.783375,47,0.06383,3,0,0.912,0,59.012876,0.472429,12.077007,0,233,0,8,0.571277,1,0,0.967742,0.679612,0.030043,7,0,1,13,80,0,1,1,66,14
judge_on_instability,51,217859932877989,resonance-routing.judge_on_instability.r051.s217859932877989,sha256:30ae7446d183ed7f0b8f50baaec15092a91685ae52bcf19fe646445475b9ef95,sha256:7cdfd144e976f1d0d47dcd35248a43fc29076fa2bd2dda31fb23a0a1efb2b0d5,80,max_ticks,,233,0.904564,218,41,0,0.033195,2,3,3,2,4,0.767863,47,0.085106,4,0,0.9105,0,45.643154,0.47457,6.100487,0,241,0,8,0.574494,1,0,1,0.657277,0.020747,7,0,1,13,80,0,1,1,73,15
judge_on_instability,52,20561522542192,resonance-routing.judge_on_instability.r052.s20561522542192,sha256:04c3ecdd0a1b0e827983bcb40aeb54fcf2db63d96766578aa117a12732998d36,sha256:abf4b6800968c49ed2013c9cd15dce6b5b472852453a6dd69242de306c28cfd6,80,max_ticks,,232,0.920168,219,45,0,0.02521,2,3,3,2,3,0.797501,42,0.071429,3,0,0.9102,0,10.504202,0.469203,10.255262,0,238,0,6,0.590941,1,0,1,0.658879,0.004202,3,0,1,12,80,0,3,3,73,13
judge_on_instability,53,113770858549658,resonance-routing.judge_on_instability.r053.s113770858549658,sha256:512dee0cdf6b62ef020865b60fbf66a80625d882324168f8292618d7c6226928,sha256:45bff8be01a568ee5035e90d29c10c76c9b89106edd2f37576213b23f58d8d19,80,max_ticks,,232,0.908333,218,41,3,0.033333,2,3,3,2,3,0.770305,47,0.06383,3,0,0.9141,0,57.291667,0.473502,14.62329,0,240,0,8,0.53368,1,0,0.953125,0.657277,0.029167,7,0,1,13,80,0,1,1,73,14
judge_on_instability,54,220480274519613,resonance-routing.judge_on_instability.r054.s220480274519613,sha256:37c08547b3c0e0c54b1b853a26d3a7d0ea0b1836be8cc18abe38a515f647ad58,sha256:d2926cfffbaaa02ac5d7c8a96a2469844e893cfa4bb39c7f4140a78dc00d45de,80,max_ticks,,231,0.90795,217,41,3,0.033473,2,3,3,2,3,0.774695,48,0.0625,3,0,0.9101,0,57.531381,0.471799,13.254424,0,239,0,8,0.554855,1,0,0.96875,0.665094,0.029289,7,0,1,13,80,0,1,1,71,14
judge_on_instability,55,214070485627961,resonance-routing.judge_on_instability.r055.s214070485627961,sha256:4851bdd4929ee407ce0774da22275b3168a1c861245c40a34b3caafa1a8d9a87,sha256:c088d835f2deff6a08092ae5034799e234008493116750f9f4249fcba3405b83,80,max_ticks,,231,0.912134,218,41,3,0.033473,2,3,3,2,3,0.790832,46,0.065217,3,0,0.9082,0,57.531381,0.472454,12.840358,0,239,0,8,0.562184,1,0,0.953125,0.661972,0.029289,7,0,1,12,80,0,1,1,72,13
judge_on_instability,56,206892861191288,resonance-routing.judge_on_instability.r056.s206892861191288,sha256:f804135e150dacfa6c3aed69b9fdff391aba5a75c75722c9494499610747bc49,sha256:7a7bd27229876034bfb4d2b44a8bfa0c949812c5fe7938243320337749e0f86b,80,max_ticks,,217,0.878788,203,,0,0.060606,2,2,3,2,3,0.763692,36,0.083333,3,0,0.9242,0,10.822511,0.477609,6.481151,0,231,0,14,0.560318,0.666667,0,0.928571,0.631313,0.004329,3,0,0.666667,13,80,0,11,11,73,14
judge_on_instability,57,226314190322891,resonance-routing.judge_on_instability.r057.s226314190322891,sha256:28d283a8fbce7c0d9ebd39f7124b43317a58ca6e1824408c93d94bf5072acc80,sha256:ac8756736bd23b4d77e77a4cbf318e78bcb70afb8e9347d42662e946f84352de,80,max_ticks,,229,0.907173,215,41,3,0.033755,2,3,3,2,3,0.771808,48,0.0625,3,0,0.9055,0,58.016878,0.472111,12.039453,0,237,0,8,0.549702,1,0,0.96875,0.671429,0.029536,7,0,1,13,80,0,1,1,69,14
judge_on_instability,58,15072225093037,resonance-routing.judge_on_instability.r058.s15072225093037,sha256:23d22f590c6a2466fda553774ed077000053ca8a8f132975226acf78d788298f,sha256:e92437289f03d906c5229643d8925bf5241279c683074a42eecc4731c222e91a,80,max_ticks,,233,0.908714,219,42,3,0.033195,2,3,3,2,3,0.767199,47,0.06383,3,0,0.9144,0,57.053942,0.472045,13.365985,0,241,0,8,0.530569,1,0,0.953125,0.658879,0.029046,7,0,1,13,80,0,1,1,73,14
judge_on_instability,59,25078129984675,resonance-routing.judge_on_instability.r059.s25078129984675,sha256:30b7b089f05846cad3718e2e4623e6a2b0c34b09474ab1bf6f83841fe001fd65,sha256:325010e8cdc4722635f1e514929c907da840b19b5a6100c75142659fac55a68f,80,max_ticks,,232,0.9125,219,41,3,0.033333,2,3,3,2,3,0.804721,46,0.065217,3,0,0.9075,0,57.291667,0.471476,12.164095,0,240,0,8,0.553424,1,0,0.953125,0.658879,0.029167,7,0,1,12,80,0,1,1,73,13
judge_on_instability,60,218072431996409,resonance-routing.judge_on_instability.r060.s218072431996409,sha256:5c357268227c6679e85e0d33b450facdfb4e30a8bf0719c4e150f9ff57d744f9,sha256:2c58c4e14c128d54ef8caff3af1f11e95cb0c2aa17c8cc920258a681722d6633,80,max_ticks,,232,0.908333,218,41,3,0.033333,2,3,3,2,3,0.772475,47,0.06383,3,0,0.911,0,57.291667,0.472886,12.486451,0,240,0,8,0.579969,1,0,0.953125,0.657277,0.029167,7,0,1,13,80,0,1,1,73,14
judge_on_instability,61,196385391895804,resonance-routing.judge_on_instability.r061.s196385391895804,sha256:59ff6e3386b7bd0ce73ce6fa8ad8debbc287e2c1b98b71b548fbd66002848be4,sha256:10670746d6ef639e5c8053cdb192e08ea67912bd777c615e91573ef3e8157723,80,max_ticks,,233,0.908714,219,41,3,0.033195,2,3,3,2,3,0.771482,48,0.0625,3,0,0.9069,0,57.053942,0.471781,12.998163,0,241,0,8,0.557669,1,0,0.96875,0.658879,0.029046,7,0,1,13,80,0,1,1,73,14
judge_on_instability,62,138988755290196,resonance-routing.judge_on_instability.r062.s138988755290196,sha256:508a86fb3a268c2ef2a7ae225686918a7d2a00c4a8daf024704c658f4a4f333d,sha256:8698bea7b05bd4fc069f04a993101766c4ae62488cb71b398da7f0a6ee086899,80,max_ticks,,232,0.9125,219,43,3,0.033333,2,3,3,2,3,0.795833,46,0.065217,3,0,0.9141,0,57.291667,0.472043,14.292854,0,240,0,8,0.558052,1,0,0.921875,0.658879,0.029167,7,0,1,12,80,0,1,1,73,13
judge_on_instability,63,103525539443737,resonance-routing.judge_on_instability.r063.s103525539443737,sha256:595714c49e7a8138493b4d6fc4a5c0023c27bf9c2b3e662b85bdacae13370feb,sha256:3ee17e260898539823618ba1930c63eaccbc8017b25adb78758c00780a558e17,80,max_ticks,,215,0.90583,202,42,3,0.035874,2,3,3,2,3,0.796452,47,0.06383,3,0,0.9107,0,61.659193,0.47204,12.910424,0,223,0,8,0.52964,1,0,1,0.725888,0.03139,7,0,1,12,80,0,1,1,54,13
judge_on_instability,64,233653530300723,resonance-routing.judge_on_instability.r064.s233653530300723,sha256:c1080c4398d1b20a9ed47e14df1c2c9fb15520f12725701edc3628cf8b273686,sha256:6823ce6525e98c5297ab625b4acfa5e196b8bb54e069b30ac95ff748be3d47cc,80,max_ticks,,232,0.908333,218,41,3,0.033333,2,3,3,2,3,0.773074,47,0.06383,3,0,0.9087,0,57.291667,0.472095,13.494468,0,240,0,8,0.544044,1,0,0.953125,0.657277,0.029167,7,0,1,13,80,0,1,1,73,14
judge_on_instability,65,153377513910633,resonance-routing.judge_on_instability.r065.s153377513910633,sha256:cc0dd448374770023bedd22efc8496739552cfbe31c5dede69b6fbc2a2fd88d7,sha256:76a2841a7931d1b638aa4c78a2925ab7a122173e02e866ff1d62207ee82cfd3d,80,max_ticks,,231,0.90795,217,41,3,0.033473,2,3,3,2,3,0.763276,47,0.06383,3,0,0.9099,0,57.531381,0.471839,12.364845,0,239,0,8,0.584227,1,0,0.953125,0.665094,0.029289,7,0,1,13,80,0,1,1,71,14
judge_on_instability,66,235066360775718,resonance-routing.judge_on_instability.r066.s235066360775718,sha256:a4354f3818c54335781c62628f3a7f96072ad40b358c5b6618f65d585e5a8633,sha256:31ce6bf4383feae08be818e521d57520f7c3afe83973cc584bde6297183dcd6b,80,max_ticks,,233,0.908714,219,44,3,0.033195,2,3,3,2,3,0.754821,47,0.06383,3,0,0.9172,0,57.053942,0.473369,12.861767,0,241,0,8,0.585121,1,0,0.953125,0.658879,0.029046,7,0,1,13,80,0,1,1,73,14
judge_on_instability,67,177579233675930,resonance-routing.judge_on_instability.r067.s177579233675930,sha256:0cb7b70e5aee2ef937130386dbe1fe33bd90fc1893634153898b31a48d1e5fa7,sha256:4fcb04b9f180b5560621603157677c8e6ca42e895204292a66e9aa9ea3e20f29,80,max_ticks,,231,0.90795,217,43,3,0.033473,2,3,3,2,3,0.754526,48,0.0625,3,0,0.9084,0,57.531381,0.472363,11.817616,0,239,0,8,0.517493,1,0,0.983871,0.665094,0.029289,7,0,1,13,80,0,1,1,71,14
judge_on_instability,68,230843330437709,resonance-routing.judge_on_instability.r068.s230843330437709,sha256:3bd180531e4b731e8a4c6f77de2ffe93671ed85b64de8fda3c781108225985a3,sha256:57f69c515c76ecaaf195dc5061cd8fb746e97cdacf74f321b68fc885c8bdc15e,80,max_ticks,,234,0.913223,221,42,3,0.033058,2,3,3,2,3,0.794989,47,0.06383,3,0,0.9116,0,56.818182,0.472414,10.503091,0,242,0,8,0.552976,1,0,0.983871,0.662037,0.028926,7,0,1,12,80,0,1,1,73,13
judge_on_instability,69,232234216461405,resonance-routing.judge_on_instability.r069.s232234216461405,sha256:d526907bd140cd17bc20e5e56efb6e0c14c7451a1b11ecba6c87a5c9a03bf959,sha256:646e868331ae76433d8d145c18cf20db18b5f428a351dc28d18aca190aa2698e,80,max_ticks,,202,0.895238,188,41,3,0.038095,2,3,3,2,3,0.776584,47,0.06383,3,0,0.9133,0,65.47619,0.472575,12.902141,0,210,0,8,0.585464,1,0,0.958333,0.775956,0.033333,7,0,1,13,80,0,1,1,41,14
judge_on_instability,70,62696922977182,resonance-routing.judge_on_instability.r070.s62696922977182,sha256:e55f5d246a78fefab393f453998f3a9860ce634792b1bc8502c2cda942d0cda8,sha256:a266bf2a3e1d842741f56affded95d4b46a67f3e450b8a09604bac6289c1cc70,80,max_ticks,,228,0.90678,214,41,3,0.033898,2,3,3,2,3,0.765636,47,0.06383,3,0,0.9125,0,58.262712,0.472465,13.966995,0,236,0,8,0.582453,1,0,0.953125,0.669856,0.029661,7,0,1,13,80,0,1,1,69,14
judge_on_instability,71,67832884458048,resonance-routing.judge_on_instability.r071.s67832884458048,sha256:f8eb45b077d31dcf5d27e1441da26ff81b364970efb4c49303d361584960c40f,sha256:2c4ce06c80ae11b1a303795ca015b19a3587fa47746031b5c409d6528d2d131a,80,max_ticks,,225,0.909871,212,41,3,0.034335,2,3,3,2,3,0.805546,47,0.06383,3,0,0.9138,0,59.012876,0.471911,12.799208,0,233,0,8,0.525326,1,0,0.966667,0.68599,0.030043,7,0,1,12,80,0,1,1,65,13
judge_on_instability,72,210104169807783,resonance-routing.judge_on_instability.r072.s210104169807783,sha256:07f4051c4cc622566dc4fe069e529bebc89359b38cb5478808b2ae168994f0d5,sha256:12847b2b2a0a0b213bd3931b60aef027126f991645966920df6959813d029095,80,max_ticks,,233,0.908714,219,41,3,0.033195,2,3,3,2,3,0.769489,48,0.0625,3,0,0.9109,0,57.053942,0.472735,11.897595,0,241,0,8,0.546567,1,0,0.96875,0.658879,0.029046,7,0,1,13,80,0,1,1,73,14
judge_on_instability,73,60126832853574,resonance-routing.judge_on_instability.r073.s60126832853574,sha256:7523dd0311cb94bf99691271e195cdb87baa126770808df655e793eb79f6ce28,sha256:8dbcb10b13e479fbc65c824f25940e7bb5a4127cbcd3265b2641de4efc920533,80,max_ticks,,233,0.908714,219,44,3,0.033195,2,3,3,2,3,0.74536,48,0.0625,3,0,0.9126,0,57.053942,0.472705,11.00707,0,241,0,8,0.585488,1,0,0.983871,0.658879,0.029046,7,0,1,13,80,0,1,1,73,14
judge_on_instability,74,103622912935547,resonance-routing.judge_on_instability.r074.s103622912935547,sha256:6280bb7ffea870f2488ba704c9affd588d7236a4dd698c37348028900d53329c,sha256:2165c29bc7aeeda1aa1b6e93661adb1ce19e83de4fe1f1ce9e92f332885787f8,80,max_ticks,,227,0.910638,214,41,3,0.034043,2,3,3,2,3,0.802936,47,0.06383,3,0,0.9117,0,58.510638,0.472129,11.607343,0,235,0,8,0.547553,1,0,0.967742,0.679426,0.029787,7,0,1,12,80,0,1,1,67,13
judge_on_instability,75,76689572249920,resonance-routing.judge_on_instability.r075.s76689572249920,sha256:491804adcc3ce8a3cc888f17a488dc7596fb31cb648c838fefd2dc427e50bb83,sha256:4357a0fe67ea576fbb8c396a36db560a8522dafa52bdade1a69f260bfbdad38a,80,max_ticks,,229,0.907173,215,41,3,0.033755,2,3,3,2,3,0.774293,47,0.06383,3,0,0.9112,0,58.016878,0.472606,13.210939,0,237,0,8,0.559056,1,0,0.953125,0.666667,0.029536,7,0,1,13,80,0,1,1,70,14
judge_on_instability,76,22879149902528,resonance-routing.judge_on_instability.r076.s22879149902528,sha256:cabe3b8b7722a7ae5eb7ada0ffff3bf2d9deec155357ef6c1cbab509ad16f001,sha256:2690ffa7c6ad9d420b9248d640cddf96b0ddbefb9847a8134cc5da773506b183,80,max_ticks,,233,0.908714,219,41,0,0.033195,2,3,3,2,4,0.801391,47,0.085106,4,0,0.914,0,44.605809,0.475605,12.619273,0,241,0,8,0.588929,1,0,1,0.658879,0.020747,7,0,1,12,80,0,1,1,73,14
judge_on_instability,77,45961626917818,resonance-routing.judge_on_instability.r077.s45961626917818,sha256:9736b3dd8e531edee9bd2990297ef5d4b0039c3298d26557cf5419dcdaf19220,sha256:4b04e9df896273133d86d8a16a8a003576cc06c3990020eda4b86cc4874f1976,80,max_ticks,,234,0.904959,219,42,0,0.033058,2,3,3,2,4,0.761263,48,0.083333,4,0,0.9107,0,45.454545,0.47486,9.575554,0,242,0,8,0.587298,1,0,1,0.658879,0.020661,7,0,1,13,80,0,1,1,73,15
judge_on_instability,78,241433799777023,resonance-routing.judge_on_instability.r078.s241433799777023,sha256:44aa0044f475ed058173c82f3379211bfe6eace70c2a0df1642e02f20049f612,sha256:c93457b0bfb25fa97a45c1122842b58193c3d24fcdd2508a81c5216849e8d988,80,max_ticks,,232,0.908333,218,41,3,0.033333,2,3,3,2,3,0.772702,47,0.06383,3,0,0.9141,0,57.291667,0.472774,13.238682,0,240,0,8,0.543634,1,0,0.953125,0.657277,0.029167,7,0,1,13,80,0,1,1,73,14
judge_on_instability,79,127720686340246,resonance-routing.judge_on_instability.r079.s127720686340246,sha256:a8e0e21e287c2787cceeda59ecad9218b5a119b86c2598b2531a4654a83946a2,sha256:fbbe0f5fcbf2dab482da6a0df0d7144e0f87d4057d44b2aba38dfd03e4058519,80,max_ticks,,232,0.908333,218,41,3,0.033333,2,3,3,2,3,0.773274,48,0.0625,3,0,0.9085,0,57.291667,0.47233,10.371981,0,240,0,8,0.524879,1,0,0.983871,0.657277,0.029167,7,0,1,13,80,0,1,1,73,14
judge_on_instability,80,263876294331893,resonance-routing.judge_on_instability.r080.s263876294331893,sha256:d56f28dba9e422ea407566a55d9e307529ba76f7fde07bc3354ed5bacd27bfe9,sha256:4843b5a6d5189dd0a68dbd5ab294c1d9549b2a792c838bdaa28260ff4542126e,80,max_ticks,,228,0.90678,214,41,3,0.033898,2,3,3,2,3,0.768289,48,0.0625,3,0,0.9119,0,58.262712,0.47288,13.86732,0,236,0,8,0.530346,1,0,1,0.674641,0.029661,7,0,1,13,80,0,1,1,68,14
judge_on_instability,81,237707675484309,resonance-routing.judge_on_instability.r081.s237707675484309,sha256:0e97552aa1813f1c8f2e7fb4831502fe8fb6c8d7694c3d9a153dfe439768d283,sha256:751fc775154fac4a872593d5eb96e8d915193308becd14eea4ca6c93ffd0304d,80,max_ticks,,230,0.907563,216,42,3,0.033613,2,3,3,2,3,0.762537,47,0.06383,3,0,0.913,0,57.773109,0.472646,12.260777,0,238,0,8,0.586789,1,0,0.967742,0.663507,0.029412,7,0,1,13,80,0,1,1,71,14
judge_on_instability,82,134107475702514,resonance-routing.judge_on_instability.r082.s134107475702514,sha256:61a842270e4290cef1f7a6145385a1ac066461c0021e368cd1f3ecf181ed782b,sha256:498facb2a45a8d7e4f29949bc5a372bd340fc38a780adb29d9d40106102d5f29,80,max_ticks,,231,0.903766,216,41,0,0.033473,2,3,3,2,4,0.749963,47,0.085106,4,0,0.9126,0,44.979079,0.475002,10.245959,0,239,0,8,0.581344,1,0,1,0.672986,0.020921,7,0,1,13,80,0,1,1,69,15
judge_on_instability,83,117836874297179,resonance-routing.judge_on_instability.r083.s117836874297179,sha256:837111c4f5e61f0d19422bf855ba7b815d53c21e29439c5f037eafba8369bdc2,sha256:5476e481003db0b20e54d0140c165e46316bd7b40c5ec7d28184416088afac07,80,max_ticks,,232,0.915966,218,44,0,0.02521,2,3,3,2,3,0.768086,42,0.071429,3,0,0.9085,0,10.504202,0.469924,6.169873,0,238,0,6,0.580183,1,0,1,0.657277,0.004202,3,0,1,13,80,0,3,3,73,14
judge_on_instability,84,215789779638886,resonance-routing.judge_on_instability.r084.s215789779638886,sha256:e1409e2ec6f6529cceb1381f3b225e5bf5899175f1a9978f1f7549428ff741d8,sha256:f2481511c9069888b32c0e8e8060c63a9f9ee27a8c298816667be3d3e2a998c2,80,max_ticks,,228,0.90678,214,44,3,0.033898,2,3,3,2,3,0.755959,47,0.06383,3,0,0.9128,0,58.262712,0.472074,13.388415,0,236,0,8,0.6057,1,0,0.951613,0.674641,0.029661,7,0,1,13,80,0,1,1,68,14
judge_on_instability,85,68235735981533,resonance-routing.judge_on_instability.r085.s68235735981533,sha256:b6d25fcbaa7714618d108c07cebe456eeb2417d9f1dd12c4de74f8280e0eb93a,sha256:47d82625cc740f45beba73d76b5dc713e1afdde4e545071e238658c739cc9d84,80,max_ticks,,188,0.892857,175,41,3,0.040816,2,3,3,2,3,0.878216,46,0.065217,3,0,0.9134,0,70.153061,0.47141,12.594773,0,196,0,8,0.60117,1,0,0.9375,0.835294,0.035714,7,0,1,12,80,0,1,1,28,13
judge_on_instability,86,255076023939080,resonance-routing.judge_on_instability.r086.s255076023939080,sha256:77e10ea61d40f00e70c6794983f10cad1a24969e773c27a29902e584e544e53a,sha256:dc5cbbb6a753cf0c9c7e7db50e282052f640d444c6ae64af82bda21e0ea4f2eb,80,max_ticks,,163,0.871345,149,41,3,0.046784,2,3,3,2,3,0.886068,42,0.071429,3,0,0.9104,0,80.409357,0.472708,12.49872,0,171,0,8,0.62511,1,0,0.916667,0.979167,0.040936,7,0,1,13,80,0,1,1,3,14
judge_on_instability,87,26146706299082,resonance-routing.judge_on_instability.r087.s26146706299082,sha256:4ca7c61a0164ad9153dfae24ce8022de6dcd6fc5084b8f5e46af974e98df4cf0,sha256:be19b3212404b7cdca333b4649a7aa51d77031cbec60668d8ca4169fe3cd2bc4,80,max_ticks,,215,0.877729,201,,0,0.061135,2,2,3,2,3,0.755332,36,0.083333,3,0,0.9263,0,10.917031,0.478496,6.300487,0,229,0,14,0.539232,0.666667,0,0.961538,0.637755,0.004367,3,0,0.666667,13,80,0,11,11,71,14
judge_on_instability,88,106324969497314,resonance-routing.judge_on_instability.r088.s106324969497314,sha256:326930e8ddd032e2f64c5ae77c17cd1f5f5687511d0623d65735aac98c75b349,sha256:420330fa79b0748d0258869d9cb909e1747e6b7d9e39615ce8fd8c28f79e5611,80,max_ticks,,231,0.90795,217,41,3,0.033473,2,3,3,2,3,0.759804,47,0.06383,3,0,0.9121,0,57.531381,0.47338,11.649029,0,239,0,8,0.57341,1,0,0.953125,0.660377,0.029289,7,0,1,13,80,0,1,1,72,14
judge_on_instability,89,226057765130466,resonance-routing.judge_on_instability.r089.s226057765130466,sha256:d2e2f16bae0be45eb0760fcf80bd5864dc49f6c7bb98327bb36b8202a3fb1b4f,sha256:7742fb95b39145345a9907050294b049a5e9172ce6bf78767f4ef24d48771851,80,max_ticks,,232,0.908333,218,44,3,0.033333,2,3,3,2,3,0.754835,47,0.06383,3,0,0.9142,0,57.291667,0.47307,12.926365,0,240,0,8,0.577652,1,0,0.953125,0.657277,0.029167,7,0,1,13,80,0,1,1,73,14
judge_on_instability,90,252296002518790,resonance-routing.judge_on_instability.r090.s252296002518790,sha256:be2c7e6353171f6ac6e636a824774f65d26c8424920aa1cb3d0a80f528b5b05e,sha256:ea2e0da023157cca7cc662906025f72c25baeca253d5ceafb2eb6d80008128ec,80,max_ticks,,232,0.9125,219,41,3,0.033333,2,3,3,2,3,0.806802,46,0.065217,3,0,0.9115,0,57.291667,0.472151,13.280986,0,240,0,8,0.550438,1,0,0.953125,0.658879,0.029167,7,0,1,12,80,0,1,1,73,13
judge_on_instability,91,6593257485107,resonance-routing.judge_on_instability.r091.s6593257485107,sha256:f2ac1a30dfe6fb4e20e97cf23d237381bb7491ce2e27e8117b0f3140d0cb73c8,sha256:e20a910fab58261803d6a29274be25cde3318a80be767510c4d3b4cd59a81037,80,max_ticks,,229,0.911392,216,40,3,0.033755,2,3,3,2,3,0.806553,46,0.065217,3,0,0.9109,0,58.016878,0.472696,12.628572,0,237,0,8,0.539694,1,0,0.983333,0.668246,0.029536,7,0,1,12,80,0,1,1,70,13
judge_on_instability,92,107733111813570,resonance-routing.judge_on_instability.r092.s107733111813570,sha256:489a816c459f01706f1ff16b8c5c0dde7c9bb071716cd2bfe2c035640978cffd,sha256:cc082f3a42d73c47825cca66691de5de6573854c332b376f5bf4f8f1d1ffabc5,80,max_ticks,,225,0.905579,211,41,3,0.034335,2,3,3,2,3,0.773654,47,0.06383,3,0,0.9101,0,59.012876,0.472776,13.12931,0,233,0,8,0.567454,1,0,0.967742,0.679612,0.030043,7,0,1,13,80,0,1,1,66,14
judge_on_instability,93,72272906642654,resonance-routing.judge_on_instability.r093.s72272906642654,sha256:4919040ff84b9bd2ef0d823a4d18a314a7eb3bed7d018dcc8328be4490d3aa5e,sha256:9993d0a12c75e218178ceb54f2a36b80019dba7bfc2200580dcb1e8ba9690e5c,80,max_ticks,,231,0.90795,217,41,3,0.033473,2,3,3,2,3,0.770541,47,0.06383,3,0,0.9153,0,57.531381,0.473651,12.882679,0,239,0,8,0.570864,1,0,0.953125,0.660377,0.029289,7,0,1,13,80,0,1,1,72,14
judge_on_instability,94,4034074678193,resonance-routing.judge_on_instability.r094.s4034074678193,sha256:1e968e410245453efefa5fc5172793b12471b0799c4a8bc3c13d943c697983bc,sha256:a285377e5c4051a36662da4469edbfc77721d6d4cab52c3d39a1d0069ebf67ad,80,max_ticks,,232,0.908333,218,47,3,0.033333,2,3,3,2,3,0.713658,47,0.06383,3,0,0.9131,0,57.291667,0.4724,13.863438,0,240,0,8,0.569615,1,0,0.859375,0.657277,0.029167,7,0,1,13,80,0,1,1,73,14
judge_on_instability,95,160006209284117,resonance-routing.judge_on_instability.r095.s160006209284117,sha256:7bfa52be8f120c2bd5bb88c38b4ebeb76b4568f1efb7ce18df9fdf985e939419,sha256:59ad6c26a18d00a1c141304c65511feaf6dc35238f2b02a8195966f83487af6e,80,max_ticks,,231,0.90795,217,41,3,0.033473,2,3,3,2,3,0.773063,47,0.06383,3,0,0.9116,0,57.531381,0.47303,12.106267,0,239,0,8,0.591061,1,0,0.953125,0.660377,0.029289,7,0,1,13,80,0,1,1,72,14
judge_on_instability,96,124596252208084,resonance-routing.judge_on_instability.r096.s124596252208084,sha256:5cb58680ec9df590ea0230792e9fa90ce14dd30d873e86caffc38c6bebd4c0b5,sha256:df4f4df0ce449292fb93b8e6ba422a1b7523df05fc438a0f9ad20dbafcc8b951,80,max_ticks,,234,0.904959,219,42,0,0.033058,2,3,3,2,4,0.748918,47,0.085106,4,0,0.9097,0,44.421488,0.473699,9.94545,0,242,0,8,0.539494,1,0,1,0.663551,0.020661,7,0,1,13,80,0,1,1,72,15
judge_on_instability,97,108176812626590,resonance-routing.judge_on_instability.r097.s108176812626590,sha256:79655395c3884f8c2ff8597b09087db5e079952b0a5faaa2c58dbe8a66f69512,sha256:e8eb9afa02365e52dd2dcf57b5c460a8aa7d6b20d49ae23745192a7ec0b98513,80,max_ticks,,232,0.908333,218,42,3,0.033333,2,3,3,2,3,0.767751,47,0.06383,3,0,0.908,0,57.291667,0.472066,11.616963,0,240,0,8,0.569281,1,0,0.953125,0.657277,0.029167,7,0,1,13,80,0,1,1,73,14
judge_on_instability,98,51788843314953,resonance-routing.judge_on_instability.r098.s51788843314953,sha256:869d46cd8fe6fa908425b94ac21337090143cbf61cf2f728a38e78d306c37af7,sha256:76d4b951de16db125af7d90da6f8dee85f58e70a880204b679f6a033f6820a66,80,max_ticks,,230,0.907563,216,42,3,0.033613,2,3,3,2,3,0.782479,47,0.06383,3,0,0.9104,0,57.773109,0.472523,12.463958,0,238,0,8,0.58648,1,0,0.953125,0.668246,0.029412,7,0,1,13,80,0,1,1,70,14
judge_on_instability,99,265824573729829,resonance-routing.judge_on_instability.r099.s265824573729829,sha256:f3efe8462bc3ad7db0eb9113c46496c583c3406b17a1b1c14198dcfe371a01a4,sha256:8a545f9f12f626b299c8936195df5317f582351ccf850e67fefc1f16874e46ff,80,max_ticks,,224,0.905172,210,42,3,0.034483,2,3,3,2,3,0.779489,47,0.06383,3,0,0.9142,0,59.267241,0.472581,12.212292,0,232,0,8,0.584221,1,0,0.890625,0.682927,0.030172,7,0,1,13,80,0,1,1,65,14
